IDNUMERO_ DE REPORTE,ÁREA ,TURNO,LÍNEA ,EQUIPO,CÓDIGO_SUBSISTEMA,SUPERVISOR,ESTATUS,REPORTA,TIPO DE FALLA,FECHA DE INICIO,HORA DE INICIO,FECHA DE CIERRE,HORA DE CIERRE,TIEMPO DE PROCURA,DOWNTIME
6ff1c160,VACÍO,TURNO 1,LINEA 3,TECMI,,RICARDO,FINALIZADO,TECNICO,CAMBIO DE LONA MESA NUMERO TRES POR DAÑO EN REVESTIMIENTO INTERNO,26/03/2026,13:42:48,26/03/2026,13:57:54,,0:15:06
,,,,,,,,,,,,,,,
9924239d,VACÍO,TURNO 1,LINEA 3,ETIQUETADORA,,YOLIANNY,FINALIZADO,SUPERVISOR,AJUSTES EN MAGAZING Y UÑAS LATERALES,31/03/2026,12:40:31,31/03/2026,12:41:51,,0:01:20
da7acae8,VACÍO,TURNO 1,LINEA 3,ETIQUETADORA,,YOLIANNY,FINALIZADO,SUPERVISOR,Etiquetadora falla en la unidad Nordson,31/03/2026,12:50:16,31/03/2026,13:00:00,,0:09:44
60489374,VACÍO,TURNO 1,LINEA 3,ETIQUETADORA,,YOLIANNY,FINALIZADO,SUPERVISOR,Caída de temperatura de unidad nordson de pistola #1 debido a alarma f3,31/03/2026,9:45:00,31/03/2026,9:55:00,,0:10:00
2b49df48,VACÍO,TURNO 2,LINEA 3,DESPALETIZADOR,,EUSTORGIO,FINALIZADO,SUPERVISOR,"Carro se detiene a desnivel con respecto a la mesa, se nivela de manera manual y se reanuda modo automático",31/03/2026,16:40:00,31/03/2026,17:03:00,,0:23:00
24998f71,ASÉPTICO,TURNO 2,LINEA 1,CBP32,,EUSTORGIO,FINALIZADO,SUPERVISOR,Se resetea alarma de temperatura en unidad Nordson,31/03/2026,16:52:00,31/03/2026,16:54:00,,0:02:00
c3849f84,ASÉPTICO,TURNO 2,LINEA 1,CBP32,,EUSTORGIO,FINALIZADO,SUPERVISOR,Se ajusta prensa por presentar cajas con solapas abiertas,31/03/2026,18:52:00,31/03/2026,19:06:00,,0:14:00
63a3685c,ASÉPTICO,TURNO 2,LINEA 3,TAVIL,,EUSTORGIO,FINALIZADO,SUPERVISOR,Se repaletiza paleta rota,31/03/2026,16:39:00,31/03/2026,16:39:00,,0:00:00
522c2c88,ASÉPTICO,TURNO 2,LINEA 3,HELIX,,EUSTORGIO,FINALIZADO,SUPERVISOR,Se sacan envases girados en el transportador de salida,31/03/2026,17:02:00,31/03/2026,17:09:00,,0:07:00
fcca6d3b,ASÉPTICO,TURNO 2,LINEA 3,HELIX,,EUSTORGIO,FINALIZADO,SUPERVISOR,Se sacan envases girados en el transportador de salida,31/03/2026,17:38:00,31/03/2026,17:45:00,,0:07:00
d213321e,ASÉPTICO,TURNO 2,LINEA 3,A3CFLEX,,EUSTORGIO,FINALIZADO,SUPERVISOR,Se ajustan barandas de salida de la llenadora por presencia de envases girados,31/03/2026,20:30:00,31/03/2026,20:39:00,,0:09:00
4fbd69f5,ASÉPTICO,TURNO 3,LINEA 1,HELIX,,RICARDO,FINALIZADO,SUPERVISOR,"FALLA DE ENVASES CAIDOS Y MALTRTADOS. SOLUCION: SE PROCEDE A SUSTITUIR ESLABON PARTIDO,SE AJUSTA POSICIÓN DE GUIAS DE LA ARAÑA YA QUE MALTRATA ELPRIMER ENVASE.",01/04/2026,11:33:32,01/04/2026,11:41:28,,0:07:56
2575d2b0,ASÉPTICO,TURNO 3,LINEA 3,FW32,,RICARDO,FINALIZADO,SUPERVISOR,"CAIDA DE TREEPACK, CAUSA ENVASES INCLINADOS. SOLUCION: SE AJUSTA ANGULO DE PALA EMPUJADORA.",01/04/2026,12:07:47,01/04/2026,12:12:32,,0:04:45
7e1d9854,ASÉPTICO,TURNO 2,LINEA 3,A3CFLEX,,EUSTORGIO,FINALIZADO,SUPERVISOR,MAL FORMACIÓN DE ENVASES POR VOLUMEN INESTABLE. SOLUCION: SE SUSTITUYE UP DE LLENADO POR EL DE LA LLENADORA DE LINEA 2.,01/04/2026,12:33:24,01/04/2026,12:38:58,,0:05:34
64e6847d,ASÉPTICO,TURNO 2,LINEA 1,CBP32,,EUSTORGIO,FINALIZADO,SUPERVISOR,SOLAPA DE ENVOLTURA DESPEGADA. SOLUCION: SE SUSTITUYE BOQUILLA TAPADA.,01/04/2026,14:09:41,01/04/2026,14:18:40,,0:08:59
b3bb3b9e,ASÉPTICO,TURNO 1,LINEA 1,CBP32,,YOLIANNY,FINALIZADO,SUPERVISOR,Reemplazo de ventosa dañada y falla de dosificación de boquilla izquierda se realizó purga de la pistola.,01/04/2026,20:48:25,01/04/2026,20:53:00,,0:04:35
f36db69d,ASÉPTICO,TURNO 1,LINEA 3,A3CFLEX,,YOLIANNY,FINALIZADO,SUPERVISOR,"ALARMA FOTOCELDA NO DETECTADA, SE REEMPLAZA Y QUEDA OPERATIVA.",01/04/2026,21:09:29,01/04/2026,21:17:15,,0:07:46
8d1740f0,VACÍO,TURNO 1,LINEA 3,LLENADORA ELMAR,,YOLIANNY,FINALIZADO,SUPERVISOR,"CAMBIO DE SENSOR CAPACITIVO DE PRESENCIA DE ENVASES, ACCIONAMIENTO DEL CILINDRO DE APERTURA DE VALVULAS.",01/04/2026,21:35:08,01/04/2026,21:39:51,,0:04:43
1359dab7,VACÍO,TURNO 3,LINEA 3,TECMI,,YOLIANNY,FINALIZADO,SUPERVISOR,RODILLOS DESGASTE EN DIÁMETRO DE VULCANIZADO,02/04/2026,5:44:32,02/04/2026,5:46:00,,0:01:28
50ecf969,VACÍO,TURNO 1,LINEA 3,DOMINO,,YOLIANNY,FINALIZADO,SUPERVISOR,DOMINO REPARACIÓN DEL CABLE DEL SENSOR CAPACITIVO POR FALSO CONTACTO,02/04/2026,6:04:08,02/04/2026,6:09:00,,0:04:52
84f5def8,ASÉPTICO,TURNO 3,LINEA 3,HELIX,,RICARDO,FINALIZADO,SUPERVISOR,CAÍDA DE ENVASES A LA SALIDA DEL HELIX.  SOLUCIÓN SE POSICIONA GUÍA DE ARAÑA,02/04/2026,8:03:36,02/04/2026,8:08:00,,0:04:24
c2ac06cc,ASÉPTICO,TURNO 3,LINEA 3,HELIX,,RICARDO,FINALIZADO,SUPERVISOR,"Helix trancamiento de rodamiento en base de la araña, se lubrica y ajustan por giro de envases",02/04/2026,17:55:17,02/04/2026,18:04:00,,0:08:43
f6018417,ASÉPTICO,TURNO 1,LINEA 3,TAVIL,,YOLIANNY,FINALIZADO,SUPERVISOR,AJUSTE DE COORDENADAS DE MOSAICO TPA200,31/03/2026,8:28:24,31/03/2026,8:40:00,,0:11:36
d3182290,ASÉPTICO,TURNO 3,LINEA 3,A3CFLEX,,RICARDO,FINALIZADO,SUPERVISOR,"-Falla: Temperatura baja en resistencia de parada corta.

-Solución: Se procede a verificar condiciones de voltaje en el la resistencia de parada corta y se determina que la resistencia se encuentra abierta, se envía llenadora a Limpieza y se retira resistencia para ser sustituida por el grupo entrante.",06/04/2026,20:08:18,07/04/2026,1:12:02,,5:03:44
484f3bb5,ASÉPTICO,TURNO 3,LINEA 1,CBP32,,YOLIANNY,FINALIZADO,SUPERVISOR,Solapa de envoltura despegada,06/04/2026,2:17:05,06/04/2026,2:45:00,,0:27:55
5fcfd60f,ASÉPTICO,TURNO 3,LINEA 1,CBP32,,YOLIANNY,FINALIZADO,SUPERVISOR,Solapa de envoltura despegada,06/04/2026,2:46:00,06/04/2026,2:48:00,,0:02:00
9574ffa7,ASÉPTICO,TURNO 3,LINEA 1,CBP32,,YOLIANNY,FINALIZADO,SUPERVISOR,Solapa de envoltura despegada,06/04/2026,2:53:00,06/04/2026,3:12:00,,0:19:00
d2089065,ASÉPTICO,TURNO 3,LINEA 1,CBP32,,YOLIANNY,FINALIZADO,SUPERVISOR,Solapa de envoltura despegada,06/04/2026,3:20:00,06/04/2026,3:40:00,,0:20:00
ae2ec42b,ASÉPTICO,TURNO 3,LINEA 1,TAVIL,,YOLIANNY,FINALIZADO,SUPERVISOR,Falla de armado de mosaico,06/04/2026,3:51:00,06/04/2026,4:06:00,,0:15:00
960deb2f,ASÉPTICO,TURNO 3,LINEA 1,TAVIL,,YOLIANNY,FINALIZADO,SUPERVISOR,Falla de movimiento,06/04/2026,4:17:00,06/04/2026,4:27:00,,0:10:00
07951edd,ASÉPTICO,TURNO 3,LINEA 1,TAVIL,,YOLIANNY,FINALIZADO,SUPERVISOR,Falla de armado de mosaico,06/04/2026,4:31:43,06/04/2026,4:40:47,,0:09:04
bf5c3cf5,ASÉPTICO,TURNO 3,LINEA 1,CBP32,,YOLIANNY,FINALIZADO,SUPERVISOR,Solapa de envoltura despegada,06/04/2026,4:47:05,06/04/2026,5:00:00,,0:12:55
2c7afc95,ASÉPTICO,TURNO 3,LINEA 3,A3CFLEX,,YOLIANNY,FINALIZADO,SUPERVISOR,Reemplazo de resistencia de  elemento de parada corta.,06/04/2026,22:30:21,07/04/2026,1:11:27,,2:41:06
125de2f5,ASÉPTICO,TURNO 3,LINEA 3,TAVIL,,YOLIANNY,FINALIZADO,SUPERVISOR,Falla de accionamiento de transportador de salida debido a sensor desenfocado,06/04/2026,3:46:23,06/04/2026,4:07:33,,0:21:10
97fb0bdd,ASÉPTICO,TURNO 3,LINEA 3,TAVIL,,YOLIANNY,FINALIZADO,SUPERVISOR,Parada debido a intervención de robot de línea 1 ya que al no estar activo este último no permite el arranque de rodillos transportadores de salida de CBP32,06/04/2026,4:28:07,06/04/2026,4:55:01,,0:26:54
e6d6197b,ASÉPTICO,TURNO 2,LINEA 3,FW32,,RICARDO,FINALIZADO,SUPERVISOR,"-Falla: Ruptura de envases en el empujandor.

-Solución: La causa raíz del problema se debió a la falta de unos separadores de la guarda del transportador de entrada, lo cual ocasionaba que el transportador colisione con la guarda provocando la caída del envase y la ruptura del mismo.

Se procede a colocar los separadores en la guarda y continuar operaciones.",07/04/2026,19:31:00,07/04/2026,19:45:00,,0:14:00
11771314,ASÉPTICO,TURNO 3,LINEA 3,TAVIL,,YOLIANNY,FINALIZADO,SUPERVISOR,Falla: Atasco de paletas en carro de palet lleno debido a mal estado de las mismas,07/04/2026,23:30:00,07/04/2026,23:42:00,,0:12:00
3ecd350b,ASÉPTICO,TURNO 3,LINEA 3,TAVIL,,YOLIANNY,FINALIZADO,SUPERVISOR,Falla: Atasco de paletas robot linea 3 debido a mal estado de las mismas,07/04/2026,1:30:00,07/04/2026,1:39:00,,0:09:00
ccba8366,ASÉPTICO,TURNO 3,LINEA 3,TAVIL,,YOLIANNY,FINALIZADO,SUPERVISOR,Falla: Atasco de paletas robot linea 3 debido a mal estado de las mismas,07/04/2026,1:54:00,07/04/2026,2:03:00,,0:09:00
15e80ffc,ASÉPTICO,TURNO 3,LINEA 1,TAVIL,,YOLIANNY,FINALIZADO,SUPERVISOR,Falla: Atasco de paletas robot aséptico debido a mal estado de las mismas,07/04/2026,23:37:00,07/04/2026,23:42:00,,0:05:00
c593dd65,ASÉPTICO,TURNO 3,LINEA 1,CAP,,YOLIANNY,FINALIZADO,SUPERVISOR,Maltrato de envase en entrada,07/04/2026,2:44:00,07/04/2026,2:51:00,,0:07:00
3e44b214,ASÉPTICO,TURNO 2,LINEA 1,CBP32,,RICARDO,FINALIZADO,SUPERVISOR,"-Falla: Mal posicionamiento del cartón el carro arrastrador.

-Solución: La causa raíz del problema de debe por fuga de aire en la ventosa, ""Ruptura de ventosa"", se procede a sustituir ventosa y continuar producción.",08/04/2026,17:12:00,08/04/2026,17:25:00,,0:13:00
9dda0174,ASÉPTICO,TURNO 2,LINEA 2,TAVIL,,RICARDO,FINALIZADO,SUPERVISOR,"Falla: Desenfoque de sensores y reflectores en bateria robot tavil.

La falla ocasiona, el mal armado del Mosaico ya que tumba una de las cajas en la sortida de 06 unidades. Se procede a enfocar Sensor reflector.",08/04/2026,15:30:00,08/04/2026,15:35:00,,0:05:00
d50c919a,ASÉPTICO,TURNO 2,LINEA 2,FW32,,RICARDO,FINALIZADO,SUPERVISOR,"Falla: Caída de envases en el transportador de salida de la film 

-Solución: La falla consiste en la tranferencia del tripack con respecto al transportador de salida, la misma colisiona con el transportador, se procedió a colocar suplementos en guías de transferencia para aumenta la altura  y quedar alineada con el transportador, se prueba y se entrega operativo.",08/04/2026,16:44:00,08/04/2026,16:50:00,,0:06:00
f558253b,ASÉPTICO,TURNO 2,LINEA 2,TAVIL,,RICARDO,FINALIZADO,SUPERVISOR,Atasco de paletas por malas condiciones,08/04/2026,18:00:00,08/04/2026,18:25:00,,0:25:00
0a93c104,ASÉPTICO,TURNO 3,LINEA 3,A3CFLEX,,YOLIANNY,FINALIZADO,SUPERVISOR,Mala alineación de empalme izquierda a derecha solucion: se ajusta mesa de corte derecha.,08/04/2026,0:31:00,08/04/2026,0:47:00,,0:16:00
d982b98b,ASÉPTICO,TURNO 3,LINEA 3,A3CFLEX,,YOLIANNY,FINALIZADO,SUPERVISOR,Mala alineación de empalme izquierda a derecha solucion: se ajusta mesa de corte derecha.,08/04/2026,2:48:00,08/04/2026,2:56:00,,0:08:00
d35514ac,ASÉPTICO,TURNO 3,LINEA 3,A3CFLEX,,YOLIANNY,FINALIZADO,SUPERVISOR,Mala alineación de empalme izquierda a derecha solucion: se ajusta mesa de corte derecha.,08/04/2026,5:23:00,08/04/2026,5:38:00,,0:15:00
d193ac0e,ASÉPTICO,TURNO 2,LINEA 2,HELIX,,RICARDO,FINALIZADO,SUPERVISOR,"Helix: Falla: Se dispara guarda motor, Sobre Carga de motor del transportador de salida.

-Solución: Se verifican condiciones en el panel y se observa guarda disparado, se procede a lubricar transportador de salida con lubricante dicoluble, por otro lado se realiza aclarado, se miden condiciones eléctricas de consumo en el motor encontrándose en buen estado. Se entrega el equipo operativo.",09/04/2026,16:41:00,09/04/2026,17:30:00,,0:49:00
204529fa,ASÉPTICO,TURNO 3,LINEA 2,A3CFLEX,,YOLIANNY,FINALIZADO,SUPERVISOR,"Se percibe ligero indicio de fuga de tinta durante los análisis de integridad, esto producto de desgaste excesivo y deformación de rodillo de contrapresión de elemento de AT. Se ajusta posición de rodillo, se aplica calor para mecanizar ligeramente rodillo.",09/04/2026,0:43:00,09/04/2026,0:46:00,,0:03:00
936fbcc1,ASÉPTICO,TURNO 3,LINEA 2,A3CFLEX,,YOLIANNY,FINALIZADO,SUPERVISOR,"Se percibe ligero indicio de fuga de tinta durante los análisis de integridad, esto producto de desgaste excesivo y deformación de rodillo de contrapresión de elemento de AT. Se ajusta posición de rodillo, se aplica calor para mecanizar ligeramente rodillo.",09/04/2026,2:27:00,09/04/2026,2:32:00,,0:05:00
da8daff7,ASÉPTICO,TURNO 3,LINEA 2,FW32,,YOLIANNY,FINALIZADO,SUPERVISOR,Caída de envases en entrada,09/04/2026,3:02:00,09/04/2026,3:22:00,,0:20:00
e430fec2,ASÉPTICO,TURNO 3,LINEA 2,A3CFLEX,,YOLIANNY,FINALIZADO,SUPERVISOR,"Se percibe ligero indicio de fuga de tinta durante los análisis de integridad, esto producto de desgaste excesivo y deformación de rodillo de contrapresión de elemento de AT. Se ajusta posición de rodillo, se aplica calor para mecanizar ligeramente rodillo.",09/04/2026,3:29:47,09/04/2026,3:52:29,,0:22:42
9595ba2f,ASÉPTICO,TURNO 2,LINEA 1,CBP32,,YOLIANNY,FINALIZADO,SUPERVISOR,"Solapas de envoltura despegadas, se realizan ajustes en prensa.",13/04/2026,16:54:05,13/04/2026,17:14:00,,0:19:55
045640b5,ASÉPTICO,TURNO 2,LINEA 1,CBP32,,YOLIANNY,FINALIZADO,SUPERVISOR,"Atasco de envases en empujador, se ajusta placa de transferencia.",13/04/2026,17:48:00,13/04/2026,17:55:00,,0:07:00
06cade92,ASÉPTICO,TURNO 2,LINEA 1,CBP32,,YOLIANNY,FINALIZADO,SUPERVISOR,"Atasco de envases en empujador, ajustes en placa de transferencia.",13/04/2026,18:14:00,13/04/2026,18:18:00,,0:04:00
4efbfbdd,ASÉPTICO,TURNO 2,LINEA 1,A3FLEX,,YOLIANNY,FINALIZADO,SUPERVISOR,Falla de comunicación  (Tpop muestra alarma de comunicación) se reinicia para eliminar error de comunicación.,13/04/2026,19:20:00,13/04/2026,19:29:00,,0:09:00
a5eb072b,ASÉPTICO,TURNO 2,LINEA 1,A3FLEX,,YOLIANNY,FINALIZADO,SUPERVISOR,Falla de comunicación (TPOP muestra alarma de comunicación) se reinicia para eliminar error de comunicación.,13/04/2026,20:16:00,13/04/2026,20:31:00,,0:15:00
49ce7c9c,ASÉPTICO,TURNO 2,LINEA 1,TAVIL,,YOLIANNY,FINALIZADO,SUPERVISOR,Paleta atascada debido a mal estado de la misma,13/04/2026,19:41:07,13/04/2026,20:01:00,,0:19:53
09a2409e,ASÉPTICO,TURNO 2,LINEA 2,ALMIX,,YOLIANNY,FINALIZADO,SUPERVISOR,Coleo en preparación debido a intervención del equipo,13/04/2026,20:15:45,13/04/2026,21:35:00,,1:19:15
783a8b16,ASÉPTICO,TURNO 2,LINEA 2,A3CFLEX,,YOLIANNY,FINALIZADO,SUPERVISOR,Instalación de portabobina,13/04/2026,17:11:57,13/04/2026,18:00:00,,0:48:03
c0cc5c71,ASÉPTICO,TURNO 2,LINEA 2,A3CFLEX,,YOLIANNY,FINALIZADO,SUPERVISOR,Falla de temperatura de SL,13/04/2026,15:13:16,13/04/2026,15:26:00,,0:12:44
8f208f84,ASÉPTICO,TURNO 3,LINEA 2,A3CFLEX,,EUSTORGIO,FINALIZADO,SUPERVISOR,Se drena y recarga peróxido,13/04/2026,22:30:00,13/04/2026,22:37:00,,0:07:00
b85f9e44,ASÉPTICO,TURNO 3,LINEA 2,TAVIL,,EUSTORGIO,FINALIZADO,SUPERVISOR,Se enfoca sensor de presencia de paleta en el carro de palets vacíos,13/04/2026,23:35:00,13/04/2026,23:41:00,,0:06:00
,,,,,,,,,,,,,,,
3ee44cce,ASÉPTICO,TURNO 3,LINEA 1,TAVIL,,EUSTORGIO,FINALIZADO,SUPERVISOR,Se enfoca sensor de presencia de carro de palets vacíos,13/04/2026,23:45:00,14/04/2026,0:00:00,,0:15:00
993bef1c,ASÉPTICO,TURNO 3,LINEA 1,CBP32,,EUSTORGIO,FINALIZADO,SUPERVISOR,"Se sacan envases atorados en el transportador de entrada,maltrato al pasar por la placa de transferencia. Causa: arrastradores demasiado cerrados. Solucion: ajuste de la placa de transferencia.",14/04/2026,0:18:00,14/04/2026,0:38:00,,0:20:00
6a8b8eaf,ASÉPTICO,TURNO 3,LINEA 1,A3FLEX,,EUSTORGIO,FINALIZADO,SUPERVISOR,"Se sincroniza plegadora vía TPOP, se reinicia para eliminar error de comunicación.",14/04/2026,0:38:00,14/04/2026,0:36:00,,23:58:00
12589452,ASÉPTICO,TURNO 3,LINEA 1,CBP32,,EUSTORGIO,FINALIZADO,SUPERVISOR,Se enfoca en varias ocasiones el sensor de salida del transportador,14/04/2026,1:00:00,14/04/2026,2:03:00,,1:03:00
59c17e00,ASÉPTICO,TURNO 3,LINEA 1,CBP32,,EUSTORGIO,FINALIZADO,SUPERVISOR,Se referencia empujador vía TPOP,14/04/2026,4:05:00,14/04/2026,4:12:00,,0:07:00
2086dd2b,ASÉPTICO,TURNO 2,LINEA 2,A3CFLEX,,YOLIANNY,FINALIZADO,SUPERVISOR,Alarma de temperatura de calentador de solapas fuera de rango debido a guardamotor disparado en tablero eléctrico principal,14/04/2026,16:16:18,14/04/2026,16:23:10,,0:06:52
f1b05071,ASÉPTICO,TURNO 2,LINEA 3,A3CFLEX,,YOLIANNY,FINALIZADO,SUPERVISOR,"Retraso en el arranque debido a Falla de comunicación en controlador de línea. Devicenet presenta alarma roja mostrando error E78 en los nodos del 1 al 16. TPOP de controlador muestra error de motor de transportador de salida (Movifit). Se realiza inspección detallada señal a señal de PLC y se detecta que la causa raíz es la falta de la señal de reset principal lo que ocasionaba que el pluto no rearmara, impidiendo la activación de las señales de salidas de este.",14/04/2026,15:00:00,14/04/2026,21:20:08,,6:20:08
e7c22ad1,ASÉPTICO,TURNO 2,LINEA 3,A3CFLEX,,YOLIANNY,FINALIZADO,SUPERVISOR,"Alarma de posición incorrecta de válvula A, se ajusta posición de sensor detector.",14/04/2026,21:30:04,14/04/2026,21:37:05,,0:07:01
23f5e999,ASÉPTICO,TURNO 2,LINEA 3,A3CFLEX,,YOLIANNY,FINALIZADO,SUPERVISOR,Atasco de envases en plegadora.,14/04/2026,21:50:00,14/04/2026,22:10:56,,0:20:56
885a4fe7,ASÉPTICO,TURNO 2,LINEA 3,A3CFLEX,,YOLIANNY,FINALIZADO,SUPERVISOR,Posición incorrecta de elemento de para corta de AT,14/04/2026,22:19:10,14/04/2026,22:30:00,,0:10:50
b9766efe,ASÉPTICO,TURNO 3,LINEA 2,TAVIL,,EUSTORGIO,FINALIZADO,SUPERVISOR,"Paleta en mal estado atorada en el transportador de palets llenos, se saca de manera manual",15/04/2026,0:20:00,15/04/2026,0:49:00,,0:29:00
7e78385c,ASÉPTICO,TURNO 3,LINEA 1,TAVIL,,EUSTORGIO,FINALIZADO,SUPERVISOR,"Paleta en mal estado atorada en el transportador de salida, se saca de manera manual",15/04/2026,1:42:00,15/04/2026,2:02:00,,0:20:00
b8ff5c7e,ASÉPTICO,TURNO 3,LINEA 2,TAVIL,,EUSTORGIO,FINALIZADO,SUPERVISOR,"Paleta en mal estado atorada en el transportador de palets llenos, se saca de manera manual",15/04/2026,1:38:00,15/04/2026,1:54:00,,0:16:00
c4cee8b2,ASÉPTICO,TURNO 3,LINEA 1,TAVIL,,EUSTORGIO,FINALIZADO,SUPERVISOR,Se sustituye empate sencillo paso 50 en la cadena motriz de la plataforma de salida de la enfardadora,15/04/2026,2:48:00,15/04/2026,3:01:00,,0:13:00
cba9b0e3,ASÉPTICO,TURNO 3,LINEA 2,FW32,,EUSTORGIO,FINALIZADO,SUPERVISOR,"El TPOP muestra alarma de cilindro de la sufridera, se ajusta sensor en varias ocasiones.",15/04/2026,3:13:00,15/04/2026,4:35:00,,1:22:00
b4b14bdb,ASÉPTICO,TURNO 3,LINEA 1,CBP32,,EUSTORGIO,FINALIZADO,SUPERVISOR,"Se regula aire del cilindro de la guillotina, se apaga y enciende el equipo",15/04/2026,4:49:00,15/04/2026,4:24:00,,23:35:00
01cada34,ASÉPTICO,TURNO 3,LINEA 3,A3CFLEX,,EUSTORGIO,FINALIZADO,SUPERVISOR,"Se ajustan rodillos de presión y contrapresión del AT, se ajusta sensor de posición del cilindro de parada corta del AT, se coloca retén faltante al eje del cilindro.",14/04/2026,22:30:00,15/04/2026,7:00:00,,8:30:00
a80cd318,ASÉPTICO,TURNO 3,LINEA 1,TAVIL,,EUSTORGIO,FINALIZADO,SUPERVISOR,"Paleta en mal está atorada, se saca de manera manual.",15/04/2026,6:00:00,15/04/2026,6:32:00,,0:32:00
e7b62b0f,ASÉPTICO,TURNO 3,LINEA 2,FW32,,EUSTORGIO,FINALIZADO,SUPERVISOR,Se ajusta posición del sensor del cilindro de la sufridera,15/04/2026,5:00:00,15/04/2026,5:55:00,,0:55:00
5eca7597,ASÉPTICO,TURNO 3,LINEA 2,TAVIL,,EUSTORGIO,FINALIZADO,SUPERVISOR,Paleta atorada,15/04/2026,6:23:00,15/04/2026,6:32:00,,0:09:00
8eb81332,ASÉPTICO,TURNO 2,LINEA 3,A3CFLEX,,RICARDO,FINALIZADO,SUPERVISOR,"Unidad de alimentación, fallo  adquisición posición de referencia: se realiza la intervención del equipo se observa cable de sensor T50B1300 partido, se procede a realizar la sustitución del mismo. Queda operativo.",15/04/2026,19:10:02,15/04/2026,20:47:00,,1:36:58
c955b93b,ASÉPTICO,TURNO 2,LINEA 3,A3CFLEX,,RICARDO,PENDIENTE,SUPERVISOR,"Falla: Mal formación del envase. ""Pestañas superior"" y unidad de alimentación, fallo  adquisición posición de referencia.

Solución: Se presenta par de fallas en la intervención del equipo el,cual se destacan a continuación.

Mal formación del envase. ""Pestañas superior: Falla principal de la parada , se procede a realizar medidas de los tacos de empujadores según MM, por otro lado se aumenta ancho de guías centrales de la plegadora, por otro lado se justa compensación del transportador de entrada a 80 mm. Al finalizar el turno la falla continúa.",15/04/2026,21:12:03,,,,
64bafa96,ASÉPTICO,TURNO 3,LINEA 3,TAVIL,,EUSTORGIO,FINALIZADO,SUPERVISOR,"Paleta dañada se queda atorada en el carro de palets llenos, se saca de manera manual",16/04/2026,0:49:00,16/04/2026,0:49:00,,0:00:00
,,,,,,,,,,,,,,,
2599cdf9,ASÉPTICO,TURNO 3,LINEA 3,A3CFLEX,,EUSTORGIO,FINALIZADO,SUPERVISOR,"En el empalme de bobina se despega la tira y se enrolla en uno de los rodillos de la cámara aséptica, se corta la tira antes de entrar en la cámara aséptica y se le coloca tiro, se hala tubo hasta que la tira sale nuevamente.",16/04/2026,1:40:00,16/04/2026,2:15:00,,0:35:00
fe2e9ea3,ASÉPTICO,TURNO 3,LINEA 3,A3CFLEX,,EUSTORGIO,FINALIZADO,SUPERVISOR,Se resetea falla de sincronización de plegadora vía TPOP,16/04/2026,2:52:00,16/04/2026,2:52:00,,0:00:00
679cb195,ASÉPTICO,TURNO 3,LINEA 3,A3CFLEX,,EUSTORGIO,FINALIZADO,SUPERVISOR,Se resetea falla de rodillo péndulo vía TPOP,16/04/2026,3:19:00,16/04/2026,3:19:00,,0:00:00
615a50ba,ASÉPTICO,TURNO 3,LINEA 3,HELIX,,EUSTORGIO,FINALIZADO,SUPERVISOR,Se abre agua para lubricar transportador y evitar la caída de envases a la salida,16/04/2026,3:40:00,16/04/2026,3:49:00,,0:09:00
0b4f2cd2,ASÉPTICO,TURNO 3,LINEA 3,A3CFLEX,,EUSTORGIO,FINALIZADO,SUPERVISOR,"No realiza empalme de forma automática, no se observan anomalías, se realiza empalme de forma manual.",16/04/2026,4:28:00,16/04/2026,4:28:00,,0:00:00
62847a29,ASÉPTICO,TURNO 2,LINEA 3,TAVIL,,YOLIANNY,FINALIZADO,SUPERVISOR,Desenfoque de sensor de batería impedía el accionamiento correcto de los rodillos transportadores,16/04/2026,15:00:00,16/04/2026,15:19:00,,0:19:00
2e3b5924,ASÉPTICO,TURNO 2,LINEA 3,A3CFLEX,,YOLIANNY,FINALIZADO,SUPERVISOR,"Alarma de recodo vacío, se elimina alarma por tpop permitiendo dar continuidad a la producción.",16/04/2026,15:29:49,16/04/2026,15:37:27,,0:07:38
6a10cc56,ASÉPTICO,TURNO 2,LINEA 3,HELIX,,YOLIANNY,FINALIZADO,SUPERVISOR,Atasco de envases en araña debido a envases con exceso de nitrógeno. Se realiza ajuste de regulación de nitrógeno,16/04/2026,18:48:19,16/04/2026,19:11:01,,0:22:42
55fae582,ASÉPTICO,TURNO 2,LINEA 2,A3CFLEX,,YOLIANNY,FINALIZADO,SUPERVISOR,Caída de programa debido a falla de sensor Adam de seguridad de puerta de cámara aséptica superior,16/04/2026,16:40:11,16/04/2026,17:17:18,,0:37:07
d2c0599e,ASÉPTICO,TURNO 2,LINEA 2,FW32,,YOLIANNY,FINALIZADO,SUPERVISOR,Ruptura de envases en transferencia hacia la zona de contracción debido a pusher plates (palas) flojos. Se reemplaza tornilleria de base de los mismos con lo cual permite dar continuidad a la producción,16/04/2026,17:35:17,16/04/2026,18:21:04,,0:45:47
36530157,ASÉPTICO,TURNO 2,LINEA 3,CBP32,,YOLIANNY,FINALIZADO,SUPERVISOR,Maltrato de envases en zona de agrupación. Se realizan ajustes de guías de agrupador.,16/04/2026,19:21:04,16/04/2026,19:58:14,,0:37:10
db91541d,ASÉPTICO,TURNO 2,LINEA 2,FW32,,YOLIANNY,FINALIZADO,SUPERVISOR,Máquina no realiza sellado mostrando alarma de falla de sellado. Se ajusta placa de sensor de soldador,16/04/2026,19:36:00,16/04/2026,19:46:00,,0:10:00
961afc6b,ASÉPTICO,TURNO 2,LINEA 2,FW32,,YOLIANNY,FINALIZADO,SUPERVISOR,Máquina no realiza sellado mostrando alarma de falla de sellado. Se ajusta placa de sensor de soldador,16/04/2026,19:59:25,16/04/2026,20:15:00,,0:15:35
effeb737,ASÉPTICO,TURNO 2,LINEA 2,CBP32,,YOLIANNY,FINALIZADO,SUPERVISOR,Falla en la entrega de cartón debido a succión de ventosa deficiente. Se destapa filtro de ventosa superior el cual se encontraba tapado,16/04/2026,20:20:31,16/04/2026,20:43:00,,0:22:29
a29964ce,ASÉPTICO,TURNO 2,LINEA 2,FW32,,YOLIANNY,FINALIZADO,SUPERVISOR,Ruptura de placa de sensor detector de posición de soldador. Se retira pieza de Fw32 de línea 3 a fin de dar continuidad a la producción,16/04/2026,20:53:01,16/04/2026,21:20:03,,0:27:02
643ffa5b,ASÉPTICO,TURNO 2,LINEA 3,A3CFLEX,,YOLIANNY,FINALIZADO,SUPERVISOR,"Maltrato en el envase, se envía máquina a limpieza para su revisión posterior ya que a simple vista no se observan anomalías.",16/04/2026,22:10:39,17/04/2026,3:00:00,,4:49:21
f0d36909,ASÉPTICO,TURNO 3,LINEA 2,A3CFLEX,,EUSTORGIO,FINALIZADO,SUPERVISOR,"El AT no realiza el empalme de forma automática, se realiza de modo manual",16/04/2026,22:40:00,16/04/2026,22:53:00,,0:13:00
cc41a315,ASÉPTICO,TURNO 3,LINEA 2,TAVIL,,EUSTORGIO,FINALIZADO,SUPERVISOR,"Paleta dañada se queda atorada en el carro de palets llenos, se saca de manera manual",17/04/2026,2:29:00,17/04/2026,2:29:00,,0:00:00
332252f8,ASÉPTICO,TURNO 3,LINEA 2,A3CFLEX,,EUSTORGIO,FINALIZADO,SUPERVISOR,Se resetea falla de desincronización vía TPOP,17/04/2026,2:35:00,17/04/2026,2:35:00,,0:00:00
1868d60b,ASÉPTICO,TURNO 3,LINEA 2,SAP,,EUSTORGIO,FINALIZADO,SUPERVISOR,"El equipo no arranca, el TPOP no muestra ninguna alarma, se apaga y se enciende nuevamente.",17/04/2026,3:38:00,17/04/2026,3:52:00,,0:14:00
f424e606,ASÉPTICO,TURNO 3,LINEA 3,TAVIL,,EUSTORGIO,FINALIZADO,SUPERVISOR,Se ordenan de manera manual las últimas camadas debido a que estaban desalineadas.,17/04/2026,3:20:00,17/04/2026,3:45:00,,0:25:00
d233eaa5,ASÉPTICO,TURNO 3,LINEA 3,A3CFLEX,,EUSTORGIO,FINALIZADO,SUPERVISOR,Se retiran envases atorados en la salida,17/04/2026,5:08:00,17/04/2026,5:08:00,,0:00:00
442ba289,ASÉPTICO,TURNO 3,LINEA 3,A3CFLEX,,EUSTORGIO,FINALIZADO,SUPERVISOR,Corrección de diseño,17/04/2026,5:20:00,17/04/2026,5:20:00,,0:00:00
28581300,ASÉPTICO,TURNO 3,LINEA 3,TAVIL,,EUSTORGIO,FINALIZADO,SUPERVISOR,Se arreglan de manera manual cajas que estaban desalineadas,17/04/2026,6:20:00,17/04/2026,6:30:00,,0:10:00
a248858b,ASÉPTICO,TURNO 2,LINEA 1,TAVIL,,EUSTORGIO,FINALIZADO,SUPERVISOR,"Después del corte de servicio eléctrico externo se arranca el robot pero a partir de la tercera camada pierde referencia, por lo que se finaliza la paleta y se arranca una nueva.",20/04/2026,21:10:00,,21:25:00,,0:15:00
0f3bed9e,ASÉPTICO,TURNO 2,LINEA 1,CBP32,,EUSTORGIO,FINALIZADO,SUPERVISOR,"Caja atascada en la salida de la CP, se retira y se le da continuidad a la operación.",20/04/2026,21:39:00,20/04/2026,21:49:00,,0:10:00
dc963670,ASÉPTICO,TURNO 2,LINEA 3,A3CFLEX,,EUSTORGIO,FINALIZADO,SUPERVISOR,"El TPOP de la A3CF de L3 muestra alarma de "" fallo del medidor de concentrador de peróxido ""  lo que provoca caída de el programa de esterilización. Se realizan las siguientes actividades:
- se intercambia el medidor de concentrador  de peróxido por el de línea 2  y la alarma continúa.
- se descarta la tarjeta de salida de rele intercambiando la por la de línea 2 y la alarma continúa 
- se cambia tarjeta de entrada analógica por el de la llenadora de línea 2 , pero la máquina  arrojo alarma de presión de aceite hidráulico , es probable que la tarjeta necesite configuración 
- se monta tarjeta analógica nueva , pero la alarma aún continúa, mostrando valores de concentración muy por encima del rango. Es probable que la tarjeta necesite igualmente configuración.",20/04/2026,15:00:00,20/04/2026,22:30:00,,7:30:00
7650ed1a,ASÉPTICO,TURNO 2,LINEA 1,FLEX,,EUSTORGIO,FINALIZADO,SUPERVISOR,"Se rompe en dos lugares la manguera neumática de la bomba del tk de soda cáustica, se decide reemplazar completa (5 mts) para evitar nuevas fugas, queda operativo.",20/04/2026,17:08:00,20/04/2026,17:48:00,,0:40:00
516b1de2,ASÉPTICO,TURNO 3,LINEA 3,A3CFLEX,,RICARDO,FINALIZADO,SUPERVISOR,"Falla: Concentración de peróxido fuera de rango.

Solución: Se procede a realizar diferentes pruebas, entre las cuales se destacan.

+Limpieza de refractómetro.
+Ajuste de cable de sensor de temperatura y limpieza con limpiador de contacto.
+Cambio de tarjeta T40K1100.
+Se regresan a su originalidad , refractómetro y tarjetas. 

La falla persiste, se observa que la concentración de peróxido se mantiene en 35% , pero en los pasos calentamiento, spray y secado la concentración comienza a variar. 

La falla es similar, en ambas llenadoras.  Se asume que el problema radica en la caída de la concentración en temperatura elevadas. 

Cómo plan de acción, se decide drenar el peróxido y colocar de un nuevo lote para evaluar.",20/04/2026,22:30:00,21/04/2026,7:00:00,,8:30:00
75c4d321,ASÉPTICO,TURNO 3,LINEA 2,A3CFLEX,,RICARDO,FINALIZADO,SUPERVISOR,"Falla: Concentración de peróxido fuera de rango.

Actividades realizadas: Se procede a realizar diferentes pruebas, entre las cuales se destacan.

+Limpieza de refractómetro.
+Ajuste de cable de sensor de temperatura y limpieza con limpiador de contacto.
+Cambio de tarjeta T40K1100.
+Se regresan a su originalidad , refractómetro y tarjetas. 

La falla persiste, se observa que la concentración de peróxido se mantiene en 35% , pero en los pasos calentamiento, spray y secado la concentración comienza a variar. 

La falla es similar, en ambas llenadoras.  Se asume que el problema radica en la caída de la concentración en temperatura elevadas. 

Cómo plan de acción, se decide drenar el peróxido y colocar de un nuevo lote para evaluar.",21/04/2026,5:45:00,21/04/2026,7:00:00,,1:15:00
1079dc23,ASÉPTICO,TURNO 3,LINEA 1,CBP32,,RICARDO,FINALIZADO,SUPERVISOR,"Alarma de retroceso del agrupador bloqueado 

Causa: Se detectan  Rodamientos guías desajustados.

Solución: Se procede a ajustar rodamientos de tal manera que se distribuya el peso del agrupador de manera uniforme.",21/04/2026,6:30:00,21/04/2026,7:20:57,,0:50:57
6a7a8847,ASÉPTICO,TURNO 2,LINEA 3,TAVIL,,EUSTORGIO,FINALIZADO,SUPERVISOR,"Paleta dañada se queda atorada en el carro de palets llenos, se saca de manera manual",21/04/2026,15:01:00,21/04/2026,15:11:00,,0:10:00
394de8eb,ASÉPTICO,TURNO 2,LINEA 3,A3CFLEX,,EUSTORGIO,FINALIZADO,SUPERVISOR,Corrección de diseño,21/04/2026,16:44:00,21/04/2026,16:44:00,,0:00:00
c0553cdc,ASÉPTICO,TURNO 2,LINEA 1,HELIX,,EUSTORGIO,FINALIZADO,SUPERVISOR,Se colocan 4 eslabones faltantes (Se colocan eslabones usados),21/04/2026,17:22:00,21/04/2026,17:40:00,,0:18:00
72fe9f4f,ASÉPTICO,TURNO 2,LINEA 1,A3FLEX,,EUSTORGIO,FINALIZADO,SUPERVISOR,Corrección de diseño,21/04/2026,18:04:00,21/04/2026,18:04:00,,0:00:00
5d1561f0,ASÉPTICO,TURNO 2,LINEA 3,TAVIL,,EUSTORGIO,FINALIZADO,SUPERVISOR,"Los tacos de las paletas son más delgados de lo habitual y el sensor eventualmente deja de leerlos, lo que provoca que el brazo se detenga.",21/04/2026,19:08:00,21/04/2026,19:14:00,,0:06:00
,,,,,,,,,,,,,,,
dbc4238f,ASÉPTICO,TURNO 2,LINEA 3,A3CFLEX,,EUSTORGIO,FINALIZADO,SUPERVISOR,"Se interviene el programa del PLC de la A3CF de L2 . La intervención consiste en bajar el setpoint de concentración de peróxido de 30% a 20% debido a que el refractómetro instalado solo marca 27%. Se hala tubo y se sella, se deja equipo operativo subiendo temperatura, se informa al Supervisor de Producción.",21/04/2026,15:00:00,21/04/2026,21:40:00,,6:40:00
c38afaab,ASÉPTICO,TURNO 2,LINEA 3,A3CFLEX,,EUSTORGIO,FINALIZADO,SUPERVISOR,Corrección de diseño,21/04/2026,21:52:00,21/04/2026,21:52:00,,0:00:00
,,,,,,,,,,,,,,,
4d259e6e,ASÉPTICO,TURNO 2,LINEA 2,A3CFLEX,,EUSTORGIO,FINALIZADO,SUPERVISOR,"Se retiran envases atascados, se limpia y se resetea falla.",22/04/2026,20:01:00,22/04/2026,20:08:00,,0:07:00
e583291b,ASÉPTICO,TURNO 2,LINEA 2,A3CFLEX,,EUSTORGIO,FINALIZADO,SUPERVISOR,Se retiran envases atascados y se lava transportador y barandas,22/04/2026,16:45:00,22/04/2026,16:45:00,,0:00:00
1f6127e7,ASÉPTICO,TURNO 2,LINEA 2,FW32,,EUSTORGIO,FINALIZADO,SUPERVISOR,Se sacan envases atorados en la salida,22/04/2026,21:20:00,22/04/2026,21:27:00,,0:07:00
1fd8338e,ASÉPTICO,TURNO 2,LINEA 3,CBP32,,EUSTORGIO,FINALIZADO,SUPERVISOR,Se intercambian electroválvulas Festo 5 pos entre la CP de L1 y la de L3 debido a que a ésta última se le dañó la de la sufride del agrupador,22/04/2026,16:39:00,22/04/2026,17:38:00,,0:59:00
d6a7eb93,ASÉPTICO,TURNO 2,LINEA 3,CAP,,EUSTORGIO,FINALIZADO,SUPERVISOR,Se sacan tapas atoradas del transportador,22/04/2026,18:00:00,22/04/2026,18:19:00,,0:19:00
f7c5c1f3,ASÉPTICO,TURNO 2,LINEA 3,TAVIL,,EUSTORGIO,FINALIZADO,SUPERVISOR,Se sacan de manera manual paletas dañadas atoradas en los transportadores,22/04/2026,19:20:00,22/04/2026,19:48:00,,0:28:00
7411fac7,ASÉPTICO,TURNO 2,LINEA 3,TAVIL,,EUSTORGIO,FINALIZADO,SUPERVISOR,Se reemplaza reflector de sensor de batería de L3 porque estaba dando falsa lectura,22/04/2026,20:05:00,22/04/2026,20:25:00,,0:20:00
da136f6e,ASÉPTICO,TURNO 2,LINEA 2,FW32,,EUSTORGIO,FINALIZADO,SUPERVISOR,Se ajusta posición de placa tope 01 porque los envases colisionan al salir del freno,22/04/2026,20:41:00,22/04/2026,20:51:00,,0:10:00
4749734e,ASÉPTICO,TURNO 3,LINEA 3,HELIX,,RICARDO,FINALIZADO,SUPERVISOR,"Falla: Giro del envase.

Solución: Se realiza aclarado del Helix, por otro lado se posiciona barandas en la salida del Helix  con respecto a las dimensiones del envase.",23/04/2026,2:30:00,23/04/2026,2:36:00,,0:06:00
5b237a62,ASÉPTICO,TURNO 3,LINEA 3,A3CFLEX,,RICARDO,FINALIZADO,SUPERVISOR,"Falla: Soldadura Transversal, fallo en articulaciones consecutivas.

Solución: La alarma indica 04 eventos de falla de soldadura transversal en la mordaza derecha. Se procede a retirar conector de cable coaxial y aplicar limpiador de contacto para eliminar la humedad existe . Se realiza el mismo procedimiento en la mordaza izquierda, entregado el equipo operativo.",23/04/2026,4:40:00,23/04/2026,4:49:00,,0:09:00
3190b1df,ASÉPTICO,TURNO 3,LINEA 2,FW32,,RICARDO,FINALIZADO,SUPERVISOR,"Falla: Envases reventados en el brazo empujador.

Solución: Se procede ajustar tornillo de cilindro placa tope de lado derecho. Por otro lado, se aumenta por TPOP la velocidad del agrupador y para finalizar de aumenta la altura del estabilizador de la pestaña superior de agrupación.",23/04/2026,6:00:00,23/04/2026,6:50:00,,0:50:00
d52933f7,ASÉPTICO,TURNO 3,LINEA 2,HELIX,,RICARDO,FINALIZADO,SUPERVISOR,"Falla: Caída de envases 

Solución: Se realiza ajuste de barandas en la entrada y la salida del Helix, por otro lado se lubrica  transportadores.",23/04/2026,5:20:00,23/04/2026,5:20:00,,0:00:00
6b71f7ad,ASÉPTICO,TURNO 3,LINEA 2,A3CFLEX,,RICARDO,FINALIZADO,SUPERVISOR,"Desincronización de la plegadora, por Atasco de envases. 

El operador realiza el  sincronizado.",23/04/2026,6:44:45,23/04/2026,6:50:00,,0:05:15
180f1799,ASÉPTICO,TURNO 3,LINEA 2,SAP,,RICARDO,FINALIZADO,SUPERVISOR,"Falla: Equipo no responde , no avanza los envases para la aplicación del pitillo.

Solución: La falla consiste en la comunicación del sensor de entrada con el equipo, se procede a retirar envases, bajar paso de producción y subir nuevamente.",23/04/2026,2:00:00,23/04/2026,2:18:00,,0:18:00
3c59d557,ASÉPTICO,TURNO 2,LINEA 3,A3CFLEX,,EUSTORGIO,FINALIZADO,SUPERVISOR,Corrección de diseño,23/04/2026,16:55:00,23/04/2026,16:55:00,,0:00:00
93939896,ASÉPTICO,TURNO 2,LINEA 3,TAVIL,,EUSTORGIO,FINALIZADO,SUPERVISOR,"Paleta dañada se queda atorada en el carro de palets llenos, se saca de manera manual",23/04/2026,15:00:00,23/04/2026,15:05:00,,0:05:00
fb8d146c,ASÉPTICO,TURNO 2,LINEA 3,CAP,,EUSTORGIO,FINALIZADO,SUPERVISOR,Se ajusta compensación por TPOP para mejorar centrado de tapa,23/04/2026,16:40:00,23/04/2026,16:48:00,,0:08:00
7d478695,ASÉPTICO,TURNO 2,LINEA 2,TAVIL,,EUSTORGIO,FINALIZADO,SUPERVISOR,"Se quema filtro 480v del variador U27 del panel 01 del robot Tavil, se sustituye.",23/04/2026,21:09:00,23/04/2026,22:30:00,,1:21:00
77fc6764,ASÉPTICO,TURNO 2,LINEA 3,A3CFLEX,,EUSTORGIO,FINALIZADO,SUPERVISOR,"El TPOP muestra alarma de alta temperatura de pulverización en cámara aséptica, se revisa y no se encuentran anomalías, se resetea alarma y se sube programa normalmente",23/04/2026,20:17:00,23/04/2026,20:19:00,,0:02:00
905e42e0,ASÉPTICO,TURNO 2,LINEA 3,TAVIL,,EUSTORGIO,FINALIZADO,SUPERVISOR,"Se quema filtro 480v del variador U27 del panel 01 del robot Tavil, se sustituye.",23/04/2026,20:55:00,23/04/2026,22:30:00,,1:35:00
3e497c74,ASÉPTICO,TURNO 3,LINEA 3,A3CFLEX,,RICARDO,FINALIZADO,SUPERVISOR,"Falla: Caída en levantamiento de programa,  sistema de pulverización, falla de vaciado lento.

Solución: Durante la subida de programa se cae en el sistema de pulverización vaciado lento, se procede a limpiar electrodos y copa, se encontró peróxido en la copa, se ajusta tornilleria y se inicia levantamiento de programa, para comenzar producción .",24/04/2026,2:05:07,24/04/2026,2:49:00,,0:43:53
8acf96fe,ASÉPTICO,TURNO 3,LINEA 2,A3CFLEX,,RICARDO,FINALIZADO,SUPERVISOR,"Falla: Atasco de envases en el transportador de salida.

Solución: La falla consiste en giro del envase en las curvas del transportador, se procede ajustar posicionamiento de las guías, por otro lado se ajusta el volumen del envase y formación del envase mediante la compensación de formación.",24/04/2026,5:00:00,24/04/2026,5:34:00,,0:34:00
70ecaf12,ASÉPTICO,TURNO 3,LINEA 2,A3CFLEX,,RICARDO,FINALIZADO,SUPERVISOR,"Falla: Atasco de envases en el transportador de salida.

Solución: La falla consiste en giro del envase en las curvas del transportador, se procede ajustar posicionamiento de las guías, por otro lado se ajusta el volumen del envase y formación del envase mediante la compensación de formación.",24/04/2026,5:37:00,24/04/2026,5:45:00,,0:08:00
38faed1a,ASÉPTICO,TURNO 2,LINEA 3,TAVIL,,EUSTORGIO,FINALIZADO,SUPERVISOR,Se sustituye filtro quemado (Variador U73 del panel del robot Tavil 01),24/04/2026,15:30:00,24/04/2026,15:58:00,,0:28:00
975fbcfc,VACÍO,TURNO 1,LINEA 3,TAPADORA WHITECAP,TAP-CORR-01 /CORREA DE CARGA VERTICAL,YOLIANNY,FINALIZADO,SUPERVISOR,"Mal tapado, se ajusta altura de correa de carga vertical.",27/04/2026,10:35:56,27/04/2026,11:00:00,,0:24:04
054f1bb8,VACÍO,TURNO 1,LINEA 3,TANQUE COCCION,TAN-BOM-02 /BOMBA POSITIVA,YOLIANNY,FINALIZADO,SUPERVISOR,"Incremento del tiempo de Traslado de producto a tanque de 6000, queda pendiente inspección de valvula de descarga (que no esté obstruida o no accione internamente de forma correcta), la cual no se realiza debido a producto en el tanque.",27/04/2026,13:10:35,27/04/2026,16:14:00,,3:03:25
0e30de0f,ASÉPTICO,TURNO 2,LINEA 1,TAVIL,TAV-PAL-10 /TRANSPORTADOR DE PALETAS,RICARDO,FINALIZADO,SUPERVISOR,Atasco de paletas por malas condiciones.,27/04/2026,21:21:00,27/04/2026,21:28:00,,0:07:00
c6cd3dca,ASÉPTICO,TURNO 2,LINEA 1,CBP32,CBP-AGR-03 /AGRUPADOR,RICARDO,FINALIZADO,SUPERVISOR,"Falla: Envases caídos en la entrada.
​Causa: La electroválvula de la sufridera está dañada, lo cual generó una contrapresión. Esto provocó el retroceso de la sufridera del agrupador, causando que los envases cayeran hacia adelante.

​Solución: Se intercambiaron electroválvulas del mismo tipo y se deshabilitó la que estaba dañada; además, se redujo la velocidad de la primera agrupación.

​Observación: Posteriormente, se realizaron pruebas cambiando la bobina de dicha electroválvula (T40k0230), obteniendo resultados satisfactorios. Cabe destacar que no hay stock de este tipo de válvulas en planta.",27/04/2026,21:00:00,27/04/2026,21:27:00,,0:27:00
64cc05c3,ASÉPTICO,TURNO 2,LINEA 3,CBP32,CBP-AGR-03 /AGRUPADOR,RICARDO,FINALIZADO,SUPERVISOR,"Falla: Bloqueo del riel guía.
​Causa: Válvula check dañada.

​Solución: Se instaló una válvula proveniente de la CBP32 (que se encuentra fuera de servicio), debido a que no hay existencias en el stock del almacén. 

La máquina queda operativa.",27/04/2026,17:40:00,27/04/2026,17:52:00,,0:12:00
857b3814,ASÉPTICO,TURNO 2,LINEA 3,HELIX,HEL-TRA-10TRANSPORTADOES,RICARDO,FINALIZADO,SUPERVISOR,"Fallo en los Transoortadores.

Line Control

Falla: Bloqueo intermitente en el sistema de transporte.

Solución: Optimización y sincronización de los parámetros de velocidad.

Nota : Adicionalmente se lubrica transportadores.",27/04/2026,18:20:00,27/04/2026,18:50:00,,0:30:00
1b8957f9,VACÍO,TURNO 2,LINEA 3,TANQUE COCCION,TAN-BOM-02 /BOMBA POSITIVA,RICARDO,FINALIZADO,SUPERVISOR,"Falla: Retraso en el traspaso del producto cocinado del tanque de cocción al tanque 6000 mil.

Solución: Se procede a verificar el recorrido del producto, desde el tanque de cocción hasta el tanque 6000 . Se realiza inspección a válvula manual de compuerta, estándo operativo, por su parte se inspeccionan válvula Triway, filtro inmantado  y válvula de accionamiento neumático, encontrás en perfectas condiciones.

Para finalizar, se realiza inspección de bomba de desplazamiento positivo del tanque de cocción , realizando las siguientes actividades:

+Se añade 1/2 litro de aceite 220.
+Se cambia racor de lubricación de agua , 1/8x 10 mm.
+ Se sustituye 1/2 metro de manguera 10 mm.
+ Se cambia Goma de acople estrella T100.
+ Se lubrica con grasa aliemencia , componentes de la bomba.

Requiere seguir monitoreando el equipo, ya que al girar manualmente la bomba se escucha rose interno de los componentes.",27/04/2026,18:00:00,27/04/2026,19:30:00,,1:30:00
b9e8cd10,VACÍO,TURNO 3,LINEA 3,ETIQUETADORA,ETIQ-TUL-03 /TULIPAS,RICARDO,FINALIZADO,SUPERVISOR,"Falla: Caída de tulipán N 22.

Solución: Se observa tolencia excesiva entre la tulipa y los rodamientos, se procede a colocar arandela plana para eliminar la tolerancia existen, por otro lado se ubica tornillo faltante y se ajusta tulipa.

Cabe resaltar, que se realiza limpieza en el plato N17 , espesificamente en la  polea  inferior de trancción ya que está no giraba y por ende salian  los envase sin etiquetas.",27/04/2026,20:00:00,27/04/2026,20:32:00,,0:32:00
62ca91bb,VACÍO,TURNO 2,LINEA 3,DESPALETIZADOR COLADOS,DESP-ELE-07 /CARRO DE ELEVACION,RICARDO,FINALIZADO,SUPERVISOR,"Falla: Se presenta falla en almacén del despaletizador, Alarma de bloqueo de sensor izquierdo.

Se revisa condiciones de sensores, pero no sé determina la falla. Se dejan  las novedades al grupo entrante.",27/04/2026,21:50:00,27/04/2026,22:30:00,,0:40:00
ccd33c18,ASÉPTICO,TURNO 3,LINEA 1,TAVIL,TAV-LLE-03 /PALET LLENO,EUSTORGIO,FINALIZADO,SUPERVISOR,"Paleta dañada se queda atorada en el carro de palets llenos, se saca de manera manual",27/04/2026,22:30:00,27/04/2026,22:38:00,,0:08:00
acc3795b,ASÉPTICO,TURNO 3,LINEA 1,CBP32,CBP-EMP-05 /EMPUJADOR,EUSTORGIO,FINALIZADO,SUPERVISOR,"Se ajusta posición del sensor del cilindro de la sufridera, se limpia empate de cables de señal del sensor para evitar falso contacto.",28/04/2026,1:46:00,28/04/2026,2:06:00,,0:20:00
1ae22d1b,ASÉPTICO,TURNO 3,LINEA 1,CBP32,CBP-NOR-11 /UNIDAD NORDSON,EUSTORGIO,FINALIZADO,SUPERVISOR,Se ajusta presión de la prensa,28/04/2026,2:33:00,28/04/2026,2:46:00,,0:13:00
883a65b5,ASÉPTICO,TURNO 3,LINEA 3,A3CFLEX,A3CF-TRA-13 /SISTEMA TRACCION,EUSTORGIO,FINALIZADO,SUPERVISOR,Corrección de diseño,28/04/2026,1:08:00,28/04/2026,1:08:00,,0:00:00
1c2a01ab,ASÉPTICO,TURNO 3,LINEA 3,TAVIL,TAV-LLE-03 /PALET LLENO,EUSTORGIO,FINALIZADO,SUPERVISOR,"Paleta dañada se queda atorada en el carro de palets llenos, se saca de manera manual",28/04/2026,4:21:00,28/04/2026,4:29:00,,0:08:00
8c076d1b,ASÉPTICO,TURNO 3,LINEA 1,A3FLEX,A3F-AIR-05 /SISTEMA AIRE ESTERIL,EUSTORGIO,FINALIZADO,SUPERVISOR,"Se presenta falla de HI, se resetea alarma.",28/04/2026,6:55:02,28/04/2026,7:00:58,,0:05:56
40371297,VACÍO,TURNO 3,LINEA 3,ROBOT MOTOMAN,ROB-GAR-03 /GARRA,EUSTORGIO,FINALIZADO,SUPERVISOR,"Se desarma guia derecha de la garra y se extrae tornillo partido, se reemplaza, se endereza lámina de soporte porque estaba colisionando con uno de los cilindros, se endereza guia del empujador",28/04/2026,1:00:34,28/04/2026,2:13:09,,1:12:35
af9ec0e8,VACÍO,TURNO 3,LINEA 3,ETIQUETADORA,ETIQ-TUL-03 /TULIPAS,EUSTORGIO,FINALIZADO,SUPERVISOR,"Se parte tulipa 09, no se encuentra la causa de la ruptura, probablemente fatiga, se sustituye",28/04/2026,2:44:54,28/04/2026,3:00:20,,0:15:26
c65acf76,VACÍO,TURNO 3,LINEA 3,ETIQUETADORA,ETIQ-TOR-01 /TORNILLO SIN FIN,EUSTORGIO,FINALIZADO,SUPERVISOR,Se sincroniza sinfin de entrada,27/04/2026,22:45:38,27/04/2026,23:00:50,,0:15:12
074bf314,VACÍO,TURNO 3,LINEA 3,TECMI,TEC-CAD-03 /CADENA DE CARTON,EUSTORGIO,FINALIZADO,SUPERVISOR,Se atrasa cadena de cartones para mejorar sincronización,28/04/2026,4:13:45,28/04/2026,4:18:50,,0:05:05
84917b9b,VACÍO,TURNO 3,LINEA 3,LLENADORA ELMAR,LLE-SIN-03 /TORNILLO SINFIN,EUSTORGIO,FINALIZADO,SUPERVISOR,Se sincroniza varias veces sinfin de entrada,28/04/2026,5:30:55,28/04/2026,6:41:12,,1:10:17
1529d0dd,VACÍO,TURNO 1,LINEA 3,LLENADORA ELMAR,LLE-EST-04 /ESTRELLA ENTRADA,YOLIANNY,FINALIZADO,SUPERVISOR,"Desincronización de estrella de entrada, se realiza sincronización respecto a sin fin y ajuste de posición de guías de envases.",28/04/2026,7:00:33,28/04/2026,7:50:00,N/A,0:49:27
68f9d0c2,VACÍO,TURNO 1,LINEA 3,DESPALETIZADOR COLADOS,DES-MES-05 /CARRO BARREDOR DE CAMADA,YOLIANNY,FINALIZADO,SUPERVISOR,Falla de detección de posición de barra empujadora debido a falsa lectura de sensor inductivo. Se realizan movimientos manualmente para llevar a sitio barra empujadora y ajustar placa de sensor.,28/04/2026,12:25:16,28/04/2026,12:45:00,,0:19:44
066a5c7c,VACÍO,TURNO 1,LINEA 3,DESPALETIZADOR COLADOS,DESP-ELE-07 /CARRO DE ELEVACION,YOLIANNY,FINALIZADO,SUPERVISOR,Carro de elevación no acciona (no baja a buscar la camada) debido a sensor detector de camada desenfocado. Se enfoca nuevamente permitiendo dar continuidad a la producción,28/04/2026,12:50:00,28/04/2026,12:55:00,,0:05:00
1612a7bb,VACÍO,TURNO 1,LINEA 3,DESPALETIZADOR COLADOS,DES-MES-02 /MESA SALIDA DE PALETAS,YOLIANNY,FINALIZADO,SUPERVISOR,Falla de salida de paleta vacía debido a racor de cilindro elevador de plataforma dañado. Se reemplaza racor quedando el mismo operativo.,28/04/2026,13:30:17,28/04/2026,13:40:00,,0:09:43
00a7f7b0,VACÍO,TURNO 1,LINEA 3,ETIQUETADORA,ETIQ-PIS-06 /PISTOLAS DE PEGA,YOLIANNY,FINALIZADO,SUPERVISOR,Ajuste de Sprayado de pistola #1,28/04/2026,9:00:06,28/04/2026,9:30:00,,0:29:54
cce3397a,VACÍO,TURNO 1,LINEA 3,ETIQUETADORA,ETIQ-TUL-03 /TULIPAS,YOLIANNY,FINALIZADO,SUPERVISOR,Desprendimiento de tulipa #27 (ruptura de la misma). Se reemplaza tulipa por una adaptada,28/04/2026,13:25:50,28/04/2026,13:48:22,,0:22:32
8ae3b359,ASÉPTICO,TURNO 2,LINEA 1,A3FLEX,A3F-REF-20 /SISTEMA REFRIGERACION,RICARDO,FINALIZADO,SUPERVISOR,"Incidencia

Fuga de agua en la entrada principal de la máquina (unidad de servicio).

​Solución:
Se detuvo la producción para intervenir la tubería y realizar los trabajos de soldadura necesarios. La soldadura del manifold fue ejecutada por el soldador Eduardo Torcartes.

​Estado Final:
El equipo se encuentra actualmente operativo y ha sido entregado al departamento de producción para su respectiva limpieza y reinicio de actividades.",28/04/2026,15:00:00,28/04/2026,15:35:00,,0:35:00
a51c5f9f,VACÍO,TURNO 2,LINEA 3,ETIQUETADORA,ETIQ-TUL-03 /TULIPAS,RICARDO,FINALIZADO,SUPERVISOR,"Se registró una falla en la etiquetadora de la línea 3. Durante la intervención, se realizaron las siguientes acciones:

​Sustitución de tulipa: Se reemplazó la pieza y se procedió a ajustar el magacín, el cual no estaba funcionando correctamente.

​Punto de pega: Se corrigió el punto de disparo número uno.

​Rodamientos: Se instalaron rodamientos nuevos en la tulipa.

​Adaptación: Debido a la falta de repuestos originales en óptimas condiciones, fue necesario adaptar una arandela plana en el lado interno de la tulipa para asegurar su funcionamiento.",28/04/2026,17:00:00,28/04/2026,18:00:00,,1:00:00
9466e75c,VACÍO,TURNO 2,LINEA 3,DESPALETIZADOR COLADOS,DES-MES-05 /CARRO BARREDOR DE CAMADA,RICARDO,FINALIZADO,SUPERVISOR,"Descripción del problema:
Se presentó una caída de envases al momento del despaletizado debido a que el carro empujador no estaba completando su recorrido.

​Acciones realizadas:

​Ajuste mecánico: Se procedió a ajustar manualmente la posición del carro empujador mediante el TPOP (Terminal de Programación Portátil), corrigiendo el desfasaje en su llegada.

​Sistema de control: Se realizó el ajuste del sensor correspondiente para garantizar la detección correcta.

​Puesta en marcha: Se reinició el sistema, verificando su correcto funcionamiento.
​Estado final: Equipo entregado y operativo.",28/04/2026,20:00:00,28/04/2026,20:15:00,,0:15:00
f6f896b3,ASÉPTICO,TURNO 3,LINEA 1,A3FLEX,A3F-MES-21 /MESA DE EMPALME,EUSTORGIO,FINALIZADO,SUPERVISOR,Se realiza empalme de manera manual,28/04/2026,22:45:00,28/04/2026,22:45:00,,0:00:00
6b21f520,ASÉPTICO,TURNO 3,LINEA 1,CAP,CAP-PAN-09 /PANEL DE CONTROL,EUSTORGIO,FINALIZADO,SUPERVISOR,"El equipo presenta falla de comunicación, se resetea PLC",29/04/2026,2:27:00,29/04/2026,2:44:00,N/A,0:17:00
41873bcc,ASÉPTICO,TURNO 3,LINEA 1,CBP32,CBP-EMP-05 /EMPUJADOR,EUSTORGIO,FINALIZADO,SUPERVISOR,Se lubrica riel para mejorar tiempo de desplazamiento del conjunto del empujador.,29/04/2026,2:56:00,29/04/2026,2:59:00,,0:03:00
9a45a2de,ASÉPTICO,TURNO 3,LINEA 1,A3FLEX,A3F-MES-21 /MESA DE EMPALME,EUSTORGIO,FINALIZADO,SUPERVISOR,Se aumenta presión neumática de la mesa de 4.8 a 5.6 Bar,29/04/2026,3:46:00,29/04/2026,3:50:00,,0:04:00
acd1d819,ASÉPTICO,TURNO 3,LINEA 2,FW32,FW-SELL-05 /UNIDAD DE SELLADO,EUSTORGIO,FINALIZADO,SUPERVISOR,Se sustituye sufridera del soldador,28/04/2026,22:34:00,28/04/2026,22:54:00,,0:20:00
ee047fb9,ASÉPTICO,TURNO 3,LINEA 2,A3CFLEX,A3CF-PRE-19 /DISPOSITIVO PRENSOR,EUSTORGIO,FINALIZADO,SUPERVISOR,Se sustituyen rodamientos de la polea posterior del empujador,29/04/2026,3:45:00,29/04/2026,4:45:00,,1:00:00
bed634cd,ASÉPTICO,TURNO 3,LINEA 2,CBP32,CBP-FOR-02 /FORMACION DE PATRON,EUSTORGIO,FINALIZADO,SUPERVISOR,Se endereza guía del transportador de entrada al brazo de formación de patrón,29/04/2026,3:45:00,29/04/2026,3:55:00,,0:10:00
9ce487b5,ASÉPTICO,TURNO 3,LINEA 1,TAVIL,TAV-LLE-03 /PALET LLENO,EUSTORGIO,FINALIZADO,SUPERVISOR,"Paletas dañadas se quedan atoradas en carro de palets llenos, se sacan de manera manual.",29/04/2026,6:00:00,29/04/2026,6:30:00,,0:30:00
bf78c28a,ASÉPTICO,TURNO 3,LINEA 2,TAVIL,TAV-LLE-03 /PALET LLENO,EUSTORGIO,FINALIZADO,SUPERVISOR,"Paletas dañadas se quedan atoradas en el carro de palets llenos, se sacan de manera manual",29/04/2026,6:00:00,29/04/2026,6:15:00,,0:15:00
df084479,ASÉPTICO,TURNO 2,LINEA 1,HELIX,HEL-TRA-10TRANSPORTADOES,RICARDO,FINALIZADO,SUPERVISOR,"Falla: Caída de envases en el transportador de salida.

​Acciones realizadas:

​Se procedió a realizar el ajuste de las guías de salida con el objetivo de estabilizar el flujo y minimizar la caída de los envases.

​Tras las pruebas de ajuste, se verificó el correcto desplazamiento del producto.",28/04/2026,20:00:00,28/04/2026,20:15:00,,0:15:00
58b3af08,ASÉPTICO,TURNO 2,LINEA 1,A3FLEX,A3F-MOR-14 /MORDAZAS,RICARDO,FINALIZADO,SUPERVISOR,"Falla: Supervisor de soldadura transversal mordaza derecha.

Causa: Cable coaxial con humedad.

Solución: Se limpia y ajusta el cable  coaxial.",28/04/2026,21:30:00,28/04/2026,21:37:00,,0:07:00
fec8fd50,ASÉPTICO,TURNO 2,LINEA 2,FW32,FW-FRE-02 /UNIDAD FRENO DE ENTRADA,RICARDO,FINALIZADO,SUPERVISOR,"Falla: Caída de envases en la entrada

Causa: Guías de entrada muy cerradas.

Solución: Se realiza ajuste de guías, por otro lado el presenta bobinas de diferentes proveedores y el equipo presenta suciedad en cuchilla y sufridera. Se procede a colocar las 4 bobinas iguales y  limpiar el sistema de cuchilla, el equipo queda operativo.",28/04/2026,21:00:00,28/04/2026,22:20:00,,1:20:00
85b2ae95,VACÍO,TURNO 3,LINEA 3,TRANSPORTADORES,TRAN-CAD-03 /CADENA TABLETOP,EUSTORGIO,FINALIZADO,SUPERVISOR,Se sustituyen eslabones rotos en transportador 17,28/04/2026,11:00:54,28/04/2026,11:25:30,,0:24:36
5f01046c,VACÍO,TURNO 3,LINEA 3,TUNEL,TUN-TRAS-03 /TRASNPORTADOR ENTRADA-SALIDA,EUSTORGIO,FINALIZADO,SUPERVISOR,Se sustituyen 06 eslabones rotos en el transportador de salida del túnel de enfriamiento.,29/04/2026,1:00:48,29/04/2026,1:35:03,,0:34:15
29016749,VACÍO,TURNO 3,LINEA 3,PICKHEATER,PICK-VAL-02 /VALVULA MODULADORA  DE VAPOR,EUSTORGIO,FINALIZADO,SUPERVISOR,"Se revisa sistema y no se encuentran anomalías, probable presencia de condensado en línea de vapor.",29/04/2026,3:00:05,29/04/2026,3:25:17,,0:25:12
07466e5d,VACÍO,TURNO 1,LINEA 3,TUNEL,TUN-TRAS-03 /TRASNPORTADOR ENTRADA-SALIDA,YOLIANNY,FINALIZADO,SUPERVISOR,Ruptura de transportador de salida de tunel de enfriamiento. Se retiran eslabones dañados y se reemplazan por otros usados de transportador de línea 2.,29/04/2026,8:00:00,29/04/2026,8:15:00,N/A,0:15:00
14c64be2,ASÉPTICO,TURNO 2,LINEA 2,FW32,FW-FRE-02 /UNIDAD FRENO DE ENTRADA,RICARDO,FINALIZADO,SUPERVISOR,"Durante el turno se atendieron diversas incidencias en la línea de producción. En primer lugar, se corrigió la caída de envases en la salida del freno mediante el ajuste de la placa guía y el propio freno. Posteriormente, se solucionó el descarte de envases provocado por una acumulación en la entrada de la máquina, detectando que el sensor de la pitilladora estaba mal ubicado; tras su reubicación, el flujo se normalizó. Asimismo, se intervino por la caída de treepack, ajustando el dedo sujetador y la flauta sopladora de aire caliente. Finalmente, ante el mal sellado del polietileno, se procedió con el cambio de bobina y el ajuste de la presión de aire en el cilindro del Dolly, dejando el equipo operativo.",29/04/2026,16:00:00,29/04/2026,18:30:00,,2:30:00
91b7fe32,ASÉPTICO,TURNO 2,LINEA 2,TAVIL,TAV-VAC-02 /PALET VACÍO,RICARDO,FINALIZADO,SUPERVISOR,"Falla: Transportador de palets vacíos se detiene.

​Solución: Se observó cableado enredado en el mecanismo. Se procedió a retirar el cableado afectado y a colocarlo nuevamente de forma correcta para restablecer la operación.",29/04/2026,20:45:00,29/04/2026,21:02:00,,0:17:00
4c078f51,ASÉPTICO,TURNO 3,LINEA 2,A3CFLEX,A3CF-TRA-13 /SISTEMA TRACCION,EUSTORGIO,FINALIZADO,SUPERVISOR,Corrección de diseño,30/04/2026,5:00:00,30/04/2026,5:00:00,N/A,0:00:00
39577a74,ASÉPTICO,TURNO 3,LINEA 2,FW32,FW-SELL-05 /UNIDAD DE SELLADO,EUSTORGIO,FINALIZADO,SUPERVISOR,Se ajusta posición de las placas empujadoras para evitar caída de los envases,30/04/2026,5:46:00,30/04/2026,5:56:00,N/A,0:10:00
85184ab8,ASÉPTICO,TURNO 2,LINEA 2,A3CFLEX,A3CF-AIR-26 /AIRE COMPRIMIDO,RICARDO,FINALIZADO,SUPERVISOR,"Área de aséptico, línea 2, TPA 250 ml.

Falla de baja temperatura en el sistema HI.  El equipo cae a limpieza.

La causa de la falla se debe a que el UP se encuentra dañado, y actualmente se encuentra con un regulador el regulador apertura mayor flujo de hi, el cual no fue detectado por el sensor.",30/04/2026,18:00:00,30/04/2026,21:00:00,N/A,3:00:00
860cdfb1,VACÍO,TURNO 1,LINEA 3,TUNEL,TUN-TRAS-03 /TRASNPORTADOR ENTRADA-SALIDA,EUSTORGIO,FINALIZADO,SUPERVISOR,"Se rompen 03 eslabones del transportador de entrada al túnel de enfriamiento, se sustituyen.",04/05/2026,13:00:25,04/05/2026,13:30:02,,0:29:37
4013f154,VACÍO,TURNO 1,LINEA 3,LLENADORA ELMAR,LLE-EST-04 /ESTRELLA ENTRADA,EUSTORGIO,FINALIZADO,SUPERVISOR,Se instala y se calibra sensor fotoeléctrico en la estrella de entrada para apertura y cierre de la leva de las válvulas,04/05/2026,9:00:22,04/05/2026,9:30:44,N/A,0:30:22
,,,,,,,,,,,,,,,
9ca93fb5,VACÍO,TURNO 1,LINEA 3,TAPADORA WHITECAP,TAP-MOT-03 /MOTOREDUCTOR,EUSTORGIO,FINALIZADO,SUPERVISOR,"El reductor principal de la tapadora presenta trancamiento, se agrega aceite 220, se libera y se arranca pero presenta trancamiento nuevamente, se comienza a desarmar, no se determina causa de trancamiento.",04/05/2026,14:10:38,04/05/2026,15:00:20,N/A,0:49:42
95cac67f,ASÉPTICO,TURNO 2,LINEA 1,A3FLEX,A3F-PER-07 /SITEMA PEROXIDO,RICARDO,FINALIZADO,SUPERVISOR,"Línea 1, área séptica, sistema de peróxido (alto nivel):
La falla consiste en el filtro de peróxido, ya que el mismo está cayendo dentro del tanque debido al diámetro que posee. Se procede a instalar un filtro nuevo y a rectificar su área de soporte, de tal manera que concuerde exactamente con el espacio en el tanque.",04/05/2026,15:00:00,04/05/2026,19:00:00,,4:00:00
df26dc1d,VACÍO,TURNO 1,LINEA 3,TANQUE COCCION,TAN-BOM-02 /BOMBA POSITIVA,EUSTORGIO,FINALIZADO,SUPERVISOR,"La bomba presenta bajo rendimiento cuando está terminando de vaciar el tk de cocción 02, no se determina causa.",04/05/2026,8:00:18,04/05/2026,8:47:30,N/A,0:47:12
d21fabda,ASÉPTICO,TURNO 2,LINEA 1,CBP32,CBP-FOR-02 /FORMACION DE PATRON,RICARDO,FINALIZADO,SUPERVISOR,"Línea 1: Se detectó una falla en el Cardboar Packer debido a una solapa despegada. Se procedió a ajustar la posición del punto de sellado de la envoltura; asimismo, se eliminó una alarma roja activa en el equipo. Finalmente, se reinició el PLC y se puso en marcha la máquina nuevamente.",04/05/2026,19:28:00,04/05/2026,19:35:00,,0:07:00
270d86df,ASÉPTICO,TURNO 2,LINEA 1,A3FLEX,A3F-MES-21 /MESA DE EMPALME,RICARDO,FINALIZADO,SUPERVISOR,"Mesa de Empalme, Llenadora de Línea 1:
El equipo no realiza el empalme de forma automática de derecha a izquierda. Aún no se ha determinado el motivo de la falla y se están evaluando las posibles causas. El tiempo de indisponibilidad del equipo se extendió debido a que el sensor de la puerta se encuentra puenteado y se realizó los ajustes correspondientes.",04/05/2026,19:39:00,04/05/2026,19:58:00,,0:19:00
4d7c38e5,ASÉPTICO,TURNO 2,LINEA 1,HELIX,HEL-ARA-04 /ARAÑA,RICARDO,FINALIZADO,SUPERVISOR,"Se detectó una falla por desprendimiento en la posición de la ""araña"". Al verificar sus condiciones, se observó un posicionamiento incorrecto, por lo que se procedió a su reubicación, referenciación del equipo y puesta en marcha.",04/05/2026,19:00:00,04/05/2026,19:24:00,,0:24:00
9be7aac3,ASÉPTICO,TURNO 2,LINEA 2,CBP32,CBP-AGR-03 /AGRUPADOR,RICARDO,FINALIZADO,SUPERVISOR,"Se presentó una falla en el equipo Cardboar Packer debido al desprendimiento de la correa del agrupador. Se procedió a realizar el montaje de dicha correa y su respectiva sincronización. Tras efectuar los ajustes necesarios y verificar la puesta a punto, se activó el equipo nuevamente.",04/05/2026,15:30:00,04/05/2026,16:05:00,,0:35:00
d2061053,ASÉPTICO,TURNO 3,LINEA 2,A3CFLEX,A3CF-PRE-19 /DISPOSITIVO PRENSOR,YOLIANNY,FINALIZADO,SUPERVISOR,Desincronización de plegadora en dos oportunidades. Se realiza nuevamente sincronización.,05/05/2026,0:08:00,05/05/2026,0:54:00,N/A,0:46:00
42b7f961,ASÉPTICO,TURNO 3,LINEA 2,A3CFLEX,A3CF-SEG-08 /SISTEMA DE SEGURIDAD,YOLIANNY,FINALIZADO,SUPERVISOR,Alarma de puerta abierta. Se reemplazan sensores de puerta izquierda de sistema de mordazas.,05/05/2026,1:11:11,05/05/2026,1:17:00,N/A,0:05:49
7d13c346,ASÉPTICO,TURNO 3,LINEA 2,TAVIL,TAV-AIR-12 /AIRE COMPRIMIDO,YOLIANNY,FINALIZADO,SUPERVISOR,Se realiza corrección de fuga de sistema neumático principal,05/05/2026,2:59:16,05/05/2026,3:16:00,N/A,0:16:44
06d941e8,ASÉPTICO,TURNO 3,LINEA 2,TAVIL,TAV-SEG-01 /BARRERAS DE SEGURIDAD,YOLIANNY,FINALIZADO,SUPERVISOR,Falla en el sistema de comunicación y sistema de seguridad de robot 2.,05/05/2026,2:38:04,05/05/2026,2:41:00,N/A,0:02:56
3d9b0b31,ASÉPTICO,TURNO 3,LINEA 2,TAVIL,TAV-TRA-07 /TRANSPORTADOR BATERIA/LINEA,YOLIANNY,FINALIZADO,SUPERVISOR,Atasco de cajas en batería de linea 1.,04/05/2026,23:28:39,04/05/2026,23:51:16,,0:22:37
cf5e7482,ASÉPTICO,TURNO 3,LINEA 1,TAVIL,TAV-VAC-02 /PALET VACÍO,YOLIANNY,FINALIZADO,SUPERVISOR,Atasco de paleta en carro de palet vacío debido a paleta en mal estado,04/05/2026,22:30:00,04/05/2026,22:44:27,,0:14:27
f8786512,ASÉPTICO,TURNO 3,LINEA 1,TAVIL,TAV-TRA-07 /TRANSPORTADOR BATERIA/LINEA,YOLIANNY,FINALIZADO,SUPERVISOR,Atasco de cajas en batería debido a coleo del robot. Se retiran cajas dañadas,04/05/2026,23:03:17,04/05/2026,23:10:00,,0:06:43
2378b1fe,ASÉPTICO,TURNO 3,LINEA 1,TAVIL,TAV-MOS-14 /AJUSTE COORDENADAS,YOLIANNY,FINALIZADO,SUPERVISOR,Se realiza reacomodo de cajas en paleta de línea 2 debido a caja faltante (posible fallo de conteo en bateria),04/05/2026,23:21:25,04/05/2026,23:31:37,,0:10:12
1304f7bf,ASÉPTICO,TURNO 3,LINEA 1,TAVIL,TAV-VAC-02 /PALET VACÍO,YOLIANNY,FINALIZADO,SUPERVISOR,Atasco de paleta en carro de palet vacío debido a malas condiciones de la misma,04/05/2026,23:40:27,04/05/2026,23:44:00,,0:03:33
ea0896fb,ASÉPTICO,TURNO 3,LINEA 1,TAVIL,TAV-TRA-07 /TRANSPORTADOR BATERIA/LINEA,YOLIANNY,FINALIZADO,SUPERVISOR,Atasco de cajas en batería debido cajas volteadas. Se reacomodan cajas,05/05/2026,0:06:24,05/05/2026,0:18:00,,0:11:36
dcff23ff,ASÉPTICO,TURNO 3,LINEA 1,TAVIL,TAV-TRA-07 /TRANSPORTADOR BATERIA/LINEA,YOLIANNY,FINALIZADO,SUPERVISOR,Atasco de cajas en bateria debido a acumulación de las mismas en la entrada. Se aumenta velocidad de robot,05/05/2026,0:33:35,05/05/2026,0:40:12,N/A,0:06:37
e427f664,ASÉPTICO,TURNO 3,LINEA 1,TAVIL,TAV-TRA-07 /TRANSPORTADOR BATERIA/LINEA,YOLIANNY,FINALIZADO,SUPERVISOR,Atasco de cajas en batería debido a acumulación de las mismas.,05/05/2026,0:57:33,05/05/2026,1:03:33,N/A,0:06:00
aed94412,ASÉPTICO,TURNO 3,LINEA 1,A3FLEX,A3F-MOR-14 /MORDAZAS,YOLIANNY,FINALIZADO,SUPERVISOR,"Alarma de Falla de servomotor de levas de corrección. La máquina entra en limpieza debido a tiempo máximo de parada permitido. Al inspeccionar se observa que el acople del servo no tiene ni cuña, ni tornillo de sujeción por lo que se ingresa a almacén de repuestos y se retira tornillo y cuña. Se instala.",05/05/2026,1:06:00,05/05/2026,6:40:37,N/A,5:34:37
3959a9ba,ASÉPTICO,TURNO 3,LINEA 3,A3CFLEX,A3CF-PULL-18 /PULL DOWN PLEGADORA,YOLIANNY,FINALIZADO,SUPERVISOR,"Se realizan ajustes varios de puesta a punto debido a cambio de formato de 330mL a 250mL. Entre estos:Recarga de aceite hidráulico debido a alarma de bajo nivel y Ajustes de guías de plegador final debido a mala formación de envases al momento del arranque. En este tiempo se incluye falla de Sistema de seguridad de robot tavil,  el cual, para poder dar inicio  a la producción, se puentea señal de paradas de emergencia de robot en relé de seguridad SG0. Aunado a esto, el robot presenta también falla de comunicación (alarma en PLC) por lo que al inspeccionar se observa falla de accionamiento de relé electromagético R1, se ajusta el mismo y permite el accionamiento correcto de los transportadores de entrada (linea y bateria)",04/05/2026,23:30:06,05/05/2026,2:25:02,,2:54:56
57feade1,ASÉPTICO,TURNO 3,LINEA 3,FW32,FW-SELL-05 /UNIDAD DE SELLADO,YOLIANNY,FINALIZADO,SUPERVISOR,Se realizan ajustes varios de puesta a punto por cambio de presentación 330mL a 250mL  debido a falla de ruptura de sellado (polietileno) se ajusta altura de dedos arrastadores y temperatura de sellado de alimentación.,05/05/2026,2:35:52,05/05/2026,3:39:05,N/A,1:03:13
b8be6ce1,ASÉPTICO,TURNO 3,LINEA 3,FW32,FW-AGR-03 /UNIDAD AGRUPADORA,YOLIANNY,FINALIZADO,SUPERVISOR,Caída y descarte de envases se ajustan guías de entrada y altura de placas de empujador.,05/05/2026,4:00:18,05/05/2026,4:23:10,,0:22:52
fb8d6d99,ASÉPTICO,TURNO 2,LINEA 1,CBP32,CBP-EMP-05 /EMPUJADOR,EUSTORGIO,FINALIZADO,SUPERVISOR,Se ajusta sensor del cilindro de la sufridera del empujador,05/05/2026,15:00:00,05/05/2026,15:20:00,N/A,0:20:00
9385ed4c,ASÉPTICO,TURNO 2,LINEA 1,TAVIL,TAV-LLE-03 /PALET LLENO,EUSTORGIO,FINALIZADO,SUPERVISOR,Paleta atorada,05/05/2026,15:40:00,05/05/2026,16:04:00,,0:24:00
40ce77e0,ASÉPTICO,TURNO 2,LINEA 2,TAVIL,TAV-LLE-03 /PALET LLENO,EUSTORGIO,FINALIZADO,SUPERVISOR,Paleta atorada,05/05/2026,15:30:00,05/05/2026,15:36:00,N/A,0:06:00
3e19b251,ASÉPTICO,TURNO 2,LINEA 2,FW32,FW-AGR-03 /UNIDAD AGRUPADORA,EUSTORGIO,FINALIZADO,SUPERVISOR,Envases caídos,05/05/2026,17:30:00,05/05/2026,17:40:00,N/A,0:10:00
78176449,ASÉPTICO,TURNO 2,LINEA 3,HELIX,HEL-ARA-04 /ARAÑA,EUSTORGIO,FINALIZADO,SUPERVISOR,Se sacan envases atorados en la araña,05/05/2026,19:20:00,05/05/2026,20:00:00,N/A,0:40:00
c46acf1c,ASÉPTICO,TURNO 2,LINEA 3,A3CFLEX,A3CF-MES-21 /MESA DE EMPALME,EUSTORGIO,FINALIZADO,SUPERVISOR,"El equipo no realiza el empalme, se ejecuta de manera manual.",05/05/2026,16:00:00,05/05/2026,16:00:00,N/A,0:00:00
51c68e3d,ASÉPTICO,TURNO 2,LINEA 3,FW32,FW-AGR-03 /UNIDAD AGRUPADORA,EUSTORGIO,FINALIZADO,SUPERVISOR,Envases caídos,05/05/2026,19:00:00,05/05/2026,19:14:00,,0:14:00
068afffd,VACÍO,TURNO 3,LINEA 3,TAPADORA WHITECAP,TAP-MOT-03 /MOTOREDUCTOR,YOLIANNY,FINALIZADO,SUPERVISOR,"Instalación de reductor principal. Se ingresa a almacen de repuestos, se retira cadena paso 50 doble, empate paso 50 doble y empate paso 40 doble. Se recortan  a medida e instalan cadenas paso 50 y paso 40 de piñones. Se realiza limpieza y orden del area",05/05/2026,22:30:00,06/05/2026,2:40:01,"30minutos en realizacion de solicitud de repuesto, apertura e ingreso a almacen de repuestos",4:10:01
9317db22,VACÍO,TURNO 3,LINEA 3,PICKHEATER,PICK-VAL-05 /VALVULA DE COMPUERTA VAPOR,YOLIANNY,FINALIZADO,SUPERVISOR,"Retraso en el aumento de temperatura, debido a producto con baja temperatura (frio) en tanque de 6000. Se aumenta apertura la OT de valvula de vapor para evitar recirculación de producto y luego, una vez alcanzada la temperatura ideal, se vuelve a cerrar la OT a fin de evitar maltrato de producto.",06/05/2026,4:07:55,06/05/2026,4:20:00,N/A,0:12:05
7b89c333,ASÉPTICO,TURNO 3,LINEA 3,A3CFLEX,A3CF-HID-12 /SISTEMA HIDRAULICO,YOLIANNY,FINALIZADO,SUPERVISOR,"Alarma de bajo nivel de aceite hidráulico, se corrige fuga de aceite presente y se recarga.",05/05/2026,23:55:18,06/05/2026,0:02:00,,0:06:42
42d18cea,ASÉPTICO,TURNO 3,LINEA 3,HELIX,HEL-ARA-04 /ARAÑA,YOLIANNY,FINALIZADO,SUPERVISOR,"Atasco de envases ocasiona desacople de araña. Se retiran envases, se acopla y ajusta nuevamente araña.",06/05/2026,3:18:38,06/05/2026,4:07:24,N/A,0:48:46
ca6bd798,VACÍO,TURNO 3,LINEA 3,TANQUE COCCION,TAN-BOM-02 /BOMBA POSITIVA,YOLIANNY,FINALIZADO,SUPERVISOR,Retraso de aproximadamente 40min en el trasiego de producto a tanque 6000,06/05/2026,3:17:26,06/05/2026,4:30:11,N/A,1:12:45
f2405603,ASÉPTICO,TURNO 2,LINEA 1,TAVIL,TAV-LLE-03 /PALET LLENO,EUSTORGIO,FINALIZADO,SUPERVISOR,Se saca paleta atorada en carro de palets llenos,06/05/2026,17:54:00,06/05/2026,18:00:00,,0:06:00
b569a33d,ASÉPTICO,TURNO 2,LINEA 1,A3FLEX,A3F-SELL-03 /SELLADO LONGITUDINAL,EUSTORGIO,FINALIZADO,SUPERVISOR,Se sustituye racor inferior del cilindro del anillo formador por presentar obstrucción,06/05/2026,16:00:00,06/05/2026,17:01:00,,1:01:00
8e23e3ae,ASÉPTICO,TURNO 2,LINEA 1,TAVIL,TAV-GAR-06 /GUIAS/RODAMIENTOS GARRA,EUSTORGIO,FINALIZADO,SUPERVISOR,"Se cae caja de TP250, se arma paleta nuevamente y se arranca.",06/05/2026,19:10:00,06/05/2026,19:29:00,,0:19:00
cb819f37,ASÉPTICO,TURNO 2,LINEA 1,TAVIL,TAV-VAC-02 /PALET VACÍO,EUSTORGIO,FINALIZADO,SUPERVISOR,"Paleta desalineada en el carro de palets vacíos causa trancamiento, se endereza y se arranca nuevamente",06/05/2026,19:29:00,06/05/2026,19:37:00,,0:08:00
8df14307,ASÉPTICO,TURNO 2,LINEA 1,TAVIL,TAV-LLE-03 /PALET LLENO,EUSTORGIO,FINALIZADO,SUPERVISOR,Se enreda cable de sensor de presencia de paleta en la canaleta (carro de palets llenos). Se repara y se coloca tirraje para evitar que se enrede nuevamente,06/05/2026,19:46:00,06/05/2026,20:00:00,,0:14:00
51ef98ff,ASÉPTICO,TURNO 2,LINEA 1,TAVIL,TAV-MOS-14 /AJUSTE COORDENADAS,EUSTORGIO,FINALIZADO,SUPERVISOR,Se ajustan coordenadas por caída de caja TP250,06/05/2026,20:32:00,06/05/2026,20:43:00,N/A,0:11:00
736f8d01,ASÉPTICO,TURNO 2,LINEA 1,TAVIL,TAV-LLE-03 /PALET LLENO,EUSTORGIO,FINALIZADO,SUPERVISOR,Se saca paleta atorada en carro de palets llenos,06/05/2026,20:23:00,06/05/2026,20:29:00,,0:06:00
4ccfb296,ASÉPTICO,TURNO 2,LINEA 1,TAVIL,TAV-LLE-03 /PALET LLENO,EUSTORGIO,FINALIZADO,SUPERVISOR,Paleta dañada se queda atorada en el carro de palets llenos,06/05/2026,21:00:00,06/05/2026,21:05:00,,0:05:00
d1eca6a1,ASÉPTICO,TURNO 2,LINEA 3,FW32,FW-FRE-02 /UNIDAD FRENO DE ENTRADA,EUSTORGIO,FINALIZADO,SUPERVISOR,Se ajusta velocidad de freno de entrada para evitar caídas,06/05/2026,15:00:00,06/05/2026,15:06:00,,0:06:00
e1746ee6,ASÉPTICO,TURNO 2,LINEA 3,A3CFLEX,A3CF-LLE-06 /SISTEMA DE LLENADO,EUSTORGIO,FINALIZADO,SUPERVISOR,Se realiza ajuste de volumen mediante ajuste de flaps,06/05/2026,15:00:00,06/05/2026,15:09:00,,0:09:00
368e85b4,ASÉPTICO,TURNO 2,LINEA 3,A3CFLEX,A3CF-LLE-06 /SISTEMA DE LLENADO,EUSTORGIO,FINALIZADO,SUPERVISOR,Corrección de diseño,06/05/2026,16:27:00,06/05/2026,16:35:00,,0:08:00
d82ae312,ASÉPTICO,TURNO 2,LINEA 2,A3CFLEX,A3CF-LLE-06 /SISTEMA DE LLENADO,EUSTORGIO,FINALIZADO,SUPERVISOR,Se realiza ajuste de volumen mediante ajuste de flaps,06/05/2026,15:50:00,06/05/2026,16:10:00,,0:20:00
8a35350d,ASÉPTICO,TURNO 2,LINEA 2,FW32,FW-SELL-05 /UNIDAD DE SELLADO,EUSTORGIO,FINALIZADO,SUPERVISOR,"Se baja cuchilla, se limpia y se afila, se monta y se arranca nuevamente",06/05/2026,17:11:00,06/05/2026,18:56:00,,1:45:00
82ac65ae,ASÉPTICO,TURNO 2,LINEA 2,FW32,FW-SELL-05 /UNIDAD DE SELLADO,EUSTORGIO,FINALIZADO,SUPERVISOR,Se ajusta temperatura de soldadura,06/05/2026,19:00:00,06/05/2026,19:13:00,,0:13:00
5c47549d,ASÉPTICO,TURNO 2,LINEA 3,A3CFLEX,A3CF-TRA-13 /SISTEMA TRACCION,EUSTORGIO,FINALIZADO,SUPERVISOR,Corrección de diseño,06/05/2026,21:11:00,06/05/2026,21:17:00,,0:06:00
0b4c095c,VACÍO,TURNO 2,LINEA 3,TUNEL,TUN-TRAS-03 /TRASNPORTADOR ENTRADA-SALIDA,EUSTORGIO,FINALIZADO,SUPERVISOR,"Se reemplazan 04 eslabones rotos, adicionalmente se observa desgaste y juego en pasadores.",06/05/2026,19:40:00,06/05/2026,20:10:00,N/A,0:30:00
51c3a137,VACÍO,TURNO 2,LINEA 3,ETIQUETADORA,ETIQ-MAG-07 /MAGAZIN DE ETIQUETAS,EUSTORGIO,FINALIZADO,SUPERVISOR,Se reemplaza uña lateral del magazine,06/05/2026,20:00:00,06/05/2026,20:35:00,,0:35:00
240c6c5e,VACÍO,TURNO 2,LINEA 3,PICKHEATER,PICK-VAL-02 /VALVULA MODULADORA  DE VAPOR,EUSTORGIO,FINALIZADO,SUPERVISOR,"Equipo presenta lentitud al subir temperatura, probable acumulación de condensado",06/05/2026,21:00:00,06/05/2026,21:20:00,,0:20:00
662e7abd,VACÍO,TURNO 2,LINEA 3,RINSER,RIN-TRAS-06 /TRANSPORTADORES,EUSTORGIO,FINALIZADO,SUPERVISOR,Se comienzan trabajos de reemplazo de resortes neumáticos (gatos) en puertas de soplador Rinsser,06/05/2026,16:11:00,06/05/2026,16:31:00,,0:20:00
84e6392f,VACÍO,TURNO 3,LINEA 3,ETIQUETADORA,ETIQ-TUL-03 /TULIPAS,YOLIANNY,FINALIZADO,SUPERVISOR,"Desprendimiento de tulipa ocasiona colisión en estrella de entrada, se coloca nuevamente tulipa y se sincroniza estrella de entrada. La tulipa no se encontraba rota por lo que se instala nuevamente y se ajusta tornillo.",07/05/2026,4:50:55,07/05/2026,5:05:00,N/A,0:14:05
e63ac55f,ASÉPTICO,TURNO 3,LINEA 1,A3FLEX,A3F-SELL-03 /SELLADO LONGITUDINAL,YOLIANNY,FINALIZADO,SUPERVISOR,Alarma de sellado transversal. Se limpia cable coaxial con limpiador de contactos.,06/05/2026,23:45:49,06/05/2026,23:56:00,,0:10:11
586e02cc,ASÉPTICO,TURNO 3,LINEA 1,TAVIL,TAV-PAL-10 /TRANSPORTADOR DE PALETAS,YOLIANNY,FINALIZADO,SUPERVISOR,Atasco de paletas en carro de palet vacio debido a mal estado de las mismas.,07/05/2026,0:22:20,07/05/2026,0:33:42,N/A,0:11:22
8d00a812,ASÉPTICO,TURNO 3,LINEA 1,TAVIL,TAV-PAL-10 /TRANSPORTADOR DE PALETAS,YOLIANNY,FINALIZADO,SUPERVISOR,"Atasco de paletas debido a mal estado de las mismas, en carro de palet vacio.",07/05/2026,2:23:21,07/05/2026,2:29:36,N/A,0:06:15
c5825c49,ASÉPTICO,TURNO 3,LINEA 1,TAVIL,TAV-PAL-10 /TRANSPORTADOR DE PALETAS,YOLIANNY,FINALIZADO,SUPERVISOR,Atasco de paletas debido a mal estado de las mismas en carro de palet vacio,07/05/2026,2:59:28,07/05/2026,3:03:36,N/A,0:04:08
6d1fca89,ASÉPTICO,TURNO 3,LINEA 1,TAVIL,TAV-PAL-10 /TRANSPORTADOR DE PALETAS,YOLIANNY,FINALIZADO,SUPERVISOR,Atasco de paletas debido a mal estado de las mismas en carro de palet vacio,07/05/2026,3:14:01,07/05/2026,3:24:00,,0:09:59
1484e1cf,ASÉPTICO,TURNO 3,LINEA 1,TAVIL,TAV-PAL-10 /TRANSPORTADOR DE PALETAS,YOLIANNY,FINALIZADO,SUPERVISOR,Atasco de paletas debido a mal estado de las mismas en carro de palet vacio,07/05/2026,3:42:24,07/05/2026,3:48:03,,0:05:39
44d9dd64,ASÉPTICO,TURNO 3,LINEA 1,TAVIL,TAV-PAL-10 /TRANSPORTADOR DE PALETAS,YOLIANNY,FINALIZADO,SUPERVISOR,Atasco de paletas debido a mal estado de las mismas en carro de palet vacio,07/05/2026,4:05:39,07/05/2026,4:14:31,N/A,0:08:52
9f64242c,ASÉPTICO,TURNO 3,LINEA 1,TAVIL,TAV-PAL-10 /TRANSPORTADOR DE PALETAS,YOLIANNY,FINALIZADO,SUPERVISOR,"Cortocircuito en carro de palet lleno debido a atasco de cableado y desprendimiento de cableado de alimentacion de motores y sensores. Se retira cable dañado, se identifican cables de alimentación y de sensores y se conectan nuevamente quedando operativo.",07/05/2026,4:20:52,07/05/2026,5:55:02,,1:34:10
ac0b5dda,ASÉPTICO,TURNO 3,LINEA 3,TAVIL,TAV-LLE-03 /PALET LLENO,YOLIANNY,FINALIZADO,SUPERVISOR,"Cortocircuito en carro de palet lleno debido a atasco de cableado y desprendimiento de cableado de alimentacion de motores y sensores. Se retira cable dañado, se identifican cables de alimentación y de sensores y se conectan nuevamente quedando operativo.",07/05/2026,5:13:34,07/05/2026,5:32:23,N/A,0:18:49
8cd6f29a,ASÉPTICO,TURNO 2,LINEA 3,A3CFLEX,A3CF-TRA-13 /SISTEMA TRACCION,EUSTORGIO,FINALIZADO,SUPERVISOR,Corrección de diseño,07/05/2026,15:07:00,07/05/2026,15:15:00,N/A,0:08:00
330ea5b1,ASÉPTICO,TURNO 2,LINEA 3,HELIX,HEL-ARA-04 /ARAÑA,EUSTORGIO,FINALIZADO,SUPERVISOR,Se sacan envases atorados en la araña,07/05/2026,15:41:00,07/05/2026,15:44:00,N/A,0:03:00
4583807e,ASÉPTICO,TURNO 2,LINEA 3,HELIX,HEL-ARA-04 /ARAÑA,EUSTORGIO,FINALIZADO,SUPERVISOR,Se sacan envases atorados en la araña,07/05/2026,16:15:00,07/05/2026,16:23:00,,0:08:00
e682b360,ASÉPTICO,TURNO 2,LINEA 3,A3CFLEX,A3CF-TRA-13 /SISTEMA TRACCION,EUSTORGIO,FINALIZADO,SUPERVISOR,Corrección de diseño,07/05/2026,16:28:00,07/05/2026,16:30:00,,0:02:00
c7a0986d,ASÉPTICO,TURNO 2,LINEA 3,TAVIL,TAV-LLE-03 /PALET LLENO,EUSTORGIO,FINALIZADO,SUPERVISOR,"Paleta dañada se queda atorada en el carro de palets llenos, se saca de manera manual.",07/05/2026,17:10:00,07/05/2026,17:36:00,,0:26:00
31d4dba4,ASÉPTICO,TURNO 2,LINEA 3,CBP32,CBP-TPO-08 /TPOP,EUSTORGIO,FINALIZADO,SUPERVISOR,"El equipo no arranca y el TPOP no responde, se apaga y enciende nuevamente, se arranca.",07/05/2026,18:47:00,07/05/2026,19:06:00,N/A,0:19:00
5008f428,ASÉPTICO,TURNO 2,LINEA 3,A3CFLEX,A3CF-TRA-13 /SISTEMA TRACCION,EUSTORGIO,FINALIZADO,SUPERVISOR,Corrección de diseño,07/05/2026,19:37:00,07/05/2026,19:39:00,,0:02:00
8988ce56,ASÉPTICO,TURNO 2,LINEA 1,TAVIL,TAV-VAC-02 /PALET VACÍO,EUSTORGIO,FINALIZADO,SUPERVISOR,"El sensor de paleta del carro de palets vacío se desenfoca, se enfoca nuevamente.",07/05/2026,21:00:00,07/05/2026,21:25:00,,0:25:00
b9be0ada,ASÉPTICO,TURNO 2,LINEA 1,TAVIL,TAV-TRA-07 /TRANSPORTADOR BATERIA/LINEA,EUSTORGIO,FINALIZADO,SUPERVISOR,"Caja queda atravesada en batería, se endereza",07/05/2026,20:00:00,07/05/2026,20:08:00,,0:08:00
a39bbedb,ASÉPTICO,TURNO 2,LINEA 3,A3CFLEX,A3CF-TRA-13 /SISTEMA TRACCION,EUSTORGIO,FINALIZADO,SUPERVISOR,Corrección de diseño,07/05/2026,21:18:00,07/05/2026,21:20:00,N/A,0:02:00
4f7c5ce1,ASÉPTICO,TURNO 3,LINEA 1,TAVIL,TAV-PAL-10 /TRANSPORTADOR DE PALETAS,YOLIANNY,FINALIZADO,,Atasco de paletas debido a mal estado de las mismas.,07/05/2026,22:57:00,07/05/2026,23:08:39,,0:11:39
295deaea,ASÉPTICO,TURNO 3,LINEA 1,TAVIL,TAV-PAL-10 /TRANSPORTADOR DE PALETAS,YOLIANNY,FINALIZADO,SUPERVISOR,Atasco de paletas debido a mal estado de las mismas.,07/05/2026,23:15:15,07/05/2026,23:18:00,,0:02:45
c1548ade,ASÉPTICO,TURNO 3,LINEA 1,TAVIL,TAV-PAL-10 /TRANSPORTADOR DE PALETAS,YOLIANNY,FINALIZADO,SUPERVISOR,Atasco de paletas debido a mal estado de las mismas.,07/05/2026,23:31:15,07/05/2026,23:36:40,,0:05:25
0ed59eb7,ASÉPTICO,TURNO 3,LINEA 1,TAVIL,TAV-PAL-10 /TRANSPORTADOR DE PALETAS,YOLIANNY,FINALIZADO,SUPERVISOR,Atasco de paletas debido a mal estado de las mismas en carro de palet vacio,08/05/2026,0:01:13,08/05/2026,0:15:13,N/A,0:14:00
cf3ba4e2,ASÉPTICO,TURNO 3,LINEA 1,TAVIL,TAV-PAL-10 /TRANSPORTADOR DE PALETAS,YOLIANNY,FINALIZADO,SUPERVISOR,Atasco de paletas debido a mal estado de las mismas.,08/05/2026,0:52:55,08/05/2026,1:04:04,N/A,0:11:09
29c75e8b,ASÉPTICO,TURNO 3,LINEA 1,TAVIL,TAV-PAL-10 /TRANSPORTADOR DE PALETAS,YOLIANNY,FINALIZADO,SUPERVISOR,Atasco de paletas debido a mal estado de las mismas.,08/05/2026,1:22:30,08/05/2026,1:26:28,N/A,0:03:58
165d7708,VACÍO,TURNO 3,LINEA 2,EMBALADORA TECMI,TEC-SOL-13 /SOLDADOR,YOLIANNY,FINALIZADO,SUPERVISOR,"Cortocircuito en resistencia de soldador. Se inicia turno con máquina pendiente por prueba, sin embargo al llegar al equipo se observa que la pantalla no enciende y los controladores, sensores y PLC parpadean. Se inicia inspección detallada, se detecta que cortocircuito continua por lo que se realiza inspección y se detecta fusible de 4Amp dañado, se reemplaza por breaker monopolar de 5Amp retirado de embaladora gamma (perteneciente a alimentación de resistencia de soldador).  Se instala y además se corrige cortocircuito reemplazando cableado y aplicando soldadura al mismo. Se verifica componente a componente que no haya sido afectado por el cortocircuito. Se prueba, quedando operativa.",07/05/2026,22:30:58,08/05/2026,4:40:34,30minutos en ubicación e instalación de componente (breaker monopolar),6:09:36
f918cc49,ASÉPTICO,TURNO 3,LINEA 1,A3FLEX,A3F-SELL-24 /SELLADO TRANSVERSAL,YOLIANNY,FINALIZADO,SUPERVISOR,Alarma de soldadura transversal de mordaza derecha . Se aplica limpiador de contactos a conector de cable coaxial,07/05/2026,23:41:01,07/05/2026,23:51:03,,0:10:02
75b28921,ASÉPTICO,TURNO 3,LINEA 3,FW32,FW-AGR-03 /UNIDAD AGRUPADORA,YOLIANNY,FINALIZADO,SUPERVISOR,Caida de envases debido a mala formación de envases en A3CFlex. Se realizan ajustes en llenadora.,07/05/2026,22:39:07,07/05/2026,22:53:54,,0:14:47
ce2aa8e9,ASÉPTICO,TURNO 3,LINEA 3,HELIX,HEL-ARA-04 /ARAÑA,YOLIANNY,FINALIZADO,SUPERVISOR,"Atasco de envases en araña ocasiona desacople de la misma, se retiran envases atascados y se acopla araña nuevamente",07/05/2026,23:40:18,07/05/2026,23:53:54,,0:13:36
6f80fc7d,ASÉPTICO,TURNO 3,LINEA 3,HELIX,HEL-ARA-04 /ARAÑA,YOLIANNY,FINALIZADO,SUPERVISOR,Atasco de envases en araña se retiran envases dañados,08/05/2026,1:53:17,08/05/2026,2:00:49,N/A,0:07:32
9f0b97f5,ASÉPTICO,TURNO 3,LINEA 3,HELIX,HEL-ARA-04 /ARAÑA,YOLIANNY,FINALIZADO,SUPERVISOR,"Atasco de envases en araña debido a rodamiento de rodillo de araña trancado, se instala rodillo de araña de línea 2.",08/05/2026,2:22:15,08/05/2026,2:46:01,N/A,0:23:46
417e0a03,ASÉPTICO,TURNO 3,LINEA 3,HELIX,HEL-ARA-04 /ARAÑA,YOLIANNY,FINALIZADO,SUPERVISOR,Atasco de envases en araña se observa solapa inferior de envase despegada. Se realizan ajustes en A3CF,08/05/2026,3:11:25,08/05/2026,3:20:50,N/A,0:09:25
e45b1e3d,ASÉPTICO,TURNO 3,LINEA 3,HELIX,HEL-ARA-04 /ARAÑA,YOLIANNY,FINALIZADO,SUPERVISOR,Atasco de envases en araña debido a falla de solapa inferior despegada en A3Cflex,08/05/2026,3:34:08,08/05/2026,3:54:05,N/A,0:19:57
15d9e426,ASÉPTICO,TURNO 2,LINEA 3,DOMINO,DOM-ITM-01 /ITM,EUSTORGIO,FINALIZADO,SUPERVISOR,Se realiza cambio de ITM y se configura,08/05/2026,15:00:00,08/05/2026,15:07:00,N/A,0:07:00
0ba231d6,ASÉPTICO,TURNO 2,LINEA 3,TAVIL,TAV-COM-13 /PERDIDA DE COMUNICACION,EUSTORGIO,FINALIZADO,SUPERVISOR,"El panel muestra alarma de ERROR, se resetea y se saca paleta en modo manual para reiniciar el ciclo de paletizado",08/05/2026,15:20:00,08/05/2026,15:43:00,N/A,0:23:00
4a0dfdd7,ASÉPTICO,TURNO 2,LINEA 3,A3CFLEX,A3CF-SEG-08 /SISTEMA DE SEGURIDAD,EUSTORGIO,FINALIZADO,SUPERVISOR,"El TPOP muestra alarma de sistema de seguridad, se resetea y no se presenta nuevamente.",08/05/2026,16:01:00,08/05/2026,16:08:00,N/A,0:07:00
e5014d4c,ASÉPTICO,TURNO 2,LINEA 1,CBP32,CBP-EMP-05 /EMPUJADOR,EUSTORGIO,FINALIZADO,SUPERVISOR,"Se endereza y pule pala de la sufridera del empujador, se sustituyen resortes rotos",11/05/2026,15:00:00,11/05/2026,16:33:00,N/A,1:33:00
8be6b3ec,ASÉPTICO,TURNO 2,LINEA 1,TAVIL,TAV-LLE-03 /PALET LLENO,EUSTORGIO,FINALIZADO,SUPERVISOR,Ocurren varias paradas por paletas rotas,11/05/2026,20:00:00,11/05/2026,20:27:00,N/A,0:27:00
5e6df6ed,ASÉPTICO,TURNO 2,LINEA 1,TAVIL,TAV-LLE-03 /PALET LLENO,EUSTORGIO,FINALIZADO,SUPERVISOR,El paletizado se detiene por acumulación de paletas llenas (falta de montacargas),11/05/2026,18:32:00,11/05/2026,19:05:00,N/A,0:33:00
22123f5c,ASÉPTICO,TURNO 2,LINEA 2,A3CFLEX,A3CF-SELL-03 /SELLADO LONGITUDINAL,EUSTORGIO,FINALIZADO,SUPERVISOR,Falla de elemento de sellado longitud,11/05/2026,15:00:00,11/05/2026,16:40:00,N/A,1:40:00
c8eeabde,ASÉPTICO,TURNO 2,LINEA 2,A3CFLEX,A3CF-ASE-01 /CAMARA ASEPTICA,EUSTORGIO,FINALIZADO,SUPERVISOR,Durante los ajustes y revisiones efectuados la alarma se despeja pero no se identifica la causa.,11/05/2026,16:57:00,11/05/2026,18:13:00,N/A,1:16:00
4a7b7a90,ASÉPTICO,TURNO 2,LINEA 2,A3CFLEX,A3CF-PER-07 /SITEMA PEROXIDO,EUSTORGIO,FINALIZADO,SUPERVISOR,Se recarga peróxido,11/05/2026,18:25:00,11/05/2026,18:28:00,N/A,0:03:00
b097f405,ASÉPTICO,TURNO 2,LINEA 2,TAVIL,TAV-LLE-03 /PALET LLENO,EUSTORGIO,FINALIZADO,SUPERVISOR,"Se parte paleta llena al moverse a través de los transportadores, se repaletiza y se saca paleta partida",11/05/2026,19:18:00,11/05/2026,19:24:00,N/A,0:06:00
c40b5e8e,ASÉPTICO,TURNO 2,LINEA 3,TAVIL,TAV-LLE-03 /PALET LLENO,EUSTORGIO,FINALIZADO,SUPERVISOR,Se saca paleta partida en el transportador de palets llenos,11/05/2026,18:00:00,11/05/2026,18:48:00,,0:48:00
b015cbba,ASÉPTICO,TURNO 2,LINEA 3,A3CFLEX,A3CF-MES-21 /MESA DE EMPALME,EUSTORGIO,FINALIZADO,SUPERVISOR,Se realiza empalme de manera manual,11/05/2026,17:36:00,11/05/2026,17:48:00,N/A,0:12:00
ebac7246,ASÉPTICO,TURNO 2,LINEA 3,A3CFLEX,A3CF-TRA-13 /SISTEMA TRACCION,EUSTORGIO,FINALIZADO,SUPERVISOR,Corrección de diseño,11/05/2026,19:43:00,11/05/2026,19:47:00,N/A,0:04:00
61d94d8e,ASÉPTICO,TURNO 2,LINEA 1,TAVIL,TAV-LLE-03 /PALET LLENO,EUSTORGIO,FINALIZADO,SUPERVISOR,Ocurren varias paradas por paletas dañadas,11/05/2026,20:00:00,11/05/2026,21:57:00,,1:57:00
,,,,,,,,,,,,,,,
d7b24472,ASÉPTICO,TURNO 2,LINEA 2,TAVIL,TAV-LLE-03 /PALET LLENO,EUSTORGIO,FINALIZADO,SUPERVISOR,Se saca paleta partida del carro de palets llenos,11/05/2026,20:50:00,11/05/2026,21:16:00,,0:26:00
490bb968,ASÉPTICO,TURNO 2,LINEA 3,TAVIL,TAV-LLE-03 /PALET LLENO,EUSTORGIO,FINALIZADO,SUPERVISOR,"Paleta llena se abre por la mitad y queda atravesada en la barrera de seguridad, se desarma y se repaletiza.",11/05/2026,20:00:00,11/05/2026,21:02:00,,1:02:00
f6de8c36,ASÉPTICO,TURNO 3,LINEA 1,TAVIL,TAV-TRA-07 /TRANSPORTADOR BATERIA/LINEA,RICARDO,FINALIZADO,SUPERVISOR,"Falla:

Falla en el robot paletizador (Robot-Tavil) debido a un mal armado del mosaico en la Línea 1.

​Diagnóstico:

Al observar la avería, se detectó que el transportador de rodillos de batería de la Línea 1 no desplaza las cajas de manera satisfactoria; específicamente, la última caja (de un grupo de cinco) se detiene en el transportador. Tras probar el equipo en funcionamiento, se identificó que la polea de transmisión presentaba un desgaste excesivo debido a que su material de fabricación era plástico.

​Acciones Correctivas:

​Sustitución de componentes: Se reemplazó la polea de plástico por una de alta resistencia (acero). 

Asimismo, se procedió al cambio de la correa de transmisión.

​Ajuste de parámetros: Tras los cambios mecánicos, se observó que la transmisión aún no era óptima. Por tal motivo, se modificó el parámetro F003 del variador U13, el cual corresponde al tiempo de desaceleración del motor.

​Optimización: El tiempo se amplió de 0.5 segundos a 3 segundos.

​Resultado:

Se realizaron las pruebas pertinentes, resultando satisfactorias. El equipo se entrega operativo y en condiciones óptimas de trabajo.

También se sustituye 03 Oring, en el transporrador de rodillo de línea.",12/05/2026,2:00:00,12/05/2026,3:00:00,N/A,1:00:00
,,,,,,,,,,,,,,,
70db9907,ASÉPTICO,TURNO 3,LINEA 1,A3FLEX,A3F-SEG-08 /SISTEMA DE SEGURIDAD,RICARDO,FINALIZADO,SUPERVISOR,"Falla: Sistema de seguridad sensores dañados, alarma de puerta abierta.

Solución: Se procede a sustituir sensor de puerta derecha de plegador.",12/05/2026,4:00:00,12/05/2026,4:10:00,N/A,0:10:00
be6f5639,ASÉPTICO,TURNO 3,LINEA 2,TAVIL,TAV-TRA-07 /TRANSPORTADOR BATERIA/LINEA,RICARDO,FINALIZADO,SUPERVISOR,"Falla afecta a línea 1, Pero al pertenecer al mismo robot, se detienen las 2 líneas.

Falla en el robot paletizador (Robot-Tavil) debido a un mal armado del mosaico en la Línea 1.

​Diagnóstico:

Al observar la avería, se detectó que el transportador de rodillos de batería de la Línea 1 no desplaza las cajas de manera satisfactoria; específicamente, la última caja (de un grupo de cinco) se detiene en el transportador. Tras probar el equipo en funcionamiento, se identificó que la polea de transmisión presentaba un desgaste excesivo debido a que su material de fabricación era plástico.

​Acciones Correctivas:

​Sustitución de componentes: Se reemplazó la polea de plástico por una de alta resistencia (acero). 

Asimismo, se procedió al cambio de la correa de transmisión.

​Ajuste de parámetros: Tras los cambios mecánicos, se observó que la transmisión aún no era óptima. Por tal motivo, se modificó el parámetro F003 del variador U13, el cual corresponde al tiempo de desaceleración del motor.

​Optimización: El tiempo se amplió de 0.5 segundos a 3 segundos.

​Resultado:

Se realizaron las pruebas pertinentes, resultando satisfactorias. El equipo se entrega operativo y en condiciones óptimas de trabajo.",12/05/2026,2:45:00,12/05/2026,3:30:00,N/A,0:45:00
00706c99,ASÉPTICO,TURNO 3,LINEA 2,A3CFLEX,A3CF-SEG-08 /SISTEMA DE SEGURIDAD,RICARDO,FINALIZADO,SUPERVISOR,"Se limpian sensores de seguridad de puerta , ya que marca alarma de puerta abierta, se ajusta y se entrega el equipo operativo.",12/05/2026,3:41:00,12/05/2026,3:54:00,N/A,0:13:00
bd341ad2,ASÉPTICO,TURNO 3,LINEA 3,TAVIL,TAV-PAL-10 /TRANSPORTADOR DE PALETAS,RICARDO,FINALIZADO,SUPERVISOR,"Falla: Cilindro policía de paletas, desprendido.

Solución: Se procede ajustar cilindro, ”tornillos desprendidos”, se ajusta, se posiciona con respecto a la paleta y se entrega el equipo operativo.",11/05/2026,23:25:00,11/05/2026,23:40:00,,0:15:00
3bf0425d,ASÉPTICO,TURNO 2,LINEA 2,A3CFLEX,A3CF-ASE-01 /CAMARA ASEPTICA,EUSTORGIO,FINALIZADO,SUPERVISOR,"Se revisa alarma por alta temperatura de elemento de parada corta, se ajusta conector del termopar.",12/05/2026,19:00:36,12/05/2026,19:57:12,N/A,0:56:36
773da3ce,ASÉPTICO,TURNO 2,LINEA 2,A3CFLEX,A3CF-PULL-18 /PULL DOWN PLEGADORA,EUSTORGIO,FINALIZADO,SUPERVISOR,Se sacan envases atascados,12/05/2026,19:58:41,12/05/2026,20:01:14,,0:02:33
fc039789,ASÉPTICO,TURNO 2,LINEA 2,A3CFLEX,A3CF-ASE-01 /CAMARA ASEPTICA,EUSTORGIO,FINALIZADO,SUPERVISOR,"Se bajan rollers del elemento, se busca en almacén y en los cajones, no se consiguen nuevos ni usados, se montan nuevamente los rollers deteriorados.",12/05/2026,21:00:56,12/05/2026,22:00:24,,0:59:28
1130181b,ASÉPTICO,TURNO 2,LINEA 2,A3CFLEX,A3CF-PULL-18 /PULL DOWN PLEGADORA,EUSTORGIO,FINALIZADO,SUPERVISOR,,12/05/2026,20:50:10,12/05/2026,20:56:26,,0:06:16
30350aaa,ASÉPTICO,TURNO 2,LINEA 3,FW32,FW-FRE-02 /UNIDAD FRENO DE ENTRADA,EUSTORGIO,FINALIZADO,SUPERVISOR,Se ajusta valor de colocación de entrada en el freno (falla de conteo),12/05/2026,19:24:52,12/05/2026,19:35:30,,0:10:38
37f1af91,ASÉPTICO,TURNO 2,LINEA 3,TAVIL,TAV-LLE-03 /PALET LLENO,EUSTORGIO,FINALIZADO,SUPERVISOR,Se saca paleta dañada atorada,12/05/2026,19:49:56,12/05/2026,20:06:03,,0:16:07
48560b16,ASÉPTICO,TURNO 2,LINEA 3,CBP32,CBP-VEN-14 /VENTOSAS,EUSTORGIO,FINALIZADO,SUPERVISOR,Se sustituye una de las ventosas,12/05/2026,20:32:40,12/05/2026,21:06:56,,0:34:16
bf87374a,ASÉPTICO,TURNO 2,LINEA 3,A3CFLEX,A3CF-TRA-13 /SISTEMA TRACCION,EUSTORGIO,FINALIZADO,SUPERVISOR,Corrección de diseño,12/05/2026,21:00:02,12/05/2026,21:02:15,,0:02:13
ddd36e92,VACÍO,TURNO 2,LINEA 3,DESPALETIZADOR COLADOS,DES-MES-05 /CARRO BARREDOR DE CAMADA,EUSTORGIO,FINALIZADO,SUPERVISOR,"Las pinzas no quedan a nivel del separador de las camadas, por lo que el carro colisiona, se sacan los envases de manera manual, se coloca el equipo en posición de inicio y se observa que la base del palpador está desalineada, se endereza y se arranca nuevamente.",12/05/2026,20:00:14,12/05/2026,21:50:51,N/A,1:50:37
a319e9ec,VACÍO,TURNO 2,LINEA 3,ETIQUETADORA,ETIQ-PIS-06 /PISTOLAS DE PEGA,EUSTORGIO,FINALIZADO,SUPERVISOR,Se ajusta punto de pega de la pistola 01,12/05/2026,21:45:21,12/05/2026,22:15:59,N/A,0:30:38
90d1648c,VACÍO,TURNO 1,LINEA 3,ETIQUETADORA,ETIQ-TUL-03 /TULIPAS,YOLIANNY,FINALIZADO,SUPERVISOR,Trancamiento de tulipa #10,13/05/2026,7:30:00,13/05/2026,7:55:00,15min de solicitud y búsqueda de rodamiento,0:25:00
e663f56e,VACÍO,TURNO 1,LINEA 3,ETIQUETADORA,ETIQ-TUL-03 /TULIPAS,YOLIANNY,FINALIZADO,SUPERVISOR,Se reemplaza arandela de tulipa #10,13/05/2026,8:00:00,13/05/2026,8:18:00,6min en busqueda de arandela,0:18:00
95cc473e,VACÍO,TURNO 1,LINEA 3,ETIQUETADORA,ETIQ-PIS-06 /PISTOLAS DE PEGA,YOLIANNY,FINALIZADO,SUPERVISOR,Se realiza limpieza de platos y se ajusta sprayado de pistola #1,13/05/2026,8:30:00,13/05/2026,8:40:00,N/A,0:10:00
3976324f,VACÍO,TURNO 1,LINEA 3,ROBOT MOTOMAN,ROB-SUM-10 /SUMINISTRO ELECTRICO,YOLIANNY,FINALIZADO,SUPERVISOR,Falla en ciclo automatico. Robot repite primer movimiento. Se realiza fin de ciclo pero tampoco responde por lo que se apaga durante unos minutos y se enciende nuevamente permitiendo reiniciar el ciclo. Probable causa raíz posible flicker,13/05/2026,10:00:00,13/05/2026,10:30:00,N/A,0:30:00
242d46f2,VACÍO,TURNO 1,LINEA 3,TECMI,TEC-COM-04 /SISTEMA DE COMPUERTAS,YOLIANNY,FINALIZADO,SUPERVISOR,Ruptura de racor de electrovalvula de apertura de compuertas. Se reemplaza el mismo quedando operativo.,13/05/2026,10:38:00,13/05/2026,10:49:00,5min de busqueda de racor,0:11:00
ec1e6b95,VACÍO,TURNO 1,LINEA 3,ETIQUETADORA,ETIQ-TUL-03 /TULIPAS,YOLIANNY,FINALIZADO,SUPERVISOR,"Tulipa #4 se desprende debido a falta de tornillo, se coloca tornillo faltante.",13/05/2026,12:00:00,13/05/2026,12:15:00,5min en la busqueda de tornillo,0:15:00
d67f3475,VACÍO,TURNO 1,LINEA 3,ETIQUETADORA,ETIQ-MAG-07 /MAGAZIN DE ETIQUETAS,YOLIANNY,FINALIZADO,SUPERVISOR,Ruptura de nylon tensor de magazine,13/05/2026,12:35:00,13/05/2026,12:38:00,N/A,0:03:00
f5f7b8d1,ASÉPTICO,TURNO 2,LINEA 3,A3CFLEX,A3CF-TRA-13 /SISTEMA TRACCION,EUSTORGIO,FINALIZADO,SUPERVISOR,Corrección de diseño,13/05/2026,15:17:00,13/05/2026,15:19:00,N/A,0:02:00
62929eb8,ASÉPTICO,TURNO 2,LINEA 3,A3CFLEX,A3CF-PER-07 /SITEMA PEROXIDO,EUSTORGIO,FINALIZADO,SUPERVISOR,Se resetea alarma por concentración de peróxido.,13/05/2026,15:48:00,13/05/2026,15:54:00,N/A,0:06:00
5fc5af96,ASÉPTICO,TURNO 2,LINEA 3,HELIX,HEL-TRA-10TRANSPORTADOES,EUSTORGIO,FINALIZADO,SUPERVISOR,Se realiza aclarado debido a que los envases se estaban girando.,13/05/2026,17:18:00,13/05/2026,17:34:00,N/A,0:16:00
256670a5,ASÉPTICO,TURNO 2,LINEA 2,A3CFLEX,A3CF-LLE-06 /SISTEMA DE LLENADO,EUSTORGIO,FINALIZADO,SUPERVISOR,Se ajusta leva de los flaps de llenado para corregir bajo peso de producto,13/05/2026,18:00:00,13/05/2026,18:47:00,,0:47:00
230a52e8,ASÉPTICO,TURNO 2,LINEA 3,A3CFLEX,A3CF-TRA-13 /SISTEMA TRACCION,EUSTORGIO,FINALIZADO,SUPERVISOR,"Material de empaque se sale de la guía, se realiza ajuste",13/05/2026,19:40:00,13/05/2026,19:47:00,,0:07:00
e09b747f,ASÉPTICO,TURNO 2,LINEA 3,A3CFLEX,A3CF-TRA-13 /SISTEMA TRACCION,EUSTORGIO,FINALIZADO,SUPERVISOR,"Material de empaque se sale de la guía, se realiza ajuste para corregir",13/05/2026,17:55:00,13/05/2026,18:28:00,,0:33:00
969fd5b7,ASÉPTICO,TURNO 2,LINEA 3,HELIX,HEL-TRA-10TRANSPORTADOES,EUSTORGIO,FINALIZADO,SUPERVISOR,Se realiza aclarado para corregir giro de envases.,13/05/2026,18:30:00,13/05/2026,18:38:00,,0:08:00
,,,,,,,,,,,,,,,
,,,,,,,,,,,,,,,
dfc14938,ASÉPTICO,TURNO 2,LINEA 2,A3CFLEX,A3CF-LLE-06 /SISTEMA DE LLENADO,EUSTORGIO,FINALIZADO,SUPERVISOR,Se ajusta leva de los flaps de volumen,13/05/2026,18:21:00,13/05/2026,18:44:00,,0:23:00
89975a76,ASÉPTICO,TURNO 2,LINEA 2,TAVIL,TAV-LLE-03 /PALET LLENO,EUSTORGIO,FINALIZADO,SUPERVISOR,Se destraba paleta atorada en carro de palets vacíos,13/05/2026,19:01:00,13/05/2026,19:20:00,,0:19:00
26455818,ASÉPTICO,TURNO 2,LINEA 2,A3CFLEX,A3CF-ASE-01 /CAMARA ASEPTICA,EUSTORGIO,FINALIZADO,SUPERVISOR,"Se rompe el empalme automático al pasar por el rodillo formador de la cámara aséptica, no se determina la causa",13/05/2026,19:56:00,13/05/2026,22:30:00,,2:34:00
f801adef,VACÍO,TURNO 2,LINEA 3,ETIQUETADORA,ETIQ-PIS-06 /PISTOLAS DE PEGA,EUSTORGIO,FINALIZADO,SUPERVISOR,Se ajusta disparo de pega de la pistola 01,13/05/2026,17:00:00,13/05/2026,17:20:00,,0:20:00
440ff971,VACÍO,TURNO 2,LINEA 3,ROBOT MOTOMAN,ROB-GAR-03 /GARRA,EUSTORGIO,FINALIZADO,SUPERVISOR,Se saca paleta en manual debido a que se estaban abriendo las camadas.,13/05/2026,17:44:00,13/05/2026,18:00:00,,0:16:00
5aac7ee1,VACÍO,TURNO 2,LINEA 3,TUNEL,TUN-TRAS-03 /TRASNPORTADOR ENTRADA-SALIDA,EUSTORGIO,FINALIZADO,SUPERVISOR,Se ajustan pasadores flojos en los eslabones,13/05/2026,19:30:00,13/05/2026,19:38:00,,0:08:00
cf7d4dcf,VACÍO,TURNO 2,LINEA 3,TECMI,TEC-SOL-13 /SOLDADOR,EUSTORGIO,FINALIZADO,SUPERVISOR,"Se dispara protección de la resistencia frontal del horno, se deben revisar cables y aislantes cerámicos",13/05/2026,20:02:00,13/05/2026,20:12:00,,0:10:00
2816e49e,ASÉPTICO,TURNO 3,LINEA 2,A3CFLEX,A3CF-ELE-25 /SUMINISTRO ELÉCTRICO,RICARDO,FINALIZADO,SUPERVISOR,Falla suministro eléctrico Corpoelec. Máquina ya tenía programa arriba lista para arrancar. Se vuelve a subir programa,13/05/2026,22:53:00,13/05/2026,23:53:00,N/A,1:00:00
fdec7629,ASÉPTICO,TURNO 3,LINEA 2,A3CFLEX,A3CF-COR-17 /CORREA ALIM PLEGADORA,RICARDO,FINALIZADO,SUPERVISOR,Envase caía encima del taco de la correa. Se ajusta compensación de correa de -8 a -22,14/05/2026,0:31:00,14/05/2026,0:44:00,N/A,0:13:00
8ba41fb6,ASÉPTICO,TURNO 3,LINEA 2,FW32,FW-SELL-05 /UNIDAD DE SELLADO,RICARDO,FINALIZADO,SUPERVISOR,Sellado debil. Se ajusta temperatura y presión de aire.,14/05/2026,0:56:00,14/05/2026,1:11:00,N/A,0:15:00
aea130d2,ASÉPTICO,TURNO 3,LINEA 2,FW32,FW-SELL-05 /UNIDAD DE SELLADO,RICARDO,FINALIZADO,SUPERVISOR,Sellado debil. Se deja a turno siguiente,14/05/2026,6:45:00,14/05/2026,7:00:00,N/A,0:15:00
8de39be0,ASÉPTICO,TURNO 2,LINEA 1,TAVIL,TAV-TRA-07 /TRANSPORTADOR BATERIA/LINEA,EUSTORGIO,FINALIZADO,SUPERVISOR,"Se ajusta en varias ocasiones correa de la batería de L1, se debe programar reemplazo al final de la producción",14/05/2026,17:00:00,14/05/2026,17:48:00,N/A,0:48:00
7d0ab7f5,ASÉPTICO,TURNO 2,LINEA 1,CBP32,CBP-FRE-01 /UNIDAD FRENO DE ENTRADA,EUSTORGIO,FINALIZADO,SUPERVISOR,"Se daña sensor del freno de entrada, se sustituye",14/05/2026,17:00:00,14/05/2026,17:38:00,N/A,0:38:00
d335565b,ASÉPTICO,TURNO 2,LINEA 3,FW32,FW-TPO-01 /TPOP DISPLAY,EUSTORGIO,FINALIZADO,SUPERVISOR,Se realizan ajustes para cambio de presentación (De TPA250 a TPA200),14/05/2026,20:00:00,14/05/2026,21:15:00,,1:15:00
4d3baeeb,ASÉPTICO,TURNO 2,LINEA 3,FW32,FW-TPO-01 /TPOP DISPLAY,EUSTORGIO,FINALIZADO,SUPERVISOR,Se realizan ajustes para cambio de presentación (De TPA250 a TPA200),14/05/2026,21:45:00,14/05/2026,22:14:00,N/A,0:29:00
cc5cb034,ASÉPTICO,TURNO 3,LINEA 3,FW32,FW-TRA-06 /UNIDAD TRANSF TREEPACK,RICARDO,FINALIZADO,SUPERVISOR,Caída de treepack. Se ajustan altura de dedos sujetadores,14/05/2026,23:06:00,14/05/2026,23:23:00,,0:17:00
dd3da94c,ASÉPTICO,TURNO 3,LINEA 3,FW32,FW-AGR-03 /UNIDAD AGRUPADORA,RICARDO,FINALIZADO,SUPERVISOR,Mala entrega de envase. Se consigue base de empujador(pala) doblada. A su vez se ajusta ambas pala para garantizar mejor la entrega de envase,15/05/2026,3:26:00,15/05/2026,4:00:00,N/A,0:34:00
26db8774,ASÉPTICO,TURNO 2,LINEA 3,SAP,SAP-TPO-01 /TPOP DISPLAY,EUSTORGIO,FINALIZADO,,"Se presentan varias alarmas del sistema de seguridad, se realizan varios ajustes y mediciones, la falla aparentemente se corregía pero reaparecía, finalmente se determina que una de las tinas del sistema de seguridad estaba llena de producto y provocaba falsas señales en el relé PLUTO, se limpia con limpia contactos y se despeja la falla",15/05/2026,18:00:00,15/05/2026,19:38:00,N/A,1:38:00
76d8058a,VACÍO,TURNO 2,LINEA 3,ETIQUETADORA,ETIQ-TUL-03 /TULIPAS,RICARDO,FINALIZADO,SUPERVISOR,Colisión en alimentación de envase por reten dañado en eje de tulipa #2,18/05/2026,15:00:00,18/05/2026,15:35:00,N/A,0:35:00
2012d650,VACÍO,TURNO 1,LINEA 3,ETIQUETADORA,ETIQ-TUL-03 /TULIPAS,EUSTORGIO,FINALIZADO,SUPERVISOR,"Se sale retén del eje principal del cabezal de la tulipa #2, se rectifica y se monta nuevamente.",18/05/2026,12:01:00,18/05/2026,13:46:00,40,1:45:00
9dc33baa,VACÍO,TURNO 1,LINEA 3,ETIQUETADORA,ETIQ-PIS-06 /PISTOLAS DE PEGA,EUSTORGIO,FINALIZADO,SUPERVISOR,Se ajusta disparo para evitar caída de pega en los platos giratorios y tulipas,18/05/2026,13:50:00,18/05/2026,14:10:00,,0:20:00
77f10fa8,VACÍO,TURNO 1,LINEA 3,LLENADORA ELMAR,LLE-EST-04 /ESTRELLA ENTRADA,EUSTORGIO,FINALIZADO,SUPERVISOR,"Se ajustan pistas inferiores de la llenadora, guía y estrella de entrada.",18/05/2026,11:00:00,18/05/2026,12:10:00,,1:10:00
cd4e399d,VACÍO,TURNO 2,LINEA 3,TAPADORA WHITECAP,TAP-COM-10 /COMPRESOR DE AIRE,RICARDO,FINALIZADO,SUPERVISOR,Falla en descarte de tapa y etiquetadora por baja presión de aire. Al revisar compresor se encontró válvula de salida cerrada.,18/05/2026,17:05:00,18/05/2026,17:35:00,N/A,0:30:00
3445955a,ASÉPTICO,TURNO 2,LINEA 3,A3CFLEX,A3CF-PER-07 /SITEMA PEROXIDO,RICARDO,FINALIZADO,SUPERVISOR,Vacío lento en hi subiendo programa. Se consigue oring de electroválvula dañado. Contactos sulfatado. Y por último se cambia electroválvula,18/05/2026,15:00:00,18/05/2026,17:36:00,N/A,2:36:00
90fa888b,ASÉPTICO,TURNO 2,LINEA 1,DOMINO,DOM-SEN-04 /SENSOR,RICARDO,FINALIZADO,SUPERVISOR,No detectaba bien el envase la cual salía corrido la impresión. Se ajusta retardo. Esto pasa cuando cambia la velocidad de la llenadora,18/05/2026,15:22:00,18/05/2026,17:25:00,N/A,2:03:00
f87011e8,ASÉPTICO,TURNO 2,LINEA 1,TAVIL,TAV-FLE-04 /FLEJADOR DE PALETAS,RICARDO,FINALIZADO,SUPERVISOR,Atasco de paleta,18/05/2026,17:16:00,18/05/2026,17:22:00,N/A,0:06:00
ae71183a,ASÉPTICO,TURNO 2,LINEA 1,CBP32,CBP-AGR-03 /AGRUPADOR,RICARDO,FINALIZADO,SUPERVISOR,Falla de riel guía. Por sensor desenfocado. Se ajusta sensor,18/05/2026,18:30:00,18/05/2026,18:41:00,N/A,0:11:00
b3b34634,ASÉPTICO,TURNO 2,LINEA 1,TAVIL,TAV-TRA-07 /TRANSPORTADOR BATERIA/LINEA,RICARDO,FINALIZADO,SUPERVISOR,Las cajas en batería no llegan. Se ajusta tensión de correa. Seguir monitoreando,18/05/2026,19:27:00,18/05/2026,19:35:00,N/A,0:08:00
7957b0ec,ASÉPTICO,TURNO 2,LINEA 3,FW32,FW-TRA-06 /UNIDAD TRANSF TREEPACK,RICARDO,FINALIZADO,SUPERVISOR,Caída de treepack. Se consigue manguera rota en unos de los cilindros la cual no accionaba correctamente,18/05/2026,18:07:00,18/05/2026,18:47:00,15,0:40:00
65854c8c,VACÍO,TURNO 2,LINEA 3,ETIQUETADORA,ETIQ-TUL-03 /TULIPAS,RICARDO,FINALIZADO,SUPERVISOR,Maltrato de tapa la cual parte el envase. Se ajusta tulipa #7.16.19  se le coloca arandela al tornillo,18/05/2026,20:40:00,18/05/2026,20:52:00,,0:12:00
c66c8e3f,ASÉPTICO,TURNO 3,LINEA 1,TAVIL,TAV-TRA-07 /TRANSPORTADOR BATERIA/LINEA,YOLIANNY,FINALIZADO,SUPERVISOR,Mala agrupación de cajas en batería. Se ajusta parámetro f003 de aceleración 2 ya que en mismo se encontraba muy alto,18/05/2026,23:06:00,18/05/2026,23:12:00,N/A,0:06:00
c9f839a0,ASÉPTICO,TURNO 3,LINEA 1,TAVIL,TAV-TRA-07 /TRANSPORTADOR BATERIA/LINEA,YOLIANNY,FINALIZADO,SUPERVISOR,Mala agrupación de cajas en batería. Se ajusta parámetro f003 de aceleración 2 ya que en mismo se encontraba muy alto,18/05/2026,23:16:00,18/05/2026,23:25:00,N/A,0:09:00
c3c36911,ASÉPTICO,TURNO 3,LINEA 1,TAVIL,TAV-TRA-07 /TRANSPORTADOR BATERIA/LINEA,YOLIANNY,FINALIZADO,SUPERVISOR,Mala agrupación de cajas en batería. Se ajusta parámetro f003 de aceleración 2 de variador ya que en mismo se encontraba muy alto,18/05/2026,23:32:00,18/05/2026,23:48:00,N/A,0:16:00
881db938,VACÍO,TURNO 3,LINEA 3,ETIQUETADORA,ETIQ-EST-02 /ESTRELLAS ENTRDA-SALIDA,YOLIANNY,FINALIZADO,SUPERVISOR,"Trancamiento de envase en estrella de entrada, se sincroniza estrellla",19/05/2026,3:20:31,19/05/2026,3:30:00,N/A,0:09:29
65f2f4ec,VACÍO,TURNO 3,LINEA 3,ETIQUETADORA,ETIQ-TUL-03 /TULIPAS,YOLIANNY,FINALIZADO,SUPERVISOR,Tulipa #16 se desprende. Se ubica tornillo y se instala nuevamente. Se ajusta esprayado en pistola #1,19/05/2026,3:35:10,19/05/2026,3:50:04,N/A,0:14:54
8ac03a1b,VACÍO,TURNO 3,LINEA 3,ROBOT MOTOMAN,ROB-CAD-06 /TRANSPORTES DE PALETAS,YOLIANNY,FINALIZADO,SUPERVISOR,"Rodillos transportadores de salida de embaladora no enciende. Al inspeccionar se observa variador de motores en falla de sobrecarga. Se resetea falla, se realiza fin de ciclo y se inicia uno nuevo. En esta parada se incluye el tiempo del repaletizado de paleta a la que se aplico fin de ciclo, antes de ser completada, durante la falla.",19/05/2026,4:05:43,19/05/2026,4:40:18,N/A,0:34:35
6dc51a6c,ASÉPTICO,TURNO 3,LINEA 1,CAP,CAP-RUE-05 /UNIDAD APLICADORA TAPAS,YOLIANNY,FINALIZADO,SUPERVISOR,Falla: Tapa mal posicionada debido a signados corridos en llenadora A3Flex. Se interviene llenadora.,19/05/2026,1:10:00,19/05/2026,1:23:00,N/A,0:13:00
7be2c646,ASÉPTICO,TURNO 3,LINEA 3,FW32,FW-TRA-06 /UNIDAD TRANSF TREEPACK,YOLIANNY,FINALIZADO,SUPERVISOR,Falla: Caída de envases en zona de contracción. Se ajusta posición de cilindros guías laterales.,18/05/2026,10:49:00,18/05/2026,10:59:00,N/A,0:10:00
50b7992f,ASÉPTICO,TURNO 3,LINEA 3,A3CFLEX,A3CF-HID-12 /SISTEMA HIDRAULICO,YOLIANNY,FINALIZADO,SUPERVISOR,"Fuga de aceite en sistema hidráulico, se ajustan conexiones de tuberías de gancho de mordaza derecha. Sin embargo, se observa conexión en mal estado por lo que amerita su pronto reemplazo",19/05/2026,1:36:00,19/05/2026,1:45:00,N/A,0:09:00
e5026b89,VACÍO,TURNO 3,LINEA 3,ETIQUETADORA,ETIQ-TUL-03 /TULIPAS,YOLIANNY,FINALIZADO,SUPERVISOR,Desprendimiento de tulipa #7 debido a falta de tornillo. Se coloca y ajusta nuevamente tornillo.,19/05/2026,6:00:00,19/05/2026,6:15:00,N/A,0:15:00
17682b4b,VACÍO,TURNO 2,LINEA 3,ROBOT MOTOMAN,ROB-TRAS-02 /TRANSPORTADOR,RICARDO,FINALIZADO,SUPERVISOR,Error en variador. Se reinicia equipo. Ya que el robot perdió comunicacion.,19/05/2026,16:00:00,19/05/2026,16:27:00,N/A,0:27:00
9bfba656,ASÉPTICO,TURNO 2,LINEA 3,CBP32,CBP-TRA-10 /TRANSPORTADORES,RICARDO,FINALIZADO,SUPERVISOR,Sensor desenfocado en la salida de la máquina La cual se detenía muy frecuentemente.,19/05/2026,17:12:00,19/05/2026,17:17:00,N/A,0:05:00
484bd377,ASÉPTICO,TURNO 2,LINEA 3,FW32,FW-TRA-06 /UNIDAD TRANSF TREEPACK,RICARDO,FINALIZADO,SUPERVISOR,Caída de treepack. Se ajusta dedos sujetadores,19/05/2026,17:17:00,19/05/2026,17:25:00,N/A,0:08:00
41bdbf5c,ASÉPTICO,TURNO 3,LINEA 3,FW32,FW-SELL-05 /UNIDAD DE SELLADO,RICARDO,FINALIZADO,SUPERVISOR,Mal sellado. Se ajusta temperatura y se le coloca suplemento del lado izquierdo a Dolly ya que se encuentra en mal estado. No tenemos en stock,19/05/2026,18:45:00,19/05/2026,19:21:00,,0:36:00
7aba98af,ASÉPTICO,TURNO 2,LINEA 3,FW32,FW-TRA-06 /UNIDAD TRANSF TREEPACK,RICARDO,FINALIZADO,SUPERVISOR,Caída de treepack. Se ajusta presión de tensión de polietileno y se ajustan guías para que al sellar los envases queden mas ajustado,19/05/2026,18:14:00,19/05/2026,18:36:00,,0:22:00
cdadfd92,VACÍO,TURNO 1,LINEA 3,LLENADORA ELMAR,LLE-PAN-011 /PANEL DE CONTROL,EUSTORGIO,FINALIZADO,SUPERVISOR,"El sensor de nivel presenta falla de lectura, se desconecta el empalme y se limpian cables, se empalma nuevamente, se aplica limpia contactos al conector, queda operativo",19/05/2026,10:00:00,19/05/2026,10:34:00,N/A,0:34:00
c64a3e33,VACÍO,TURNO 1,LINEA 3,ETIQUETADORA,ETIQ-EST-02 /ESTRELLAS ENTRDA-SALIDA,EUSTORGIO,FINALIZADO,SUPERVISOR,"Se desarma guía de entrada, se retiran restos de producto y vidrio, se monta guía nuevamente y se ajusta altura del carrusel.",19/05/2026,14:00:00,19/05/2026,14:32:00,N/A,0:32:00
a50effe4,ASÉPTICO,TURNO 2,LINEA 3,FW32,FW-TRA-06 /UNIDAD TRANSF TREEPACK,RICARDO,FINALIZADO,SUPERVISOR,Caída de treepack.  Se ajusta nuevamente dedo sujetadores. Seguir monitoreando ya que no es constante,19/05/2026,19:43:00,19/05/2026,20:06:00,,0:23:00
df0c8a94,VACÍO,TURNO 2,LINEA 3,ROBOT MOTOMAN,ROB-PAN-05 /PANEL DE CONTROL,RICARDO,FINALIZADO,SUPERVISOR,Camada 11 se caen las cajas. Verificar coordenadas,19/05/2026,20:15:00,19/05/2026,20:30:00,N/A,0:15:00
c86503b1,ASÉPTICO,TURNO 3,LINEA 3,FW32,FW-SELL-05 /UNIDAD DE SELLADO,YOLIANNY,FINALIZADO,SUPERVISOR,Caída de envases en zona de contracción. Se realiza ajuste de posición de dedos arrastradores,19/05/2026,23:23:00,19/05/2026,23:44:00,,0:21:00
0e46507b,ASÉPTICO,TURNO 3,LINEA 3,TAVIL,TAV-COM-13 /PERDIDA DE COMUNICACION,YOLIANNY,FINALIZADO,SUPERVISOR,"Perdida de comunicación, equipo muestra alarma de error en el robot. Se reinicia equipo, permitiendo dar continuidad a la producción.",20/05/2026,0:31:00,20/05/2026,0:41:00,N/A,0:10:00
e81f5376,ASÉPTICO,TURNO 3,LINEA 3,CBP32,CBP-MAG-13 / MAGAZIN DE CARTONES,YOLIANNY,FINALIZADO,SUPERVISOR,Bandejas de cartones no ingresan de forma correcta. Se realizan ajustes en magazine,20/05/2026,0:10:00,20/05/2026,0:24:00,N/A,0:14:00
3b153101,ASÉPTICO,TURNO 3,LINEA 3,CBP32,CBP-CAD-07 /CADENA ARRASTRADORA,YOLIANNY,FINALIZADO,SUPERVISOR,Se ajusta posición de carro (se cierra) y se alinean arrastradores debido a mal ingreso de bandejas de cartón.,20/05/2026,0:41:00,20/05/2026,1:17:00,N/A,0:36:00
1def7b7a,ASÉPTICO,TURNO 3,LINEA 3,FW32,FW-SELL-05 /UNIDAD DE SELLADO,YOLIANNY,FINALIZADO,SUPERVISOR,"Caída de envases en zona de contracción. Se ajusta posición de placas calefactoras, se ajustan cilindros topes de entrada.",20/05/2026,1:33:00,20/05/2026,1:43:00,N/A,0:10:00
09c03948,ASÉPTICO,TURNO 3,LINEA 3,CBP32,CBP-TRA-10 /TRANSPORTADORES,YOLIANNY,FINALIZADO,SUPERVISOR,Falla: transportador de salida no enciende. Se enfocan sensores de salida.,20/05/2026,2:22:00,20/05/2026,2:38:00,N/A,0:16:00
e024b7a5,ASÉPTICO,TURNO 3,LINEA 3,TAVIL,TAV-VAC-02 /PALET VACÍO,YOLIANNY,FINALIZADO,SUPERVISOR,Atasco de paletas en carro de palet vacio debido a mal estado de las mismas.,20/05/2026,3:10:00,20/05/2026,3:23:00,N/A,0:13:00
4d22a721,ASÉPTICO,TURNO 3,LINEA 3,TAVIL,TAV-LLE-03 /PALET LLENO,YOLIANNY,FINALIZADO,SUPERVISOR,Atasco de paletas en carro de palet lleno (barrera de seguridad)debido a mal estado de las mismas.,20/05/2026,4:32:00,20/05/2026,4:37:00,N/A,0:05:00
89b2a3db,ASÉPTICO,TURNO 2,LINEA 1,TAVIL,TAV-VAC-02 /PALET VACÍO,RICARDO,FINALIZADO,SUPERVISOR,Paleta atascada,20/05/2026,16:16:00,20/05/2026,16:26:00,N/A,0:10:00
3b87f7da,ASÉPTICO,TURNO 2,LINEA 1,CBP32,CBP-SEN-06 /SENSOR ULTRASONIDO,RICARDO,FINALIZADO,SUPERVISOR,Conector del sensor flojo,20/05/2026,16:26:00,20/05/2026,16:40:00,N/A,0:14:00
e1f17b88,ASÉPTICO,TURNO 2,LINEA 3,FW32,FW-TRA-06 /UNIDAD TRANSF TREEPACK,RICARDO,FINALIZADO,SUPERVISOR,Caída de treepack.se ajusta pala empujadoras. Guías en agrupación y cilindro y regulador de dedos sujetadores,20/05/2026,19:24:00,20/05/2026,20:35:00,N/A,1:11:00
70bb5d1c,ASÉPTICO,TURNO 2,LINEA 3,FW32,FW-SELL-05 /UNIDAD DE SELLADO,RICARDO,FINALIZADO,SUPERVISOR,Rotura de sellado. Se ajusta temperatura y presión de aire,20/05/2026,21:01:00,20/05/2026,21:19:00,N/A,0:18:00
cfddf42e,ASÉPTICO,TURNO 3,LINEA 1,A3FLEX,A3F-MES-21 /MESA DE EMPALME,YOLIANNY,FINALIZADO,SUPERVISOR,Ruptura de material de envase. Se realiza empalme de forma manual.,20/05/2026,22:40:00,20/05/2026,22:55:00,,0:15:00
67408397,ASÉPTICO,TURNO 3,LINEA 1,A3FLEX,A3F-MES-21 /MESA DE EMPALME,YOLIANNY,FINALIZADO,SUPERVISOR,Material de envase se corre. Se ajusta posición de freno de bobina.,20/05/2026,23:05:00,20/05/2026,23:12:00,,0:07:00
e587578c,ASÉPTICO,TURNO 3,LINEA 1,A3FLEX,A3F-MES-21 /MESA DE EMPALME,YOLIANNY,FINALIZADO,SUPERVISOR,Material de envase se corre y rompe. Se realiza empalme de material de forma manual. Se ajusta presión de freno de bobina de 0.2  0.6 bar,21/05/2026,1:49:00,21/05/2026,2:24:00,N/A,0:35:00
98dd6f12,ASÉPTICO,TURNO 3,LINEA 1,TAVIL,TAV-VAC-02 /PALET VACÍO,YOLIANNY,FINALIZADO,SUPERVISOR,Atasco de paletas debido a mal estado de las mismas.,21/05/2026,1:17:00,21/05/2026,1:24:00,N/A,0:07:00
f32a0a1d,ASÉPTICO,TURNO 3,LINEA 3,A3CFLEX,A3CF-PRE-19 /DISPOSITIVO PRENSOR,YOLIANNY,FINALIZADO,SUPERVISOR,Maltrato de envases. Se ajustan guias de plegador final.,20/05/2026,22:52:00,20/05/2026,22:57:00,,0:05:00
ee779f99,ASÉPTICO,TURNO 3,LINEA 3,A3CFLEX,A3CF-REF-20 /SISTEMA REFRIGERACION,YOLIANNY,FINALIZADO,SUPERVISOR,"Falla: Retraso en el levantamiento de programa debido a alarma de alta temperatura y alta presion de agua de sistema de enfriamiento. Se chequea sistema, se aprietan conexiones de mangueras y se apertura válvula de ingreso de agua.",21/05/2026,2:52:00,21/05/2026,3:45:00,N/A,0:53:00
82cbf55c,ASÉPTICO,TURNO 3,LINEA 3,A3CFLEX,A3CF-TPO-01 /TPOP DISPLAY,YOLIANNY,FINALIZADO,SUPERVISOR,Tpop muestra alarma de sobrecarga de motor en sistema de comunicacion pero no especifica elemento. Se realiza inspección y no se observan guardamotores ni proteccion disparada por lo que se borra alarma y se da continuidad a la producción. Queda pendiente bajo monitoreo ya que no se ubicó la causa raíz de esta alarma.,21/05/2026,3:47:00,21/05/2026,3:54:00,N/A,0:07:00
b706df18,ASÉPTICO,TURNO 3,LINEA 3,FW32,FW-SELL-05 /UNIDAD DE SELLADO,YOLIANNY,FINALIZADO,SUPERVISOR,"Caída de envases, se realiza ajustes de altura de dedos arrastradores.",21/05/2026,4:47:00,21/05/2026,5:03:00,N/A,0:16:00
e4691056,ASÉPTICO,TURNO 3,LINEA 3,TAVIL,TAV-VAC-02 /PALET VACÍO,YOLIANNY,FINALIZADO,SUPERVISOR,Atasco de paletas debido a mal estado de las mismas.,21/05/2026,5:25:00,21/05/2026,5:36:00,N/A,0:11:00
9a605eea,ASÉPTICO,TURNO 3,LINEA 3,A3CFLEX,A3CF-COR-17 /CORREA ALIM PLEGADORA,YOLIANNY,FINALIZADO,SUPERVISOR,Desincronizacion de plegadora. Se sincroniza nuevamente,21/05/2026,5:52:00,21/05/2026,6:07:00,,0:15:00
ec5ef7e5,VACÍO,TURNO 1,LINEA 3,TAPADORA WHITECAP,TAP-BAJ-04 /BAJANTE DE TAPAS,EUSTORGIO,FINALIZADO,SUPERVISOR,Se sacan tapas atoradas en la carrilera.,21/05/2026,9:00:58,21/05/2026,9:50:50,N/A,0:49:52
ba4538a0,VACÍO,TURNO 1,LINEA 3,ETIQUETADORA,ETIQ-PIS-06 /PISTOLAS DE PEGA,EUSTORGIO,FINALIZADO,SUPERVISOR,"La pistola 01 no dosifica, se cambia conector, bobina y electroválvula, queda operativa.",21/05/2026,10:00:34,21/05/2026,11:11:23,N/A,1:10:49
3309244d,VACÍO,TURNO 1,LINEA 3,ROBOT MOTOMAN,ROB-TRAS-02 /TRANSPORTADOR,EUSTORGIO,FINALIZADO,SUPERVISOR,"Paletas dañadas se quedan atoradas en los transportadores, se sacan de manera manual.",21/05/2026,13:00:48,21/05/2026,13:51:28,N/A,0:50:40
53fad238,ASÉPTICO,TURNO 2,LINEA 1,TAVIL,TAV-VAC-02 /PALET VACÍO,RICARDO,FINALIZADO,SUPERVISOR,Paleta en mal estado,21/05/2026,17:05:00,21/05/2026,17:17:00,N/A,0:12:00
a73e12fc,ASÉPTICO,TURNO 2,LINEA 3,FW32,FW-TRA-06 /UNIDAD TRANSF TREEPACK,RICARDO,FINALIZADO,SUPERVISOR,Caída de envase. Se realizan ajustes desde la llenadora para mejorar la formación de envase. En fw  Se ajusta tracción de carro y dedos sujetadores,21/05/2026,15:07:00,21/05/2026,16:23:00,20,1:16:00
bda78687,ASÉPTICO,TURNO 2,LINEA 3,A3CFLEX,A3CF-SEG-11 /SISTEMA SEGURIDAD,RICARDO,FINALIZADO,SUPERVISOR,Puerta abierta de lado izquierdo. Se buscan Adam y Eva que estaban en la oficina pero igual la máquina arrancaba y se detenía. Se pierde mucho tiempo probando y buscando Adam y eva,21/05/2026,19:02:00,21/05/2026,19:58:00,20,0:56:00
b3acbd0b,VACÍO,TURNO 2,LINEA 3,TECMI,TEC-CAD-03 /CADENA DE CARTON,RICARDO,FINALIZADO,SUPERVISOR,Se pierde sincronización en cadena de cartones,21/05/2026,20:58:00,21/05/2026,21:23:00,23,0:25:00
cdb8f331,VACÍO,TURNO 2,LINEA 3,TUNEL,TUN-BOM-05 /BOMBA RECIRCULACION,RICARDO,FINALIZADO,SUPERVISOR,Alta temperatura de producto,21/05/2026,20:38:00,21/05/2026,20:58:00,N/A,0:20:00
ed8e1aa5,VACÍO,TURNO 3,LINEA 3,ROBOT MOTOMAN,ROB-GAR-03 /GARRA,YOLIANNY,FINALIZADO,SUPERVISOR,"Caida y ruptura de cajas, mal armado de mosaico debido a falla en la apertura de la garra. Se endereza garra y se regula presion de aire de cilindros.",22/05/2026,0:00:00,22/05/2026,0:23:03,N/A,0:23:03
0ee3af66,VACÍO,TURNO 3,LINEA 3,ETIQUETADORA,ETIQ-PIS-06 /PISTOLAS DE PEGA,YOLIANNY,FINALIZADO,SUPERVISOR,"Falla en la dosificación de pistola #1. Electrovalvula no acciona, al inspeccionar se observa que la señal de activacion de la electrovalvula no llega por lo que se realiza  seguimiento, identificación o e inspeccion de cableado de bobina encontrandose el mismo fracturado en tablero principal de máquina. Aunado a esto, se observa rele de 24V dañado producto de un posible punto caliente ocasionado por la fractura del cableado, se reemplaza el mismo. Quedando operativo. Este tiempo incluye la subida de temperatura de las unidades de pega, aproximadamente 20min",22/05/2026,0:30:33,22/05/2026,4:35:27,15minutos en busqueda de relé de reemplazo,4:04:54
d6c285e0,ASÉPTICO,TURNO 3,LINEA 3,FW32,FW-SELL-05 /UNIDAD DE SELLADO,YOLIANNY,FINALIZADO,SUPERVISOR,"Caida de envases en zona de contraccion. Se realizan ajustes de dedos arastradores, guias, cilindros topes de entrada.",21/05/2026,23:11:29,21/05/2026,23:28:12,,0:16:43
835e8e37,ASÉPTICO,TURNO 3,LINEA 3,FW32,FW-SELL-05 /UNIDAD DE SELLADO,YOLIANNY,FINALIZADO,SUPERVISOR,"Caida de envases en zona de contraccion. Se realizan ajustes de dedos arastradores, guias, cilindros topes de entrada.",21/05/2026,23:41:27,22/05/2026,0:10:09,,0:28:42
5941b80e,ASÉPTICO,TURNO 3,LINEA 3,FW32,FW-SELL-05 /UNIDAD DE SELLADO,YOLIANNY,FINALIZADO,SUPERVISOR,"Caida de envases en zona de contraccion. Se realizan ajustes de dedos arastradores, guias, cilindros topes de entrada.",22/05/2026,0:29:04,22/05/2026,0:41:13,N/A,0:12:09
e6d3c6d4,ASÉPTICO,TURNO 3,LINEA 3,FW32,FW-SELL-05 /UNIDAD DE SELLADO,YOLIANNY,FINALIZADO,SUPERVISOR,"Caida de envases en zona de contraccion. Se realizan ajustes de dedos arastradores, guias, cilindros topes de entrada.",22/05/2026,1:27:32,22/05/2026,1:45:42,N/A,0:18:10
3b4dcd32,ASÉPTICO,TURNO 3,LINEA 3,FW32,FW-SELL-05 /UNIDAD DE SELLADO,YOLIANNY,FINALIZADO,SUPERVISOR,"Caida de envases en zona de contraccion. Se realizan ajustes de dedos arastradores, guias, cilindros topes de entrada.",22/05/2026,1:03:09,22/05/2026,1:16:10,N/A,0:13:01
9bc32782,ASÉPTICO,TURNO 3,LINEA 3,A3CFLEX,A3CF-PRE-19 /DISPOSITIVO PRENSOR,YOLIANNY,FINALIZADO,SUPERVISOR,"Desde el inicio de turno se presentan constantes atascos en plegadora debido a mala formacion de envase. Se realizan ajustes varios, entre estos: Ajustes de medidas de guias de plegadora y correa de alimentacion de acuerdo a MM, se ajusta compensacion, ademas de volumen y nitrogeno pero la falla persiste.",21/05/2026,22:30:57,22/05/2026,7:00:42,,8:29:45
575152df,VACÍO,TURNO 1,LINEA 3,ETIQUETADORA,ETIQ-EST-02 /ESTRELLAS ENTRDA-SALIDA,EUSTORGIO,FINALIZADO,SUPERVISOR,Se trabaja conjuntamente con el operador en ajustes del equipo,22/05/2026,10:00:51,22/05/2026,10:34:39,N/A,0:33:48
b5b88074,VACÍO,TURNO 1,LINEA 3,DESPALETIZADOR COLADOS,DES-AIR-10 /AIRE COMPRIMIDO,RICARDO,FINALIZADO,SUPERVISOR,"Falla en el sistema de mantenimiento no activaba completamente el freno.
Se realiza prueba y se observo que no estaba llegando aire en ningún cilindro. Se consigue condensado en el sistema. Y de limpia electro válvulas de seguridad ta que quedaba cerrada.",25/05/2026,11:55:00,25/05/2026,12:50:00,N/A,0:55:00
0ef3ce82,VACÍO,TURNO 1,LINEA 3,TANQUE COCCION,TAN-VAL-07 /VALVULAS NEUMATICAS,RICARDO,FINALIZADO,SUPERVISOR,Falta de aire comprimido. Se apaga compresor,25/05/2026,22:40:00,25/05/2026,23:00:00,N/A,0:20:00
81dbc113,VACÍO,TURNO 1,LINEA 3,TANQUE COCCION,TAN-MOT-05 /MOTOREDUCTOR-AGITADOR,RICARDO,FINALIZADO,SUPERVISOR,Se apaga agitador. Por falla en suministro eléctrico,25/05/2026,10:10:00,25/05/2026,10:20:00,N/A,0:10:00
3cc46131,ASÉPTICO,TURNO 2,LINEA 1,TAVIL,TAV-TRA-07 /TRANSPORTADOR BATERIA/LINEA,YOLIANNY,FINALIZADO,SUPERVISOR,Falla de tracción de rodillos transportadores de batería. Se añade suplemento a rodillos (cinta adhesiva),25/05/2026,15:00:00,25/05/2026,15:23:00,,0:23:00
9c6273cc,ASÉPTICO,TURNO 2,LINEA 1,TAVIL,TAV-PAL-10 /TRANSPORTADOR DE PALETAS,YOLIANNY,FINALIZADO,SUPERVISOR,Atasco de paleta debido a mal estado de la misma.,25/05/2026,16:22:00,25/05/2026,16:27:00,,0:05:00
e924c8ad,ASÉPTICO,TURNO 2,LINEA 1,TAVIL,TAV-PAL-10 /TRANSPORTADOR DE PALETAS,YOLIANNY,FINALIZADO,SUPERVISOR,Falla: Atasco de paletas debido a mal estado de la misma,25/05/2026,19:52:00,25/05/2026,19:58:00,,0:06:00
6c585148,ASÉPTICO,TURNO 2,LINEA 1,A3FLEX,A3F-SEG-08 /SISTEMA DE SEGURIDAD,YOLIANNY,FINALIZADO,SUPERVISOR,Falla de sistema de seguridad (alarma de puerta abierta) Se colocan sensores de seguridad fuera de puertas de sistema de mordazas.,25/05/2026,18:24:00,25/05/2026,18:34:00,,0:10:00
b3f28a5d,ASÉPTICO,TURNO 2,LINEA 1,A3FLEX,A3F-SEG-08 /SISTEMA DE SEGURIDAD,YOLIANNY,FINALIZADO,SUPERVISOR,Falla de sistema de seguridad (alarma de puerta abierta) Se colocan sensores de seguridad fuera de puertas de sistema de mordazas.,25/05/2026,18:39:00,25/05/2026,18:56:00,,0:17:00
5b984252,ASÉPTICO,TURNO 2,LINEA 1,A3FLEX,A3F-SELL-03 /SELLADO LONGITUDINAL,YOLIANNY,FINALIZADO,SUPERVISOR,Mala alineación de papel (Línea de signados fuera de posición) ocasiona sellado longitudinal débil. Se posiciona papel nuevamente.,25/05/2026,15:28:00,25/05/2026,15:38:00,N/A,0:10:00
dbccd557,ASÉPTICO,TURNO 1,LINEA 1,TAVIL,TAV-PAL-10 /TRANSPORTADOR DE PALETAS,YOLIANNY,FINALIZADO,SUPERVISOR,Atasco de paletas debido a mal estado de las mismas,25/05/2026,20:13:00,25/05/2026,20:18:00,N/A,0:05:00
39a0ae6f,ASÉPTICO,TURNO 2,LINEA 1,TAVIL,TAV-PAL-10 /TRANSPORTADOR DE PALETAS,YOLIANNY,FINALIZADO,SUPERVISOR,Atasco de paletas debido a mal estado de las mismas,25/05/2026,21:01:00,25/05/2026,21:04:00,N/A,0:03:00
58366767,ASÉPTICO,TURNO 2,LINEA 1,TAVIL,TAV-PAL-10 /TRANSPORTADOR DE PALETAS,YOLIANNY,FINALIZADO,SUPERVISOR,Atasco de paletas debido a mal estado de las mismas,25/05/2026,21:15:00,25/05/2026,21:21:00,N/A,0:06:00
22196826,ASÉPTICO,TURNO 3,LINEA 1,TAVIL,TAV-TRA-07 /TRANSPORTADOR BATERIA/LINEA,EUSTORGIO,FINALIZADO,SUPERVISOR,Se ajusta en varias ocasiones la correa del transportador de la batería,26/05/2026,4:00:00,26/05/2026,4:54:00,,0:54:00
e2f2b6cf,ASÉPTICO,TURNO 3,LINEA 1,A3FLEX,A3F-PER-07 /SITEMA PEROXIDO,EUSTORGIO,FINALIZADO,SUPERVISOR,Se resetea alarma por falta de peróxido,25/05/2026,23:00:00,25/05/2026,23:13:00,,0:13:00
6c516a69,ASÉPTICO,TURNO 3,LINEA 1,A3FLEX,A3F-MES-21 /MESA DE EMPALME,EUSTORGIO,FINALIZADO,SUPERVISOR,Se ajusta sensor de presencia de empalme,26/05/2026,0:10:00,26/05/2026,0:38:00,,0:28:00
93fedce2,ASÉPTICO,TURNO 3,LINEA 1,HELIX,HEL-TRA-10TRANSPORTADOES,EUSTORGIO,FINALIZADO,SUPERVISOR,Se ajusta guía de salida,26/05/2026,1:00:00,26/05/2026,1:19:00,,0:19:00
2b92bc5e,ASÉPTICO,TURNO 3,LINEA 3,A3CFLEX,A3CF-PER-07 /SITEMA PEROXIDO,EUSTORGIO,FINALIZADO,SUPERVISOR,"Se daña refractómetro, no se dispone de repuesto",25/05/2026,22:30:00,26/05/2026,7:00:00,,8:30:00
bc806a95,ASÉPTICO,TURNO 3,LINEA 1,TAVIL,TAV-LLE-03 /PALET LLENO,EUSTORGIO,FINALIZADO,SUPERVISOR,"Paleta dañada se queda atorada en el carro de palets llenos, se saca de manera manual",26/05/2026,6:00:00,26/05/2026,6:13:00,,0:13:00
97db4e85,VACÍO,TURNO 1,LINEA 3,TAPADORA WHITECAP,TAP-CORR-02 /CORREAS LATERALES,RICARDO,FINALIZADO,SUPERVISOR,Se consigue correa doblada en varias oportunidades.,26/05/2026,8:15:00,26/05/2026,8:35:00,05,0:20:00
04954d61,VACÍO,TURNO 1,LINEA 3,ETIQUETADORA,ETIQ-MAG-07 /MAGAZIN DE ETIQUETAS,RICARDO,FINALIZADO,SUPERVISOR,Etiqueta suelta. Se ajusta base de magazine,26/05/2026,9:30:00,26/05/2026,10:08:00,N/A,0:38:00
79ad805c,VACÍO,TURNO 1,LINEA 3,ETIQUETADORA,ETIQ-MAG-07 /MAGAZIN DE ETIQUETAS,RICARDO,FINALIZADO,SUPERVISOR,Se ajusta uña de magazine,26/05/2026,9:13:00,26/05/2026,9:20:00,N/A,0:07:00
e0b11184,VACÍO,TURNO 1,LINEA 3,TAPADORA WHITECAP,TAP-CORR-02 /CORREAS LATERALES,RICARDO,FINALIZADO,SUPERVISOR,Se queda pegado un envase del lado izquierdo de la correa lateral,26/05/2026,12:28:00,26/05/2026,12:48:00,,0:20:00
3ed8d14c,VACÍO,TURNO 1,LINEA 3,ETIQUETADORA,ETIQ-MAG-07 /MAGAZIN DE ETIQUETAS,RICARDO,FINALIZADO,SUPERVISOR,Falla por uñas. Se consigue una uña y se  monta mejora el funcionamiento,26/05/2026,12:00:00,26/05/2026,12:46:00,,0:46:00
6733583c,VACÍO,TURNO 2,LINEA 3,TUNEL,TUN-TRAS-03 /TRASNPORTADOR ENTRADA-SALIDA,YOLIANNY,FINALIZADO,SUPERVISOR,Ruptura de transportador de salida del tunel. Se reemplazan 8 eslabones dañados,26/05/2026,17:45:50,26/05/2026,17:55:00,N/A,0:09:10
7341d750,VACÍO,TURNO 2,LINEA 3,ROBOT MOTOMAN,,YOLIANNY,FINALIZADO,SUPERVISOR,"Atasco de paletas en pallet lleno, paleta no sale. Debido a producto de posible falsa señal. Se retira paleta de forma manual y se enfoca sensor de cilindro tope de paleta (policia)",26/05/2026,19:16:08,26/05/2026,19:38:00,N/A,0:21:52
8ecdc2ec,VACÍO,TURNO 2,LINEA 3,DESPALETIZADOR COLADOS,DES-MES-05 /CARRO BARREDOR DE CAMADA,YOLIANNY,FINALIZADO,SUPERVISOR,"Ruptura de racor regulador de cilindro de barra empujadora. Se reemplaza racor, quedando operativo",26/05/2026,21:20:21,26/05/2026,21:32:00,8minutos en la busqueda del repuesto (racor 6mm 1/4npt),0:11:39
64de0984,ASÉPTICO,TURNO 3,LINEA 1,CBP32,CBP-FOR-02 /FORMACION DE PATRON,EUSTORGIO,FINALIZADO,SUPERVISOR,"Se revisan guías, cilindros y sensores, se limpia sensor contador.",26/05/2026,23:10:00,26/05/2026,23:44:00,,0:34:00
bac668c3,ASÉPTICO,TURNO 3,LINEA 1,TAVIL,TAV-LLE-03 /PALET LLENO,EUSTORGIO,FINALIZADO,SUPERVISOR,Se saca paleta dañada antes de comenzar el paletizado,27/05/2026,1:50:00,27/05/2026,1:57:00,,0:07:00
40f71239,ASÉPTICO,TURNO 3,LINEA 3,A3CFLEX,A3CF-PER-07 /SITEMA PEROXIDO,EUSTORGIO,FINALIZADO,SUPERVISOR,"El TPOP muestra vaciado rápido de esprayado, se baja presión de 2.5 Bar a 2.0 Bar",26/05/2026,22:30:00,27/05/2026,0:51:00,,2:21:00
517ee885,ASÉPTICO,TURNO 3,LINEA 3,A3CFLEX,A3CF-PULL-18 /PULL DOWN PLEGADORA,EUSTORGIO,FINALIZADO,SUPERVISOR,Se ajustan guías internas de la plegadora.,27/05/2026,1:00:00,27/05/2026,2:44:00,,1:44:00
6fb4e238,ASÉPTICO,TURNO 3,LINEA 3,A3CFLEX,A3CF-TRA-13 /SISTEMA TRACCION,EUSTORGIO,FINALIZADO,SUPERVISOR,Corrección de diseño,27/05/2026,3:00:00,27/05/2026,3:11:00,,0:11:00
3634ef63,ASÉPTICO,TURNO 3,LINEA 3,A3CFLEX,A3CF-TRA-13 /SISTEMA TRACCION,EUSTORGIO,FINALIZADO,SUPERVISOR,Corrección de diseño,27/05/2026,6:00:00,27/05/2026,6:03:00,,0:03:00
b713bc16,VACÍO,TURNO 3,LINEA 3,TUNEL,TUN-TRAS-03 /TRASNPORTADOR ENTRADA-SALIDA,EUSTORGIO,FINALIZADO,SUPERVISOR,Se sustituyen eslabones rotos en la cadena transportadora,26/05/2026,1:00:00,26/05/2026,1:25:13,,0:25:13
2a7a772b,VACÍO,TURNO 3,LINEA 3,DESPALETIZADOR COLADOS,DES-PAL-04 /PALPADOR DE CAMADA,EUSTORGIO,FINALIZADO,SUPERVISOR,Se ajusta altura del palpador para mejorar transferencia de camadas,26/05/2026,2:10:49,26/05/2026,2:20:43,N/A,0:09:54
5d630bd4,VACÍO,TURNO 3,LINEA 3,ETIQUETADORA,ETIQ-MAG-07 /MAGAZIN DE ETIQUETAS,EUSTORGIO,FINALIZADO,SUPERVISOR,Se ajustan uñas del magazine,26/05/2026,3:00:13,26/05/2026,3:10:42,,0:10:29
c5af4a14,ASÉPTICO,TURNO 2,LINEA 3,FW32,FW-SELL-05 /UNIDAD DE SELLADO,YOLIANNY,FINALIZADO,SUPERVISOR,Caida de envases en zona de contracción. Se realiza ajustes de guías de envases.,27/05/2026,18:00:00,27/05/2026,18:05:00,N/A,0:05:00
2d03f421,ASÉPTICO,TURNO 2,LINEA 3,FW32,FW-TRA-06 /UNIDAD TRANSF TREEPACK,YOLIANNY,FINALIZADO,SUPERVISOR,"Caída de envases en zona de contracción. Se observa dedo sujetador partido. En vista de no tener disponibilidad de repuesto en Adempiere, se retira dedo de Fw32 de línea 2 y se instala a fin de evitar prolongación de la parada. Quedando pendiente instalación de repuesto en línea 2 una vez se tenga la disponibilidad del  mismo.",27/05/2026,18:15:03,27/05/2026,18:21:00,N/A,0:05:57
58455d38,ASÉPTICO,TURNO 2,LINEA 3,TAVIL,TAV-PAL-10 /TRANSPORTADOR DE PALETAS,YOLIANNY,FINALIZADO,SUPERVISOR,Atasco de paletas en pallet vacío debido a mal estado de las mismas,27/05/2026,19:20:32,27/05/2026,19:33:00,M/A,0:12:28
ee3943e5,ASÉPTICO,TURNO 2,LINEA 1,A3FLEX,A3F-PER-07 /SITEMA PEROXIDO,YOLIANNY,FINALIZADO,SUPERVISOR,"Falla de activación de electroválvula de recarga automatica de tanque de peroxido. Se chequea sistema se observa que la señal de activacion no llega, al inspeccionar la tarjeta se encuentra en error, para despejar la falla de bajo nivel  se apaga bomba de sistema de peroxido y, una vez alcanzado el nivel, se enciende nuevamente reseteando de esta forma la tarjeta. Se recomienda continuar monitoreo",27/05/2026,18:56:12,27/05/2026,19:36:00,N/A,0:39:48
c3101bcb,ASÉPTICO,TURNO 2,LINEA 1,TAVIL,TAV-VAC-02 /PALET VACÍO,YOLIANNY,FINALIZADO,SUPERVISOR,Atasco de paletas en despaletizador de palet vacio debido a mal estado de las mismas,27/05/2026,18:19:11,27/05/2026,18:26:00,N/A,0:06:49
548e9e1d,ASÉPTICO,TURNO 2,LINEA 1,TAVIL,TAV-VAC-02 /PALET VACÍO,YOLIANNY,FINALIZADO,SUPERVISOR,Atasco de paletas en despaletizador de palet vacio debido a mal estado de las mismas,27/05/2026,20:57:18,27/05/2026,21:07:00,N/A,0:09:42
e6e6f9f4,ASÉPTICO,TURNO 2,LINEA 3,CBP32,CBP-CAD-07 /CADENA ARRASTRADORA,YOLIANNY,FINALIZADO,SUPERVISOR,Atasco y giro de cajas a la salida. Al inspeccionar se observan cartones con falla de troquelado (insumo),27/05/2026,20:38:12,27/05/2026,20:55:00,,0:16:48
93afd967,ASÉPTICO,TURNO 3,LINEA 1,CBP32,CBP-EMP-05 /EMPUJADOR,EUSTORGIO,FINALIZADO,SUPERVISOR,Se sustituyen resortes derecho e izquierdo de la sufridera del empujador,28/05/2026,4:00:00,28/05/2026,4:42:00,N/A,0:42:00
03bfaf83,ASÉPTICO,TURNO 3,LINEA 1,A3FLEX,A3F-TRA-13 /SISTEMA TRACCION,EUSTORGIO,FINALIZADO,SUPERVISOR,Corrección de diseño,28/05/2026,5:15:00,28/05/2026,5:23:00,N/A,0:08:00
ddf2d424,ASÉPTICO,TURNO 3,LINEA 1,TAVIL,TAV-LLE-03 /PALET LLENO,EUSTORGIO,FINALIZADO,SUPERVISOR,Paleta dañada se queda atorada en el carro de palets llenos,28/05/2026,5:10:00,28/05/2026,5:20:00,,0:10:00
c4c7132f,ASÉPTICO,TURNO 3,LINEA 1,A3FLEX,A3F-PER-07 /SITEMA PEROXIDO,EUSTORGIO,FINALIZADO,SUPERVISOR,"No rellena peróxido, se llena de manera manual",28/05/2026,5:20:00,28/05/2026,5:27:00,,0:07:00
745968b5,ASÉPTICO,TURNO 3,LINEA 1,HELIX,HEL-ARA-04 /ARAÑA,EUSTORGIO,FINALIZADO,SUPERVISOR,Se sacan envases atorados en la araña,28/05/2026,5:25:00,28/05/2026,5:34:00,,0:09:00
e4b6800c,ASÉPTICO,TURNO 3,LINEA 3,SAP,SAP-APL-05 /UNIDAD APLICADORA,EUSTORGIO,FINALIZADO,SUPERVISOR,Se ajusta posición de pitillo,28/05/2026,1:00:00,28/05/2026,1:56:00,,0:56:00
458cb640,ASÉPTICO,TURNO 3,LINEA 3,FW32,FW-SELL-05 /UNIDAD DE SELLADO,EUSTORGIO,FINALIZADO,SUPERVISOR,Se ajustan dedos y freno de entrada,28/05/2026,1:00:00,28/05/2026,2:06:00,,1:06:00
7fcdf20c,ASÉPTICO,TURNO 3,LINEA 3,A3CFLEX,A3CF-TRA-13 /SISTEMA TRACCION,EUSTORGIO,FINALIZADO,,Corrección de diseño,28/05/2026,4:30:00,28/05/2026,4:33:00,,0:03:00
2eae621a,ASÉPTICO,TURNO 3,LINEA 3,FW32,FW-FRE-02 /UNIDAD FRENO DE ENTRADA,EUSTORGIO,FINALIZADO,SUPERVISOR,Se ajustan dedos y freno de entrada,28/05/2026,6:00:00,28/05/2026,6:23:00,,0:23:00
e581bd31,ASÉPTICO,TURNO 1,LINEA 1,TAVIL,TAV-CON-09 /PANEL DE CONTROL,YOLIANNY,FINALIZADO,SUPERVISOR,CORTO EN FUENTE DE PODER 24V SE REALIZA REVISIÓN DETALLADA Y SE IDENTIFICA CORTO EN EL PALET VACÍO EN PRESSURE SWHITCH DE AIRE COMPRIMIDO.,01/06/2026,13:30:00,01/06/2026,15:00:00,N/A,1:30:00
e5790827,ASÉPTICO,TURNO 2,LINEA 1,TAVIL,TAV-COM-13 /PERDIDA DE COMUNICACION,EUSTORGIO,FINALIZADO,SUPERVISOR,"Se comienza referenciado de robot TAVIL 01 por falla presentada en el turno anterior pero durante las labores de chequeo se presenta falla en el módulo CPX-FB14-526174 del magazine de paletas vacías, se desarma y se encuentra quemado, se retira un módulo de las mismas características de la batería la línea de Al-340ml se comienza instalación, no se completa debido a finalización de turno",01/06/2026,15:00:29,01/06/2026,19:22:21,180,4:21:52
127a5344,ASÉPTICO,TURNO 2,LINEA 1,A3FLEX,A3F-PER-07 /SITEMA PEROXIDO,EUSTORGIO,FINALIZADO,SUPERVISOR,"Se revisa electroválvula y demás componentes, no se determina causa de la falla.",01/06/2026,16:00:32,01/06/2026,16:10:39,N/A,0:10:07
695cf35e,ASÉPTICO,TURNO 2,LINEA 1,A3FLEX,A3F-TRA-13 /SISTEMA TRACCION,EUSTORGIO,FINALIZADO,SUPERVISOR,Corrección de diseño,01/06/2026,18:00:58,01/06/2026,18:05:06,N/A,0:04:08
6ce1e309,ASÉPTICO,TURNO 2,LINEA 1,A3FLEX,A3F-SEG-08 /SISTEMA DE SEGURIDAD,EUSTORGIO,FINALIZADO,SUPERVISOR,Se revisan y limpian sensores ADAM y EVA de las puertas de las mordazas,01/06/2026,20:11:59,01/06/2026,20:21:38,N/A,0:09:39
4e383fdd,ASÉPTICO,TURNO 2,LINEA 3,FW32,FW-AGR-03 /UNIDAD AGRUPADORA,EUSTORGIO,FINALIZADO,SUPERVISOR,Se ajusta altura de los rieles inferior y superior de la unidad.,01/06/2026,19:00:37,01/06/2026,20:11:35,N/A,1:10:58
41255b0b,ASÉPTICO,TURNO 2,LINEA 3,TAVIL,TAV-MOS-14 /AJUSTE COORDENADAS,EUSTORGIO,FINALIZADO,SUPERVISOR,"Se comienza referenciado de robot TAVIL 01 por falla presentada en el turno anterior pero durante las labores de chequeo se presenta falla en el módulo CPX-FB14-526174 del magazine de paletas vacías, se desarma y se encuentra quemado, se retira un módulo de las mismas características de la batería la línea de Al-340mly se comienza instalación, no se completa debido a finalización de turno",01/06/2026,15:00:13,01/06/2026,17:40:53,N/A,2:40:40
45c2879c,ASÉPTICO,TURNO 2,LINEA 3,A3CFLEX,A3CF-TRA-13 /SISTEMA TRACCION,EUSTORGIO,FINALIZADO,SUPERVISOR,Corrección de diseño,01/06/2026,17:04:18,01/06/2026,17:08:18,N/A,0:04:00
a98b90e1,ASÉPTICO,TURNO 2,LINEA 3,A3CFLEX,A3CF-LLE-06 /SISTEMA DE LLENADO,EUSTORGIO,FINALIZADO,SUPERVISOR,Se ajusta flujo de manera manual.,01/06/2026,16:30:38,01/06/2026,16:52:06,N/A,0:21:28
01e268da,ASÉPTICO,TURNO 2,LINEA 1,TAVIL,TAV-LLE-03 /PALET LLENO,EUSTORGIO,FINALIZADO,SUPERVISOR,Se presentan varias paradas por paletas atoradas en la enfardadora y fallas en el magazine de paletas vacías,02/06/2026,16:26:00,02/06/2026,17:27:00,N/A,1:01:00
e09025ea,ASÉPTICO,TURNO 2,LINEA 2,FW32,FW-AGR-03 /UNIDAD AGRUPADORA,EUSTORGIO,FINALIZADO,SUPERVISOR,"Se ajusta presión de bobinas, dedos superiores de la unidad retractiladora, placas empujadoras y barandas",02/06/2026,18:00:00,02/06/2026,19:59:00,N/A,1:59:00
c78e072a,ASÉPTICO,TURNO 2,LINEA 2,FW32,FW-AGR-03 /UNIDAD AGRUPADORA,EUSTORGIO,FINALIZADO,SUPERVISOR,"Se ajusta presión de bobinas, dedos superiores de la unidad retractiladora, placas empujadoras y barandas",02/06/2026,16:00:00,02/06/2026,16:29:00,N/A,0:29:00
92613618,ASÉPTICO,TURNO 2,LINEA 2,HELIX,HEL-ARA-04 /ARAÑA,EUSTORGIO,FINALIZADO,SUPERVISOR,Se sacan envases atorados,02/06/2026,15:00:00,02/06/2026,15:22:00,N/A,0:22:00
af79451d,ASÉPTICO,TURNO 2,LINEA 2,SAP,SAP-APL-05 /UNIDAD APLICADORA,EUSTORGIO,FINALIZADO,SUPERVISOR,Se ajusta posición de pitillo,02/06/2026,16:00:00,02/06/2026,16:30:00,N/A,0:30:00
af8b07a4,ASÉPTICO,TURNO 2,LINEA 2,A3CFLEX,A3CF-TRA-13 /SISTEMA TRACCION,EUSTORGIO,FINALIZADO,SUPERVISOR,Corrección de diseño,02/06/2026,20:44:00,02/06/2026,21:00:00,N/A,0:16:00
a7ee4b6a,ASÉPTICO,TURNO 2,LINEA 3,TAVIL,TAV-LLE-03 /PALET LLENO,EUSTORGIO,FINALIZADO,SUPERVISOR,"Debido a que se está paletizando en manual, se para la línea en varias ocasiones por cambio de paleta",02/06/2026,17:00:00,02/06/2026,18:12:00,N/A,1:12:00
6c68fe59,ASÉPTICO,TURNO 2,LINEA 3,A3CFLEX,A3CF-TRA-13 /SISTEMA TRACCION,EUSTORGIO,FINALIZADO,SUPERVISOR,Corrección de diseño,02/06/2026,19:13:00,02/06/2026,19:16:00,N/A,0:03:00
2811b63e,ASÉPTICO,TURNO 2,LINEA 3,TAVIL,,EUSTORGIO,FINALIZADO,SUPERVISOR,Debido a que se está paletizando de manera manual se producen varias paradas al momento del cambio de paleta,02/06/2026,21:00:00,02/06/2026,21:08:00,N/A,0:08:00
3293aed2,ASÉPTICO,TURNO 2,LINEA 1,TAVIL,TAV-LLE-03 /PALET LLENO,EUSTORGIO,FINALIZADO,SUPERVISOR,Paletas dañadas se quedan atoradas en la transferencia de entrada a la enfardadora,02/06/2026,22:00:00,02/06/2026,22:15:00,N/A,0:15:00
d257b951,ASÉPTICO,TURNO 2,LINEA 3,A3CFLEX,A3CF-TRA-13 /SISTEMA TRACCION,EUSTORGIO,FINALIZADO,SUPERVISOR,Corrección de diseño,02/06/2026,21:46:00,02/06/2026,21:48:00,N/A,0:02:00
c4ec39da,ASÉPTICO,TURNO 3,LINEA 2,CBP32,CBP-MAG-13 / MAGAZIN DE CARTONES,RICARDO,FINALIZADO,SUPERVISOR,Caída de bandeja se ajusta magazine,03/06/2026,0:10:00,03/06/2026,0:25:00,N/A,0:15:00
70ea175c,ASÉPTICO,TURNO 3,LINEA 1,HELIX,HEL-ARA-04 /ARAÑA,RICARDO,FINALIZADO,SUPERVISOR,Se descarrila araña. La cual se debe sacar para posicionar. Luego se realiza calibración y aclarado,03/06/2026,5:00:00,03/06/2026,5:42:00,N/A,0:42:00
2fe7d5fe,ASÉPTICO,TURNO 3,LINEA 1,TAVIL,TAV-TRA-07 /TRANSPORTADOR BATERIA/LINEA,RICARDO,FINALIZADO,SUPERVISOR,Desenfoque de sensor y ajuste de regulador de empujador en linea 1,03/06/2026,6:00:00,03/06/2026,6:20:00,N/A,0:20:00
2ecc3185,ASÉPTICO,TURNO 3,LINEA 3,TAVIL,TAV-COM-13 /PERDIDA DE COMUNICACION,RICARDO,FINALIZADO,SUPERVISOR,Perdida de referencia,02/06/2026,22:30:00,02/06/2026,23:53:00,N/A,1:23:00
4ca71c45,ASÉPTICO,TURNO 2,LINEA 1,TAVIL,TAV-LLE-03 /PALET LLENO,EUSTORGIO,FINALIZADO,SUPERVISOR,Falta de montacargas,03/06/2026,18:02:00,03/06/2026,18:11:00,N/A,0:09:00
9220a46a,ASÉPTICO,TURNO 2,LINEA 3,CBP32,CBP-FRE-01 /UNIDAD FRENO DE ENTRADA,EUSTORGIO,FINALIZADO,SUPERVISOR,Se ajusta freno de entrada,03/06/2026,19:13:00,03/06/2026,19:19:00,N/A,0:06:00
b304e8ed,ASÉPTICO,TURNO 2,LINEA 3,A3CFLEX,A3CF-TRA-13 /SISTEMA TRACCION,EUSTORGIO,FINALIZADO,SUPERVISOR,Corrección de diseño,03/06/2026,19:33:00,03/06/2026,19:37:00,N/A,0:04:00
6391585b,ASÉPTICO,TURNO 2,LINEA 3,TAVIL,TAV-LLE-03 /PALET LLENO,EUSTORGIO,FINALIZADO,SUPERVISOR,Cambió de paleta,03/06/2026,20:00:00,03/06/2026,20:08:00,N/A,0:08:00
e3be79a5,ASÉPTICO,TURNO 2,LINEA 3,TAVIL,TAV-LLE-03 /PALET LLENO,EUSTORGIO,FINALIZADO,SUPERVISOR,Cambio de paleta,03/06/2026,21:31:00,03/06/2026,22:00:00,N/A,0:29:00
6eed8264,ASÉPTICO,TURNO 2,LINEA 1,TAVIL,TAV-LLE-03 /PALET LLENO,EUSTORGIO,FINALIZADO,SUPERVISOR,Paletas dañadas se quedan atoradas en el carro de palet vacio y en la transferencia de la enfardadora,04/06/2026,16:00:01,04/06/2026,16:28:17,N/A,0:28:16
709834ef,ASÉPTICO,TURNO 2,LINEA 1,TAVIL,TAV-LLE-03 /PALET LLENO,EUSTORGIO,FINALIZADO,SUPERVISOR,Las paletas se acumulan por falta de montacargas,04/06/2026,18:30:50,04/06/2026,18:40:11,N/A,0:09:21
7645c4e7,ASÉPTICO,TURNO 2,LINEA 1,TAVIL,TAV-VAC-02 /PALET VACÍO,EUSTORGIO,FINALIZADO,SUPERVISOR,"El carro de palet vacío presenta falla, se revisa y se consigue fracturado el cable, se sutituye",04/06/2026,19:42:18,04/06/2026,22:10:31,N/A,2:28:13
a7f7b477,ASÉPTICO,TURNO 2,LINEA 2,A3CFLEX,A3CF-TRA-13 /SISTEMA TRACCION,EUSTORGIO,FINALIZADO,SUPERVISOR,Corrección de diseño,04/06/2026,15:03:34,04/06/2026,15:16:15,N/A,0:12:41
191adb15,ASÉPTICO,TURNO 2,LINEA 2,A3CFLEX,A3CF-MES-21 /MESA DE EMPALME,EUSTORGIO,FINALIZADO,SUPERVISOR,"La batería del transportador de bobinas presenta falla de carga, su usa una de montacargas para movilizar las bobinas",04/06/2026,15:42:37,04/06/2026,16:11:41,N/A,0:29:04
31eead8a,ASÉPTICO,TURNO 2,LINEA 2,SAP,SAP-APL-05 /UNIDAD APLICADORA,EUSTORGIO,FINALIZADO,SUPERVISOR,Se ajusta posición de pitillo,04/06/2026,16:41:01,04/06/2026,16:54:10,N/A,0:13:09
ee39a8d1,ASÉPTICO,TURNO 2,LINEA 2,A3CFLEX,A3CF-APL-22 APLICADOR DE TIRA,EUSTORGIO,FINALIZADO,SUPERVISOR,Se empalma nuevamente la tira,04/06/2026,17:44:16,04/06/2026,17:57:34,N/A,0:13:18
4e0671e0,ASÉPTICO,TURNO 2,LINEA 2,DOMINO,DOM-BOM-02 /BOMBA,EUSTORGIO,FINALIZADO,SUPERVISOR,"La impresora Domino presenta falla de presión de bomba, se resetea la falla pero aparece nuevamente, se apaga el equipo y posteriormente se saca el ITM, se monta nuevamente y se enciende pero la falla persiste, la impresora se saca de servicio y en su lugar se coloca la impresora de L3 vacío",04/06/2026,18:00:07,04/06/2026,19:20:55,N/A,1:20:48
9d71110a,ASÉPTICO,TURNO 2,LINEA 2,HELIX,HEL-TPO-01 /TPOP DISPLAY,EUSTORGIO,FINALIZADO,SUPERVISOR,"El TPOP presenta alarma de puerta abierta, se resetea",04/06/2026,20:17:52,04/06/2026,20:27:33,N/A,0:09:41
cfc163fb,ASÉPTICO,TURNO 2,LINEA 2,TAVIL,TAV-VAC-02 /PALET VACÍO,EUSTORGIO,FINALIZADO,SUPERVISOR,"El cable del sensor de presencia de paleta en el carro de palet vacío presenta cortocircuito, se sustituye.",04/06/2026,20:36:42,04/06/2026,22:11:11,N/A,1:34:29
c028bc5f,ASÉPTICO,TURNO 2,LINEA 2,TAVIL,TAV-LLE-03 /PALET LLENO,EUSTORGIO,FINALIZADO,SUPERVISOR,Cambio de paleta,04/06/2026,19:00:49,04/06/2026,20:27:25,N/A,1:26:36
e7dc9c20,ASÉPTICO,TURNO 2,LINEA 3,A3CFLEX,A3CF-TRA-13 /SISTEMA TRACCION,EUSTORGIO,FINALIZADO,SUPERVISOR,Corrección de diseño,04/06/2026,16:30:37,04/06/2026,16:32:21,N/A,0:01:44
19d964f1,ASÉPTICO,TURNO 2,LINEA 3,A3CFLEX,A3CF-MES-21 /MESA DE EMPALME,EUSTORGIO,FINALIZADO,SUPERVISOR,"Se rompe el empalme, se realiza nuevamente de manera manual.",04/06/2026,19:23:13,04/06/2026,20:27:58,N/A,1:04:45
978bf3f4,VACÍO,TURNO 2,LINEA 1,ROBOT TAVIL,,EUSTORGIO,FINALIZADO,SUPERVISOR,Se remasteriza  y se aplica procedimiento de referenciado,05/06/2026,19:12:00,05/06/2026,19:12:00,N/A,0:00:00
6edc50ec,VACÍO,TURNO 2,LINEA 1,TRANSPORTADORES,TRAN-MOT-05 /MOTOREDUCTOR,EUSTORGIO,FINALIZADO,SUPERVISOR,Se prueban transportadores a la salida de la embaladora Gamma 20F,05/06/2026,20:30:00,05/06/2026,20:30:00,N/A,0:00:00
e4f4df0e,VACÍO,TURNO 1,LINEA 1,TRANSPORTADORES,TRAN-MOT-05 /MOTOREDUCTOR,EUSTORGIO,FINALIZADO,SUPERVISOR,"Se corrigen 08 fugas de aire en el transportador aéreo de la L1 vacío (tramo 01 al  tramo 11), se ajusta tensión de la lona del tramo 08 y se retiran restos de lona del motorrodillo",08/06/2026,13:50:29,08/06/2026,13:50:29,N/A,0:00:00
737ce219,VACÍO,TURNO 1,LINEA 1,SELLADORA ANGELUS,SELL-OPE-05 /OPERACIONES DE SELLADO,EUSTORGIO,FINALIZADO,SUPERVISOR,"Se lubrican los rodillos de las operaciones, se ajustan guías de llenadora Elmar 01, se colabora con el operador en los ajustes operacionales de puesta a punto.",08/06/2026,14:05:43,08/06/2026,14:05:43,N/A,0:00:00
bd16ac3c,ASÉPTICO,TURNO 1,LINEA 3,TAVIL,TAV-MOS-14 /AJUSTE COORDENADAS,EUSTORGIO,FINALIZADO,SUPERVISOR,"Se remasteriza robot Tavil 01, se continúa con el referenciado y ajuste de coordenadas.",08/06/2026,14:08:00,08/06/2026,14:08:00,N/A,0:00:00
93bf4b4a,VACÍO,TURNO 2,LINEA 1,VA Y VEN,VAY-CAD-02 /CADENA TRANSPORTADOR,RICARDO,FINALIZADO,SUPERVISOR,Se parte cadena. La cual no tenemos disponibilidad. Falta aproximadamente 1.5 metros para empatar. Se hace un bypass sin tener resultados conforme.,08/06/2026,19:18:00,08/06/2026,22:30:00,N/A,3:12:00
0712048a,VACÍO,TURNO 2,LINEA 1,SELLADORA ANGELUS,SELL-CAD-01 /CADENA DEDOS,RICARDO,FINALIZADO,SUPERVISOR,Dedo de cadena doblado. Se endereza,08/06/2026,19:00:00,08/06/2026,19:17:00,N/A,0:17:00
914d21d2,VACÍO,TURNO 2,LINEA 1,TRANSPORTADORES,TRAN-EJE-01 /EJE MOTRIZ-CONDUCIDO,RICARDO,FINALIZADO,SUPERVISOR,Transportador de salida de la selladora con problemas. En 2 ocasiones se dispara contactor. Se revisa y no se consigue tranca miento,08/06/2026,18:30:00,08/06/2026,19:00:00,N/A,0:30:00
47d4280a,ASÉPTICO,TURNO 3,LINEA 2,CBP32,CBP-TRA-10 /TRANSPORTADORES,YOLIANNY,FINALIZADO,SUPERVISOR,Transportador de salida se detiene repentinamente. Se ajusta posición y sensibilidad de sensor de transportador de salida.,09/06/2026,0:25:00,09/06/2026,0:30:00,N/A,0:05:00
1cb8ad23,ASÉPTICO,TURNO 3,LINEA 2,CBP32,CBP-TRA-10 /TRANSPORTADORES,YOLIANNY,FINALIZADO,SUPERVISOR,Transportador de salida se detiene repentinamente. Se ajusta posición y sensibilidad de sensor de transportador de salida.,09/06/2026,0:47:00,09/06/2026,0:53:00,N/A,0:06:00
bedc509d,VACÍO,TURNO 3,LINEA 1,VA Y VEN,VAY-CAD-02 /CADENA TRANSPORTADOR,YOLIANNY,PENDIENTE,SUPERVISOR,"Ruptura de transportador de vaivén ocurrida en turno anterior. Se ingresa a almacen de repuestos pero no se encuentra disponibilidad de transportador para reemplazar el tramo dañado por lo que se fabrica transferencia provisional haciendo uso de laminas de acrilico disponibles en el taller ya que no se encontró lamina de acero disponible y se reubican guias de entrada a vaivén. Sin embargo, las pruebas no fueron satisfactorias. Por lo que intervención continua",08/06/2026,10:30:00,,,N/A,
f7725ee3,ASÉPTICO,TURNO 3,LINEA 2,A3CFLEX,A3CF-MOR-14 /MORDAZAS,YOLIANNY,FINALIZADO,SUPERVISOR,Falla de error de posición de yugo izquierdo. Se lubrica barra de link. Se aplica limpiador de contactos a conectores de servo.,08/06/2026,22:58:00,08/06/2026,23:15:00,N/A,0:17:00
f728f498,ASÉPTICO,TURNO 3,LINEA 1,TAVIL,TAV-TRA-07 /TRANSPORTADOR BATERIA/LINEA,YOLIANNY,FINALIZADO,SUPERVISOR,Atasco de cajas en batería debido a caja mal posicionada  Se retiran cajas atascadas.,08/06/2026,23:25:00,08/06/2026,23:38:00,N/A,0:13:00
51600eee,ASÉPTICO,TURNO 3,LINEA 1,TAVIL,TAV-VAC-02 /PALET VACÍO,YOLIANNY,FINALIZADO,SUPERVISOR,Atasco de paleta en carro de palet vacio.,08/06/2026,23:50:00,08/06/2026,23:59:00,N/A,0:09:00
630e8fc7,ASÉPTICO,TURNO 3,LINEA 1,TAVIL,TAV-TRA-07 /TRANSPORTADOR BATERIA/LINEA,YOLIANNY,FINALIZADO,SUPERVISOR,Atasco de cajas en batería debido a caja mal posicionada. Se retiran cajas atascadas.,09/06/2026,0:21:00,09/06/2026,0:32:00,N/A,0:11:00
c4b167f4,ASÉPTICO,TURNO 3,LINEA 1,TAVIL,TAV-VAC-02 /PALET VACÍO,YOLIANNY,FINALIZADO,SUPERVISOR,Atasco de paleta en carro de palet vacio.,09/06/2026,1:05:00,09/06/2026,1:10:00,N/A,0:05:00
6bcc0174,ASÉPTICO,TURNO 3,LINEA 1,TAVIL,TAV-VAC-02 /PALET VACÍO,YOLIANNY,FINALIZADO,SUPERVISOR,Atasco de paleta en carro de palet vacio.,09/06/2026,3:22:00,09/06/2026,3:31:00,N/A,0:09:00
912c3f9b,ASÉPTICO,TURNO 3,LINEA 1,A3FLEX,A3F-TRA-10 /TRANSPORTADORES,YOLIANNY,FINALIZADO,SUPERVISOR,Alarma de atasco de envases en la salida. Se reemplazan sensores de transportador de salida.,08/06/2026,22:30:00,08/06/2026,23:15:00,N/A,0:45:00
f743f01c,ASÉPTICO,TURNO 3,LINEA 2,CBP32,CBP-PLA-04 /PLACA DE TRANSFERENCIA,YOLIANNY,FINALIZADO,SUPERVISOR,"Caída de threepack en transferencia. Se alinean arrastradores, se ajustan guias de placa de transferencia (aletas)",09/06/2026,4:10:00,09/06/2026,4:24:00,N/A,0:14:00
7705826a,VACÍO,TURNO 1,LINEA 1,VA Y VEN,VAY-CAD-02 /CADENA TRANSPORTADOR,EUSTORGIO,FINALIZADO,SUPERVISOR,"MODIFICACIÓN DE CABEZAL PIÑONES CONDUCIDOS DEL TRAMO VA Y VEN POR ROTURA DE CADENA INTRALOX, SE RECORTA LA LONGITUD DEL TRAMO . SE REALIZA INSTALACIÓN ELÉCTRICA DEL MOTOREDUCTOR POR CAMBIO DE POSICIÓN.",09/06/2026,14:19:24,09/06/2026,14:19:24,N/A,0:00:00
5b9d35c9,ASÉPTICO,TURNO 1,LINEA 3,TAVIL,TAV-MOS-14 /AJUSTE COORDENADAS,EUSTORGIO,FINALIZADO,SUPERVISOR,"RECONFIGURACION DE COORDENADAS POR PÉRDIDA DE POSICIÓN EN LA SORTIDA, DEJADA DE CAJAS EN LA PALETA.",09/06/2026,14:24:12,09/06/2026,14:24:12,N/A,0:00:00
a0ac4cf6,VACÍO,TURNO 2,LINEA 1,VA Y VEN,VAY-MOT-01 /MOTOREDUCTOR,RICARDO,FINALIZADO,SUPERVISOR,Se realiza prueba. Y se cambió giro de motor de transportador 2.,09/06/2026,15:00:00,09/06/2026,16:00:00,N/A,1:00:00
e5c9d817,ASÉPTICO,TURNO 2,LINEA 1,CBP32,CBP-FOR-02 /FORMACION DE PATRON,RICARDO,FINALIZADO,SUPERVISOR,Se ajusta sensores ya que estaba realizando un mal conteo de envases.,09/06/2026,15:32:00,09/06/2026,15:47:00,N/A,0:15:00
353e745c,ASÉPTICO,TURNO 2,LINEA 1,CBP32,CBP-AGR-03 /AGRUPADOR,RICARDO,FINALIZADO,SUPERVISOR,Falla en retroceso. Se realiza ajuste según manual.,09/06/2026,16:23:00,09/06/2026,17:00:00,N/A,0:37:00
bd0ecc3f,ASÉPTICO,TURNO 2,LINEA 1,CBP32,CBP-AGR-03 /AGRUPADOR,RICARDO,FINALIZADO,SUPERVISOR,Retroceso de empujador. Se ajusta leva de rodamientos ya que tenía mucho juego con respecto a la guía.,09/06/2026,19:06:00,09/06/2026,19:21:00,N/A,0:15:00
1e804d1b,ASÉPTICO,TURNO 2,LINEA 1,CBP32,CBP-AGR-03 /AGRUPADOR,RICARDO,FINALIZADO,SUPERVISOR,Se dobla placa guía luego de una colisión. Se desmonta y se endereza. Luego se ajusta sensor de colisión.,09/06/2026,17:30:00,09/06/2026,17:57:00,N/A,0:27:00
c673566e,ASÉPTICO,TURNO 2,LINEA 1,TAVIL,TAV-TRA-07 /TRANSPORTADOR BATERIA/LINEA,RICARDO,FINALIZADO,SUPERVISOR,Sensor desenfocado. Se ajusta sensor de bateria,09/06/2026,15:05:00,09/06/2026,15:23:00,N/A,0:18:00
1122ab64,ASÉPTICO,TURNO 2,LINEA 2,CBP32,CBP-TRA-10 /TRANSPORTADORES,RICARDO,FINALIZADO,SUPERVISOR,Atasco de caja en  salida de la máquina por rodillo doblador desajustado.  Se realiza ajuste de posición de rodillo.,09/06/2026,17:15:00,09/06/2026,17:26:00,N/A,0:11:00
2e537a67,ASÉPTICO,TURNO 2,LINEA 2,A3CFLEX,A3CF-REF-20 /SISTEMA REFRIGERACION,RICARDO,FINALIZADO,SUPERVISOR,Baja presión es sistema de refrigeración. Se realiza inspección en el sistema. Se debe seguir monitoreando,09/06/2026,18:57:00,09/06/2026,19:03:00,N/A,0:06:00
b1b95f3c,VACÍO,TURNO 2,LINEA 1,EMBALADORA GAMMA,EMB-PIR-10 /PIROMETRO,RICARDO,FINALIZADO,SUPERVISOR,Falla en controladores. La cual se caía la temperatura en ambos controladores y daba error. Se revisan y se consiguen conexiónes floja se ajustan y ya se mantienen las temperaturas. Nota: el controlador de la resistencia de horno la L1 de control de temperatura no sube de 245.,09/06/2026,20:30:00,09/06/2026,21:20:00,N/A,0:50:00
0e83dfe9,VACÍO,TURNO 2,LINEA 1,EMBALADORA GAMMA,EMB-SOL-05 /SOLDADOR,RICARDO,FINALIZADO,SUPERVISOR,Falla de sellado. Por variación de temperatura en el controlador . Se ajusta conexiones. Al finalizar turno se tiene problemas con sellado,09/06/2026,21:40:00,09/06/2026,22:00:00,N/A,0:20:00
290c45e0,VACÍO,TURNO 2,LINEA 1,HORNO,HOR-PIR-04 /PIROMETRO,RICARDO,FINALIZADO,SUPERVISOR,Error en controladorla cuál la temperatura tenía mucha variación. Se revisan controlador y se consiguen conexiónes floja se ajustan y se realiza prueba y se mantienen las temperaturas. L1 de controlador le cuesta subir temperatura.,09/06/2026,20:30:00,09/06/2026,21:20:00,N/A,0:50:00
f255bdde,VACÍO,TURNO 2,LINEA 1,EMBALADORA GAMMA,EMB-PIR-10 /PIROMETRO,RICARDO,FINALIZADO,SUPERVISOR,Error de temperatura por variación de temperatura la cual dejaba de sellar. Se revisa y se consiguen conexiónes floja.,09/06/2026,21:10:00,09/06/2026,21:40:00,N/A,0:30:00
afcba388,ASÉPTICO,TURNO 3,LINEA 1,TAVIL,TAV-LLE-03 /PALET LLENO,YOLIANNY,FINALIZADO,SUPERVISOR,"Atasco de paletas, entre zona robot y carro de palet lleno, debido a mal estado de la misma. Se repaletiza manualmente en paleta en mejores condiciones.",09/06/2026,10:30:00,09/06/2026,23:00:00,N/A,12:30:00
3601a50a,ASÉPTICO,TURNO 3,LINEA 2,TAVIL,TAV-LLE-03 /PALET LLENO,YOLIANNY,FINALIZADO,SUPERVISOR,"Atasco de paletas, entre zona robot y carro de palet lleno, debido a mal estado de la misma. Se repaletiza manualmente en paleta en mejores condiciones.",09/06/2026,22:30:00,09/06/2026,23:01:00,N/A,0:31:00
e9d56dff,VACÍO,TURNO 3,LINEA 1,EMBALADORA GAMMA,EMB-MAG-06 /MAGAZING DE CARTONES,YOLIANNY,FINALIZADO,SUPERVISOR,Falla en la entrega de bandejas de cartón. Se ajustan sujetadores  y se centran guías de bandejas de cartones,10/06/2026,5:00:57,10/06/2026,5:15:00,N/A,0:14:03
50356481,VACÍO,TURNO 3,LINEA 1,DOMINO,DOM-SEN-04 /SENSOR,YOLIANNY,FINALIZADO,SUPERVISOR,Equipo deja de codificar. Al inspeccionar se observa base de sensor movida. Se lleva nuevamente a sitio y se realizan ajustes finos de retardo.,10/06/2026,5:15:13,10/06/2026,5:20:00,N/A,0:04:47
30f50546,VACÍO,TURNO 3,LINEA 1,LLENADORA ELMAR,LLE-VAL-05 /VALVULAS DE LLENADO,YOLIANNY,FINALIZADO,SUPERVISOR,"Envases mal posicionados, se ajustan guías de salida de llenadora.",10/06/2026,1:00:47,10/06/2026,1:10:11,N/A,0:09:24
882648d5,VACÍO,TURNO 3,LINEA 1,EMBALADORA GAMMA,EMB-PIR-10 /PIROMETRO,YOLIANNY,FINALIZADO,SUPERVISOR,Caída de temperatura de horno. Se ajustan setpoints de controlador con lo cual comienza a aumentar la temperatura.,10/06/2026,6:20:26,10/06/2026,6:30:13,N/A,0:09:47
127b1826,VACÍO,TURNO 1,LINEA 1,SELLADORA ANGELUS,SELL-BAJ-02 /BAJANTA DE TAPAS,EUSTORGIO,FINALIZADO,SUPERVISOR,"Se ajusta bajante de tapas, uña dosificadora y recorrido de cilindro debido a que eventualmente una de las tapas no bajaba y el envase sin tapa se quedaba atorado en la salida",10/06/2026,8:00:00,10/06/2026,11:20:00,N/A,3:20:00
96aa5c53,VACÍO,TURNO 1,LINEA 1,EMBALADORA GAMMA,EMB-PIR-10 /PIROMETRO,EUSTORGIO,FINALIZADO,SUPERVISOR,"El pirómetro del horno mostraba variaciones de lectura, se observa que la bornera posterior tenía juego, se suplementa y se elimina el juego.",10/06/2026,7:30:00,10/06/2026,8:20:00,N/A,0:50:00
7ba724a9,VACÍO,TURNO 1,LINEA 1,EMBALADORA GAMMA,EMB-MAG-06 /MAGAZING DE CARTONES,EUSTORGIO,FINALIZADO,SUPERVISOR,"El ratchet del transportador de cartones golpea intermitentememte una de las guías del magazine, se ajusta posición pero se pasa la novedad al turno siguiente para seguir monitoreo.",10/06/2026,11:00:00,10/06/2026,11:50:00,N/A,0:50:00
658cd8f1,ASÉPTICO,TURNO 2,LINEA 1,A3FLEX,A3F-ELE-25 SUMINISTRO ELÉCTRICO,RICARDO,FINALIZADO,SUPERVISOR,Falla Corpoelec,10/06/2026,15:00:00,10/06/2026,18:00:00,N/A,3:00:00
ee9a968c,ASÉPTICO,TURNO 2,LINEA 1,A3FLEX,A3F-CORT-15 /BRAZO DE CORTE,RICARDO,FINALIZADO,SUPERVISOR,Se parte link de brazo derecho. Se sustituye,10/06/2026,18:00:00,10/06/2026,18:12:00,N/A,0:12:00
b5def30e,ASÉPTICO,TURNO 2,LINEA 1,A3FLEX,A3F-ELE-25 SUMINISTRO ELÉCTRICO,RICARDO,FINALIZADO,,Falla Corpoelec,10/06/2026,15:00:00,10/06/2026,18:00:00,N/A,3:00:00
5dcc0623,ASÉPTICO,TURNO 2,LINEA 2,A3CFLEX,A3CF-HI-27/BAJO FLUJO HI,RICARDO,FINALIZADO,,Se realiza  ajusta de de fhujo por valvula reguladora,10/06/2026,18:00:00,10/06/2026,18:12:00,N/A,0:12:00
2fe8691a,ASÉPTICO,TURNO 2,LINEA 2,A3CFLEX,A3CF-HI-28 /BAJA TEMPERATURA HI,RICARDO,FINALIZADO,SUPERVISOR,Se arranca con válvula reguladora abierta hasta 6 bar. La cual el flujo pasa muy rápido por el calentador y no se calienta correctamente el HI. Ocasionando que pierda condiciones la máquina. No sé arranca antes para esperar estabilizar linea 1,10/06/2026,18:18:00,10/06/2026,21:38:00,N/A,3:20:00
c0f8edf5,ASÉPTICO,TURNO 2,LINEA 1,CBP32,CBP-AGR-03 /AGRUPADOR,RICARDO,FINALIZADO,SUPERVISOR,Falla en retroceso. Se alinea agrupador con respecto al transportador. Se ajusta holgura entre rodamientos y guías de soportes. A su vez tambien se ajusta parámetros en retroceso de carrera larga,10/06/2026,19:30:00,10/06/2026,20:25:00,N/A,0:55:00
2e4ee56e,VACÍO,TURNO 2,LINEA 1,SELLADORA ANGELUS,SELL-PLA-04 /PLATOS,RICARDO,FINALIZADO,,Se realiza ajuste de altura en plato #6. Ya que está ejerciendo mucha presión y salía deformada la lata,10/06/2026,19:20:00,10/06/2026,20:10:00,N/A,0:50:00
18cd519e,VACÍO,TURNO 3,LINEA 1,TRANSPORTADORES,TRAN-PAN-07 /PANEL DE CONTROL,YOLIANNY,FINALIZADO,SUPERVISOR,Transportador de salida de selladora Angelus se detiene de forma repentina. Se observa cableado desprendido de selector por lo que se conecta nuevamente permitiendo dar continuidad a la producción.,10/06/2026,23:40:00,10/06/2026,23:50:00,N/A,0:10:00
890e6dad,VACÍO,TURNO 3,LINEA 1,EMBALADORA GAMMA,EMB-VEN-08 /VENTOSAS DE VACIO,YOLIANNY,FINALIZADO,SUPERVISOR,Venturi no genera vacío de forma correcta se purga sistema neumático.,11/06/2026,3:25:36,11/06/2026,4:00:00,N/A,0:34:24
55a20246,VACÍO,TURNO 3,LINEA 1,DOMINO,DOM-SEN-04 /SENSOR,YOLIANNY,FINALIZADO,SUPERVISOR,"Equipo deja de imprimir, al inspeccionar se observa base de sensor movida (fuera de sitio) se lleva nuevamente a posición.",10/06/2026,23:50:34,10/06/2026,23:55:00,N/A,0:04:26
3a43bd73,ASÉPTICO,TURNO 3,LINEA 2,A3CFLEX,A3CF-HI-28 /BAJA TEMPERATURA HI,YOLIANNY,FINALIZADO,SUPERVISOR,Retraso en el levantamiento de programa luego de desplace de flex (por alarma de temperatura baja de fotocelula de retención  TSL42),11/06/2026,1:58:00,11/06/2026,3:23:00,N/A,1:25:00
2be3563e,VACÍO,TURNO 3,LINEA 1,DOMINO,DOM-SEN-04 /SENSOR,YOLIANNY,FINALIZADO,SUPERVISOR,"Equipo deja de imprimir, al inspeccionar se observa base de sensor movida (fuera de sitio) se lleva nuevamente a posición.",11/06/2026,6:10:00,11/06/2026,6:20:00,N/A,0:10:00
4dd3f1f1,VACÍO,TURNO 1,LINEA 1,SELLADORA ANGELUS,SELL-OPE-05 /OPERACIONES DE SELLADO,EUSTORGIO,FINALIZADO,SUPERVISOR,"Se lubrican los puntos de grasa mecánica en Almix, llenadora y selladora, se aplica grasa alimenticia a los rodillos de las operaciones.",11/06/2026,7:00:00,11/06/2026,8:00:00,N/A,1:00:00
b89674fe,VACÍO,TURNO 1,LINEA 1,DOMINO,DOM-CAB-09 /CABEZAL,EUSTORGIO,FINALIZADO,SUPERVISOR,Se retiran bases móviles (parales) y se instalan bases fijas para el cabezal de impresión y el sensor,11/06/2026,9:00:00,11/06/2026,10:00:00,N/A,1:00:00
fb4863ea,VACÍO,TURNO 1,LINEA 1,ROBOT TAVIL,TAV-TRA-07 /TRANSPORTADOR BATERIA/LINEA,EUSTORGIO,FINALIZADO,SUPERVISOR,"Durante las pruebas se observa que la loma del tramo 07 del transportador aéreo no se mueve, al revisar se observa que el motorodillo de dicho tramo tiene el giro invertido, debido a finalización de turno se deja novedad a turno entrante.",11/06/2026,14:20:00,11/06/2026,15:00:00,N/A,0:40:00
34f0b4f6,ASÉPTICO,TURNO 2,LINEA 1,CBP32,CBP-EMP-05 /EMPUJADOR,RICARDO,FINALIZADO,SUPERVISOR,Pierde referencia. Se realiza referencias por TPOP y se monitorea mientras se descarga el helix,11/06/2026,18:03:00,11/06/2026,18:32:00,N/A,0:29:00
c6673406,ASÉPTICO,TURNO 2,LINEA 1,HELIX,HEL-CAD-02 /CADENA ESLABONES,RICARDO,FINALIZADO,SUPERVISOR,Maltrato de envase por falta de eslabones.,11/06/2026,20:25:00,11/06/2026,20:35:00,N/A,0:10:00
a6fe4f3f,ASÉPTICO,TURNO 2,LINEA 3,A3CFLEX,A3CF-MES-21 /MESA DE EMPALME,RICARDO,FINALIZADO,SUPERVISOR,No realiza empalme en 2 ocasiones. Se revisan sensores. Seguir monitoreando,11/06/2026,15:10:00,11/06/2026,15:45:00,N/A,0:35:00
a4e40714,ASÉPTICO,TURNO 2,LINEA 3,SAP,SAP-APL-05 /UNIDAD APLICADORA,RICARDO,FINALIZADO,SUPERVISOR,Se ajusta guía. Y se limpia correa posición de envase.,11/06/2026,17:05:00,11/06/2026,17:29:00,N/A,0:24:00
b373d905,ASÉPTICO,TURNO 2,LINEA 3,TAVIL,TAV-TRA-07 /TRANSPORTADOR BATERIA/LINEA,RICARDO,FINALIZADO,SUPERVISOR,Se detiene robot por ajuste en linea de lata.,11/06/2026,20:00:00,11/06/2026,20:44:00,N/A,0:44:00
8fd946a5,VACÍO,TURNO 2,LINEA 1,EMBALADORA GAMMA,EMB-VEN-08 /VENTOSAS DE VACIO,RICARDO,FINALIZADO,SUPERVISOR,Falla de electroválvula de Venturi. Se reemplaza bobina,11/06/2026,15:30:00,11/06/2026,15:45:00,N/A,0:15:00
6ab22009,VACÍO,TURNO 2,LINEA 1,EMBALADORA GAMMA,EMB-SOL-05 /SOLDADOR,RICARDO,FINALIZADO,SUPERVISOR,Falla de soldador por baja temperatura. Se consigue fusible dañado y se reemplaza porta fusible ya que no estaba haciendo contacto.,11/06/2026,21:00:00,11/06/2026,22:07:00,20,1:07:00
03b63483,VACÍO,TURNO 2,LINEA 1,TUNEL,TUN-BOM-05 /BOMBA RECIRCULACION,RICARDO,FINALIZADO,SUPERVISOR,Para producción por productos caliente,11/06/2026,21:00:00,11/06/2026,21:30:00,N/A,0:30:00
061e498b,VACÍO,TURNO 3,LINEA 1,EMBALADORA GAMMA,EMB-SOL-05 /SOLDADOR,YOLIANNY,FINALIZADO,SUPERVISOR,"Falla: Cortocircuito en Resistencia de soldador iniciando turno. Al inspeccionar se observa cable de resistencia fracturado, se corrige novedad, se instala breaker monopolar de 6Amp (retirado de embaladora Tecmi L2) ya que con el cortocircuito el fusible se dañó. Quedando operativo.",11/06/2026,22:35:00,11/06/2026,23:35:00,N/A,1:00:00
a233f883,VACÍO,TURNO 3,LINEA 1,EMBALADORA GAMMA,EMB-PIR-10 /PIROMETRO,YOLIANNY,FINALIZADO,SUPERVISOR,Descenso de temperatura de horno. Se realiza ajuste de tornilleria de termocupla.,12/06/2026,3:15:00,12/06/2026,3:25:00,N/A,0:10:00
9d192e95,ASÉPTICO,TURNO 3,LINEA 1,TAVIL,TAV-VAC-02 /PALET VACÍO,YOLIANNY,FINALIZADO,SUPERVISOR,Atasco de paleta en carro de palet vacio debido a mal estado de la misma.,12/06/2026,4:55:00,12/06/2026,5:04:00,N/A,0:09:00
eb1be971,ASÉPTICO,TURNO 3,LINEA 1,TAVIL,TAV-VAC-02 /PALET VACÍO,YOLIANNY,FINALIZADO,SUPERVISOR,Atasco de paleta en carro de palet vacio debido a mal estado de la misma.,12/06/2026,5:27:00,12/06/2026,5:34:00,N/A,0:07:00
32398f63,ASÉPTICO,TURNO 3,LINEA 1,TAVIL,TAV-TRA-07 /TRANSPORTADOR BATERIA/LINEA,YOLIANNY,FINALIZADO,SUPERVISOR,Parada debido a falla de atasco de cajas en tramos de entrada presentada en robot tavil de aluminio,11/06/2026,23:22:00,11/06/2026,23:32:00,N/A,0:10:00
cd3ec559,ASÉPTICO,TURNO 3,LINEA 3,FW32,FW-TRA-06 /UNIDAD TRANSF TREEPACK,YOLIANNY,FINALIZADO,SUPERVISOR,"A lo largo del turno se realizan ajustes varios debido a constante caída de envases en zona de contracción. Entre estos: Ajuste de dedos sujetadores, ajuste de leva y guías.",11/06/2026,23:43:00,12/06/2026,2:49:00,N/A,3:06:00
24ec82ba,ASÉPTICO,TURNO 3,LINEA 3,TAVIL,TAV-TRA-07 /TRANSPORTADOR BATERIA/LINEA,YOLIANNY,FINALIZADO,SUPERVISOR,Desenfoque de sensor de batería de línea aluminio. Se coloca espejo reflector pero aún continua sin enfocar por lo que se reemplaza sensor contador por sensor retroreflectivo.,12/06/2026,5:08:00,12/06/2026,5:33:00,N/A,0:25:00
9bb966d1,VACÍO,TURNO 1,LINEA 1,EMBALADORA GAMMA,EMB-PIR-10 /PIROMETRO,EUSTORGIO,FINALIZADO,SUPERVISOR,"La temperatura del horno presenta fluctuación, se saca pirómetro y se coloca el de la embaladora TECMI de L2 vacío. Se trabaja a 178°C y los paquetes salen conformes",12/06/2026,10:00:00,12/06/2026,11:40:00,N/A,1:40:00
b391b7be,VACÍO,TURNO 1,LINEA 1,ROBOT TAVIL,TAV-TRA-07 /TRANSPORTADOR BATERIA/LINEA,EUSTORGIO,FINALIZADO,SUPERVISOR,"Se revisan tramos del transportador aéreo de la línea Al -340ml, no se encuentran motorrodillos atorados, se reparan 04 fugas de aire y se realizan pruebas de paletizado en ésta línea, queda pendiente revisar funcionamiento de sensores y movimientos de agafada y sortida.",12/06/2026,12:30:00,12/06/2026,14:30:00,N/A,2:00:00
7bec84c3,VACÍO,TURNO 1,LINEA 1,TUNEL,TUN-BOM-05 /BOMBA RECIRCULACION,RICARDO,FINALIZADO,SUPERVISOR,Se para producción por producto caliente,15/06/2026,13:40:00,15/06/2026,13:50:00,N/A,0:10:00
c8b5d451,VACÍO,TURNO 1,LINEA 1,EMBALADORA GAMMA,EMB-SOL-05 /SOLDADOR,RICARDO,FINALIZADO,SUPERVISOR,Baja temperatura en soldador. Se dispara breaker. Se ajusta contactos,15/06/2026,14:25:00,15/06/2026,14:45:00,N/A,0:20:00
83b73c03,VACÍO,TURNO 2,LINEA 1,ROBOT TAVIL,TAV-TRA-07 /TRANSPORTADOR BATERIA/LINEA,EUSTORGIO,FINALIZADO,SUPERVISOR,Se sustituye y ajusta correa de batería de batería de Al-340ml,15/06/2026,18:00:00,15/06/2026,19:20:00,N/A,1:20:00
c9dd721d,VACÍO,TURNO 2,LINEA 1,EMBALADORA GAMMA,EMB-SOL-05 /SOLDADOR,EUSTORGIO,FINALIZADO,SUPERVISOR,Se repara cable fracturado que produjo corto en resistencia del soldador,15/06/2026,20:20:00,15/06/2026,21:40:00,N/A,1:20:00
836c2d5f,VACÍO,TURNO 2,LINEA 1,SELLADORA ANGELUS,SELL-OPE-05 /OPERACIONES DE SELLADO,EUSTORGIO,FINALIZADO,SUPERVISOR,Se ajustan rodillos de segunda operación de las estaciones 02 y 04 de la selladora Angelus para mejorar los valores de doble cierre,15/06/2026,18:00:00,15/06/2026,19:35:00,N/A,1:35:00
adb20c25,ASÉPTICO,TURNO 2,LINEA 1,TAVIL,TAV-TRA-07 /TRANSPORTADOR BATERIA/LINEA,EUSTORGIO,FINALIZADO,SUPERVISOR,"Se sustituye correa de batería de batería de línea Al-340ml, se enfoca sensor de batería de L2 aséptico, se recogen cajas caídas durante el movimiento de sortida de L1 vacío (Al-340ml), se saca paleta partida del carro de palets vacios",15/06/2026,15:30:00,15/06/2026,18:20:00,N/A,2:50:00
e4cb28e0,ASÉPTICO,TURNO 2,LINEA 2,TAVIL,TAV-TRA-07 /TRANSPORTADOR BATERIA/LINEA,EUSTORGIO,FINALIZADO,SUPERVISOR,"Se sustituye correa de batería de batería de línea Al-340ml, se enfoca sensor de batería de L2 aséptico, se recogen cajas caídas durante el movimiento de sortida de L1 vacío (Al-340ml), se saca paleta partida del carro de palets vacios",15/06/2026,19:00:00,15/06/2026,20:30:00,N/A,1:30:00
bcb226d1,ASÉPTICO,TURNO 2,LINEA 2,CBP32,CBP-NOR-11 /UNIDAD NORDSON,EUSTORGIO,FINALIZADO,SUPERVISOR,"Solpas despegadas por boquilla tapada, se destapa boquilla",15/06/2026,17:30:00,15/06/2026,17:45:00,N/A,0:15:00
5c8d05f9,ASÉPTICO,TURNO 3,LINEA 2,HELIX,HEL-TRA-10TRANSPORTADOES,EUSTORGIO,FINALIZADO,SUPERVISOR,Se sacan envases atorados en la salida,15/06/2026,23:24:00,15/06/2026,23:42:00,N/A,0:18:00
80069ae8,ASÉPTICO,TURNO 3,LINEA 1,TAVIL,TAV-TRA-07 /TRANSPORTADOR BATERIA/LINEA,EUSTORGIO,FINALIZADO,SUPERVISOR,Se accede al área del robot para enderezar paquetes en la curva de la batería de L2 vacío,16/06/2026,0:10:00,16/06/2026,0:47:00,N/A,0:37:00
43c63b61,ASÉPTICO,TURNO 3,LINEA 1,TAVIL,TAV-VAC-02 /PALET VACÍO,EUSTORGIO,FINALIZADO,SUPERVISOR,"Se quedan atoradas varias paletas en mal estado, debido a esto el supervisor de producción y el técnico del robot seleccionan un grupo de paletas en mal estado y las sacan del magazine de paletas vacías.",16/06/2026,3:00:00,16/06/2026,4:21:00,N/A,1:21:00
613f39fe,ASÉPTICO,TURNO 3,LINEA 1,TAVIL,TAV-VAC-02 /PALET VACÍO,EUSTORGIO,FINALIZADO,SUPERVISOR,"Se quedan atoradas varias paletas en mal estado, debido a esto el supervisor de producción y el técnico del robot seleccionan un grupo de paletas en mal estado y las sacan del magazine de paletas vacías.",16/06/2026,3:00:00,16/06/2026,5:10:00,N/A,2:10:00
0a30c02c,ASÉPTICO,TURNO 3,LINEA 1,CBP32,CBP-EMP-05 /EMPUJADOR,EUSTORGIO,FINALIZADO,SUPERVISOR,Se cambian resortes del empujador.,16/06/2026,0:50:00,16/06/2026,1:05:00,N/A,0:15:00
41ac4681,VACÍO,TURNO 3,LINEA 1,SELLADORA ANGELUS,SELL-OPE-05 /OPERACIONES DE SELLADO,EUSTORGIO,FINALIZADO,SUPERVISOR,"Se lubrican operaciones, se ajusta apertura de la segunda operación de las estaciones 02 y 04 porque el doble cierre estaba muy apretado.",15/06/2026,22:30:00,15/06/2026,23:30:00,N/A,1:00:00
9d4ba1e1,VACÍO,TURNO 3,LINEA 1,EMBALADORA GAMMA,EMB-ELE-12 /SUMINISTRO ELECTRICO,EUSTORGIO,FINALIZADO,SUPERVISOR,Se sustituye breacker principal del equipo y breacker en el tablero principal por presentar disparos constantes por fatiga.,16/06/2026,0:02:00,16/06/2026,5:32:00,N/A,5:30:00
d79839e6,VACÍO,TURNO 1,LINEA 1,HORNO,HOR-RES-01 /RESISTENCIAS,RICARDO,FINALIZADO,SUPERVISOR,Se recibe turno con problema en la alimentación principal. Se saca de servicio uno de los bancos de resistencia ya que era la q estaba generando el problema. (Resistencia abierta)La temperatura del horno llegó máximo a 150 grados. La cual se tuvo que bajar la velocidad de la malla para mejorar el embalaje de las latas.,16/06/2026,7:00:00,16/06/2026,10:10:00,N/A,3:10:00
3d7c004f,VACÍO,TURNO 1,LINEA 1,ROBOT TAVIL,TAV-AIR-12 /AIRE COMPRIMIDO,RICARDO,FINALIZADO,SUPERVISOR,Se corrige fuga de aire en tramo 5 de banda transportadora de horno a robot tavio,16/06/2026,13:00:00,16/06/2026,13:00:00,N/A,0:00:00
92c10303,VACÍO,TURNO 1,LINEA 1,HORNO,HOR-RES-01 /RESISTENCIAS,RICARDO,FINALIZADO,SUPERVISOR,Se recibe turno con problema en la alimentación principal. Se saca de servicio uno de los bancos de resistencia ya que era la q estaba generando el problema. La temperatura del horno llegó máximo a 150 grados. La cual se tuvo que bajar la velocidad de la malla,16/06/2026,7:00:00,16/06/2026,10:10:00,N/A,3:10:00
e17132cc,ASÉPTICO,TURNO 2,LINEA 3,A3CFLEX,A3CF-TRA-13 /SISTEMA TRACCION,EUSTORGIO,FINALIZADO,SUPERVISOR,Corrección de diseño,16/06/2026,17:30:00,16/06/2026,17:30:00,N/A,0:00:00
5eb48897,ASÉPTICO,TURNO 2,LINEA 3,HELIX,HEL-TRA-10TRANSPORTADOES,EUSTORGIO,FINALIZADO,SUPERVISOR,Se sacan envases caídos en el transportador de salida.,16/06/2026,19:19:00,16/06/2026,19:42:00,N/A,0:23:00
b65b5486,ASÉPTICO,TURNO 2,LINEA 1,ALMIX,ALM-SEL-07 /SELLO,EUSTORGIO,FINALIZADO,SUPERVISOR,Se cambia sello del Almix,16/06/2026,15:50:00,16/06/2026,17:10:00,N/A,1:20:00
3dd76b98,ASÉPTICO,TURNO 2,LINEA 1,A3FLEX,A3F-TRA-10 /TRANSPORTADORES,EUSTORGIO,FINALIZADO,SUPERVISOR,Se sacan envases atorados en el transportador de salida,16/06/2026,21:03:00,16/06/2026,21:11:00,N/A,0:08:00
f910f875,ASÉPTICO,TURNO 2,LINEA 1,A3FLEX,A3F-PER-07 /SITEMA PEROXIDO,EUSTORGIO,FINALIZADO,SUPERVISOR,Se drena peróxido y se recarga,16/06/2026,21:14:00,16/06/2026,21:48:00,N/A,0:34:00
90be2763,ASÉPTICO,TURNO 2,LINEA 3,A3CFLEX,A3CF-TRA-13 /SISTEMA TRACCION,EUSTORGIO,FINALIZADO,SUPERVISOR,Corrección de diseño,16/06/2026,21:01:00,16/06/2026,21:04:00,N/A,0:03:00
fe14b46b,ASÉPTICO,TURNO 2,LINEA 3,FW32,FW-AGR-03 /UNIDAD AGRUPADORA,EUSTORGIO,FINALIZADO,SUPERVISOR,"Se rompe uno de los dedos sujetadores, se saca uno de la FW de L2 para disminuir tiempo de parada",16/06/2026,21:31:00,16/06/2026,22:05:00,N/A,0:34:00
db048df6,VACÍO,TURNO 2,LINEA 1,SELLADORA ANGELUS,SELL-CAD-01 /CADENA DEDOS,EUSTORGIO,FINALIZADO,SUPERVISOR,"Se recibe turno con ajustes de sincronización en cadena agrupadora de la selladora Angelus, se revisan parámetros de doble cierre según resultados de calidad y están conformes (Todos las estaciones, desde la 01 hasta la 06 con valores de aproximadamente 0,045 ) por lo que no se realizan ajustes en rodillos de las operaciones , se continúan ajustes de cadena agrupadora, no queda operativa.",16/06/2026,15:00:00,16/06/2026,21:19:00,N/A,6:19:00
f632dd6d,ASÉPTICO,TURNO 3,LINEA 1,DOMINO,DOM-CAB-05 /CABEZAL,EUSTORGIO,FINALIZADO,SUPERVISOR,"La impresión del código sale defectuosa, se realiza limpieza de cabezal y se corrige.",16/06/2026,22:49:00,16/06/2026,23:05:00,N/A,0:16:00
b0851a0d,ASÉPTICO,TURNO 3,LINEA 1,A3FLEX,A3F-SELL-03 /SELLADO LONGITUDINAL,EUSTORGIO,FINALIZADO,SUPERVISOR,"Se observa que el sellado longitudinal no está conforme, se ajusta potencia del elemento de sellado.",17/06/2026,1:05:00,17/06/2026,1:14:00,N/A,0:09:00
9de59c4d,ASÉPTICO,TURNO 3,LINEA 3,HELIX,HEL-TRA-10TRANSPORTADOES,EUSTORGIO,FINALIZADO,SUPERVISOR,"El transportador de salida presenta trancamiento, se realiza aclarado en dos ocasiones y se agrega lubricante húmedo. El desplazamiento del transportador mejora pero se debe revisar a detalle al terminar la producción.",17/06/2026,0:05:00,17/06/2026,1:21:00,N/A,1:16:00
a97d5e90,ASÉPTICO,TURNO 3,LINEA 3,SAP,SAP-APL-05 /UNIDAD APLICADORA,EUSTORGIO,FINALIZADO,SUPERVISOR,Se ajusta posición de aplicación de pitillo.,16/06/2026,23:34:00,16/06/2026,23:44:00,N/A,0:10:00
1c02351a,ASÉPTICO,TURNO 3,LINEA 3,TAVIL,TAV-VAC-02 /PALET VACÍO,EUSTORGIO,FINALIZADO,SUPERVISOR,Se saca paleta dañada del carro de palets vacíos,16/06/2026,23:30:00,16/06/2026,23:50:00,N/A,0:20:00
31e5ebf7,ASÉPTICO,TURNO 3,LINEA 3,FW32,FW-AGR-03 /UNIDAD AGRUPADORA,EUSTORGIO,FINALIZADO,SUPERVISOR,"Se dobla uno de los dedos, se endereza.",17/06/2026,1:15:00,17/06/2026,1:40:00,N/A,0:25:00
c37f0ce8,ASÉPTICO,TURNO 3,LINEA 3,A3CFLEX,A3CF-MES-21 /MESA DE EMPALME,EUSTORGIO,FINALIZADO,SUPERVISOR,Se realiza empalme de forma manual,17/06/2026,3:24:00,17/06/2026,3:34:00,N/A,0:10:00
cd63f404,ASÉPTICO,TURNO 3,LINEA 3,A3CFLEX,A3CF-PRE-19 /DISPOSITIVO PRENSOR,EUSTORGIO,FINALIZADO,SUPERVISOR,Se sacan envases atorados en plegadora,17/06/2026,3:36:00,17/06/2026,3:43:00,N/A,0:07:00
d17b2651,ASÉPTICO,TURNO 3,LINEA 3,A3CFLEX,A3CF-PAN-09 /PANEL DE CONTROL,EUSTORGIO,FINALIZADO,SUPERVISOR,"La llenadora no muestra ninguna alarma pero no sube a paso de producción, se revisan todos los equipos de distribución y el líne control, después de varios intentos se logra arrancar, no se determina la causa.",17/06/2026,5:00:00,17/06/2026,5:25:00,N/A,0:25:00
261b2391,VACÍO,TURNO 3,LINEA 1,SELLADORA ANGELUS,SELL-CAD-01 /CADENA DEDOS,EUSTORGIO,FINALIZADO,SUPERVISOR,"La selladora Angelus presenta desincronización, no queda operativa.",16/06/2026,22:30:00,17/06/2026,7:00:00,N/A,8:30:00
d3fa38c7,VACÍO,TURNO 3,LINEA 1,SELLADORA ANGELUS,SELL-CAD-01 /CADENA DEDOS,EUSTORGIO,FINALIZADO,SUPERVISOR,"La selladora Angelus presenta desincronización en la cadena agrupadora, se realizan ajustes pero no queda operativa.",16/06/2026,22:30:00,17/06/2026,7:00:00,N/A,8:30:00
ea50c952,VACÍO,TURNO 1,LINEA 1,SELLADORA ANGELUS,SELL-CAD-01 /CADENA DEDOS,RICARDO,FINALIZADO,SUPERVISOR,"Envase atascado. Se ajusta tensión de cadena y se arealiza sincronización en la alimentación. A su vez Arnaldo realiza ajuste en platos Quitando suplemento para ajustar altura por gancho de cuerpo largo y regresa cambio que realizó el día de ayer en la primera operación. Conjunto con abd de realiza modificaciones por plc ya que estaba soltando una tapa al iniciar y otra al finalizar la cual estaba generando mucha merma. En este momento queda solo soltando una tapa al final, ya que si se pone correctamente el envase final sale sin tapa.",17/06/2026,7:00:00,17/06/2026,15:00:00,N/A,8:00:00
a47e760c,ASÉPTICO,TURNO 1,LINEA 3,FW32,FW-TRA-06 /UNIDAD TRANSF TREEPACK,RICARDO,FINALIZADO,SUPERVISOR,Treepack suelto por baja eficiencia en zona retractil. Se corrige fuga. Se ajusta posición de válvula de paso para así distribuir mejor el aire caliente ya que en los laterales no era suficiente para el termoencogible. Mejora pero se debe haber trabajo como en línea 2 y haber mantenimiento a turbina.,17/06/2026,19:40:00,17/06/2026,22:20:00,N/A,2:40:00
5bd610a1,ASÉPTICO,TURNO 2,LINEA 1,TAVIL,TAV-TRA-07 /TRANSPORTADOR BATERIA/LINEA,EUSTORGIO,FINALIZADO,SUPERVISOR,Se saca caja caida en L1,17/06/2026,17:43:01,17/06/2026,17:50:13,N/A,0:07:12
bdb84d04,ASÉPTICO,TURNO 2,LINEA 1,DOMINO,DOM-CAB-05 /CABEZAL,EUSTORGIO,FINALIZADO,SUPERVISOR,"El equipo muestra alarma de alta tensión, se desarma cabezal, se limpia y se seca, se prueba y queda operativo.",17/06/2026,17:50:35,17/06/2026,17:57:37,N/A,0:07:02
efef40bf,ASÉPTICO,TURNO 2,LINEA 1,A3FLEX,A3F-SEG-08 /SISTEMA DE SEGURIDAD,EUSTORGIO,FINALIZADO,SUPERVISOR,"Se revisan relés de seguridad, se ajustan tarjetas, se revisan conexiones, no se encuentran anormalidades, se resetea falla en TPOP y se arranca el equipo.",17/06/2026,20:37:33,17/06/2026,20:49:36,N/A,0:12:03
e2a07c4b,ASÉPTICO,TURNO 2,LINEA 3,TAVIL,TAV-TRA-07 /TRANSPORTADOR BATERIA/LINEA,EUSTORGIO,FINALIZADO,SUPERVISOR,Se saca caja caida en L1,17/06/2026,15:20:52,17/06/2026,15:33:01,N/A,0:12:09
d658ce5f,ASÉPTICO,TURNO 2,LINEA 3,A3CFLEX,A3CF-TRA-13 /SISTEMA TRACCION,EUSTORGIO,FINALIZADO,SUPERVISOR,Corrección de diseño,17/06/2026,16:31:17,17/06/2026,16:33:41,N/A,0:02:24
ce0131e9,ASÉPTICO,TURNO 2,LINEA 3,FW32,FW-SELL-05 /UNIDAD DE SELLADO,EUSTORGIO,FINALIZADO,SUPERVISOR,Se cambia manguera de aire caliente derecha de la unidad de termoencogible por presentar rotura.,17/06/2026,17:08:40,17/06/2026,18:11:52,N/A,1:03:12
1b4e6ba4,ASÉPTICO,TURNO 2,LINEA 3,HELIX,HEL-TRA-10TRANSPORTADOES,EUSTORGIO,FINALIZADO,SUPERVISOR,"Se sacan envases caidos a la salida del Helix, se mantiene bajo observación pero no se producen más caídas de envases",17/06/2026,18:23:00,17/06/2026,18:33:22,N/A,0:10:22
6b0ce6ec,ASÉPTICO,TURNO 2,LINEA 3,A3CFLEX,A3CF-HID-12 /SISTEMA HIDRAULICO,EUSTORGIO,FINALIZADO,SUPERVISOR,"Se observan restos de aceite en la zona de las mordazas, se realiza limpieza e inspección, no se encuentra punto de fuga.",17/06/2026,18:55:17,17/06/2026,19:04:24,N/A,0:09:07
f6504dd0,ASÉPTICO,TURNO 3,LINEA 1,TAVIL,TAV-VAC-02 /PALET VACÍO,EUSTORGIO,FINALIZADO,SUPERVISOR,Paleta con taco sobresaliente se queda atorada al salir del carro de palets vacíos para entrar a L1,18/06/2026,0:02:00,18/06/2026,0:22:00,N/A,0:20:00
4fb9a632,ASÉPTICO,TURNO 3,LINEA 1,DOMINO,DOM-CAB-05 /CABEZAL,EUSTORGIO,FINALIZADO,SUPERVISOR,"El equipo presenta falla de alta tensión, según el manual esta falla puede deberse a tres factores: cabezal sucio, fluctuaciones de la red eléctrica y falta de aterrramiento. En vista de que el cabezal ha sido limpiado recientemente y el equipo está conectado a un UPS se descartan las dos primeras posibilidades, la falla probablemente se genere por falta de puesta a tierra.",18/06/2026,0:39:00,18/06/2026,0:48:00,N/A,0:09:00
3ce937cd,ASÉPTICO,TURNO 3,LINEA 3,TAVIL,TAV-ELE-11 /SUMINISTRO ELÉCTRICO,EUSTORGIO,FINALIZADO,SUPERVISOR,Después del corte de energía eléctrica se hace necesario reiniciar el robot en tres ocasiones porque no arrancaba el paletizado a pesar de no presentar alarmas en el panel y tener todos los sensores enfocados.,17/06/2026,23:12:00,17/06/2026,23:43:00,N/A,0:31:00
c5e58ad1,ASÉPTICO,TURNO 3,LINEA 3,A3CFLEX,A3CF-TRA-13 /SISTEMA TRACCION,EUSTORGIO,FINALIZADO,SUPERVISOR,Corrección de diseño,18/06/2026,2:50:00,18/06/2026,2:52:00,N/A,0:02:00
85298562,ASÉPTICO,TURNO 3,LINEA 1,A3FLEX,A3F-TRA-10 /TRANSPORTADORES,EUSTORGIO,FINALIZADO,SUPERVISOR,Se saca envase atorado en el transportador de salida.,18/06/2026,3:01:00,18/06/2026,3:02:00,N/A,0:01:00
b36719cb,ASÉPTICO,TURNO 3,LINEA 3,FW32,FW-TRA-06 /UNIDAD TRANSF TREEPACK,EUSTORGIO,FINALIZADO,SUPERVISOR,"Se trabaja en la sincronización del equipo mediante el ajuste los rieles laterales e inferiores, ajuste de eje de elevación, se ajustan individualmente los dedos sujetadores y dedos empujadores, se logra mejor desempeño pero es necesario continuar con los ajustes.",18/06/2026,1:00:00,18/06/2026,4:50:00,N/A,3:50:00
c9a181c8,ASÉPTICO,TURNO 3,LINEA 3,HELIX,HEL-TRA-10TRANSPORTADOES,EUSTORGIO,FINALIZADO,SUPERVISOR,"Se rompe transportador de salida del Helix, durante la revisión se observa que una de las guías internas tiene una rebaba, se corta dicha rebaba y se sustituyen los eslabones rotos, se monta cadena transportadora y se arranca el equipo",18/06/2026,5:09:00,18/06/2026,6:02:00,N/A,0:53:00
f2c53314,ASÉPTICO,TURNO 1,LINEA 1,DOMINO,DOM-CAB-05 /CABEZAL,RICARDO,FINALIZADO,SUPERVISOR,Alarma de fallo de alta tensión.  Se realiza limpieza a placa deflectoras. Limpieza de boquilla por panel.,18/06/2026,8:26:00,18/06/2026,8:48:00,N/A,0:22:00
bf895cb8,ASÉPTICO,TURNO 1,LINEA 1,A3FLEX,A3F-ELE-25 SUMINISTRO ELÉCTRICO,RICARDO,FINALIZADO,SUPERVISOR,Falla Corpoelec,18/06/2026,9:10:00,18/06/2026,12:15:00,N/A,3:05:00
3e7a1a54,ASÉPTICO,TURNO 1,LINEA 1,CBP32,CBP-AGR-03 /AGRUPADOR,RICARDO,FINALIZADO,SUPERVISOR,Falla de retardo en retroceso. Se ajusta retardo por TPOP. Y se verifica holgura entre rodamientos y base guía.,18/06/2026,12:50:00,18/06/2026,13:16:00,N/A,0:26:00
a0682249,ASÉPTICO,TURNO 1,LINEA 3,FW32,FW-TRA-06 /UNIDAD TRANSF TREEPACK,RICARDO,FINALIZADO,SUPERVISOR,Se recibe turno por caída de treepack. Se ajusta altura de dedos sujetadores y guías laterales. Se hace prueba solo con lo que quedó en línea ya hubo falla en suministro eléctrico.,18/06/2026,7:20:00,18/06/2026,20:22:00,N/A,13:02:00
3caf1b5e,ASÉPTICO,TURNO 1,LINEA 3,A3CFLEX,A3CF-ELE-25 /SUMINISTRO ELÉCTRICO,RICARDO,FINALIZADO,SUPERVISOR,Falla Corpoelec,18/06/2026,8:59:00,18/06/2026,12:11:00,N/A,3:12:00
871eb72f,VACÍO,TURNO 1,LINEA 1,SELLADORA ANGELUS,SELL-DOS-06 /DOSIFICADOR DE TAPAS,RICARDO,FINALIZADO,SUPERVISOR,Se cambia sensor detector de lata para dosificación de tapa. Falta realizar pruebas,18/06/2026,14:52:00,18/06/2026,14:52:00,N/A,0:00:00
0c687807,ASÉPTICO,TURNO 2,LINEA 1,CBP32,CBP-AGR-03 /AGRUPADOR,YOLIANNY,FINALIZADO,SUPERVISOR,"Atasco de envases en zona de agrupación. Falla de conteo de envases. Se realiza ajuste de rotura de cilindro de agrupador, se añade suplemento.",18/06/2026,15:30:00,18/06/2026,16:33:00,N/A,1:03:00
bc9d0d2c,ASÉPTICO,TURNO 2,LINEA 3,FW32,FW-SELL-05 /UNIDAD DE SELLADO,YOLIANNY,FINALIZADO,SUPERVISOR,"Falla: Constantes caídas de envases en zona de contraccion. Durante el turno se realizan ajustes varios, entre estos: Ajuste de brazo de articulación de mesa móvil de zona de contracción. Ajuste de altura de dedos arrastradores.",18/06/2026,15:10:00,18/06/2026,16:35:00,N/A,1:25:00
df3edddb,ASÉPTICO,TURNO 2,LINEA 3,TAVIL,TAV-VAC-02 /PALET VACÍO,YOLIANNY,FINALIZADO,SUPERVISOR,Atasco de paletas debido a mal estado de las mismas.,18/06/2026,19:30:00,18/06/2026,19:38:00,N/A,0:08:00
b29701d2,ASÉPTICO,TURNO 2,LINEA 2,FW32,FW-SELL-05 /UNIDAD DE SELLADO,YOLIANNY,FINALIZADO,SUPERVISOR,"Falla de accionamiento de soldador (no baja) Se ajustan conectores en armorblock, posible falsa señal en conector de sensor de cilindro guía.",18/06/2026,20:05:00,18/06/2026,21:05:00,N/A,1:00:00
4d456eba,ASÉPTICO,TURNO 2,LINEA 1,A3FLEX,A3F-MES-21 /MESA DE EMPALME,YOLIANNY,FINALIZADO,SUPERVISOR,"No realiza empalme de forma automática de derecha a izquierda en una oportunidad, operador realiza empalme de forma manual. Es necesario continuar monitoreo.",18/06/2026,20:25:00,18/06/2026,21:03:00,N/A,0:38:00
5d542cca,VACÍO,TURNO 2,LINEA 1,EMBALADORA GAMMA,EMB-SOL-05 /SOLDADOR,YOLIANNY,FINALIZADO,SUPERVISOR,Se reporta cortocircuito ocurrido al finalizar la producción el día de ayer. Al inspeccionar se observa cable de resistencia fracturado. Se reemplaza cableado.,18/06/2026,17:57:00,18/06/2026,17:57:01,N/A,0:00:01
15342dcb,VACÍO,TURNO 2,LINEA 2,EMBALADORA TECMI,TEC-PAN-11 /PANEL DE CONTROL,YOLIANNY,FINALIZADO,SUPERVISOR,Se instala fusiblera de alimentación faltante. Se añade fusible de 6Amp.,18/06/2026,18:00:00,18/06/2026,18:00:01,N/A,0:00:01
82d41237,ASÉPTICO,TURNO 3,LINEA 3,HELIX,HEL-TRA-10TRANSPORTADOES,EUSTORGIO,FINALIZADO,SUPERVISOR,Se realiza clarificado preventivamente para mejorar desplazamiento de los transportadores.,18/06/2026,23:14:00,18/06/2026,23:34:00,N/A,0:20:00
b00fe7a3,ASÉPTICO,TURNO 3,LINEA 3,A3CFLEX,A3CF-TRA-10 /TRANSPORTADORES,EUSTORGIO,FINALIZADO,SUPERVISOR,"Se sacan envases atorados en la salida, no se repite la falla",18/06/2026,23:39:00,18/06/2026,23:41:00,N/A,0:02:00
24dd4c3f,ASÉPTICO,TURNO 3,LINEA 2,A3CFLEX,A3CF-REF-20 /SISTEMA REFRIGERACION,EUSTORGIO,FINALIZADO,SUPERVISOR,"Se resetea alarma, no se repite falla",19/06/2026,1:44:00,19/06/2026,1:51:00,N/A,0:07:00
59d3b262,VACÍO,TURNO 1,LINEA 1,PASTEURIZADOR,PAS-FLU-13 /CONTADOR DE AGUA,RICARDO,FINALIZADO,SUPERVISOR,SE INSTALA FLUJOMETRO DEL TANQUE DE NECTAR EN PREPARACION VACIO,19/06/2026,12:52:55,19/06/2026,12:52:55,N/A,0:00:00
e312e835,ASÉPTICO,TURNO 1,LINEA 3,FW32,FW-TRA-06 /UNIDAD TRANSF TREEPACK,RICARDO,FINALIZADO,TÉCNICO,Se desmonta turbina de aire para su respectivo mantenimiento y mejorar su eficiencia,19/06/2026,7:00:00,19/06/2026,7:00:00,N/A,0:00:00
f76a2806,VACÍO,TURNO 1,LINEA 1,PASTEURIZADOR,PAS-FLU-13 /CONTADOR DE AGUA,RICARDO,FINALIZADO,TÉCNICO,"Se reemplaza contador de colado para nectar, soldador va a fabricar niple de conexión para tubería",19/06/2026,13:00:00,19/06/2026,13:00:00,N/A,0:00:00
99a7938c,ASÉPTICO,TURNO 1,LINEA 2,HELIX,HEL-ARA-04 /ARAÑA,RICARDO,FINALIZADO,TÉCNICO,"Se sale la correa de la araña por envase atascado, se procede a colocarla nuevamente en su posición de trabajo.",19/06/2026,7:30:00,19/06/2026,7:40:00,N/A,0:10:00
9379250c,ASÉPTICO,TURNO 1,LINEA 1,A3FLEX,A3F-MES-21 /MESA DE EMPALME,YOLIANNY,FINALIZADO,TÉCNICO,Se coloca sufridera ya que la misma se consigue en el piso.,22/06/2026,7:55:00,22/06/2026,7:55:00,N/A,0:00:00
f878a7c7,ASÉPTICO,TURNO 1,LINEA 1,FLEX,FLEX-TER-02 /TERMOCUPLAS,YOLIANNY,FINALIZADO,TÉCNICO,"Se cambia cable y termocumpla tt44 ya que le caía soda y se dañaron, no obstante se le cambian los oring al sensor de presión por donde era la fuga.",22/06/2026,8:55:00,22/06/2026,8:56:00,60 minutos,0:01:00
3580c155,ASÉPTICO,TURNO 1,LINEA 1,CBP32,CBP-EMP-05 /EMPUJADOR,YOLIANNY,FINALIZADO,TÉCNICO,Sensor de sufridera fuera de posición se ajusta y queda operativa,22/06/2026,9:57:00,22/06/2026,9:57:00,30 min,0:00:00
38e0e0f7,ASÉPTICO,TURNO 1,LINEA 2,A3CFLEX,A3CF-HI-28 /BAJA TEMPERATURA HI,YOLIANNY,FINALIZADO,TÉCNICO,Sa ajusta flujo de hi por regulador,22/06/2026,22:00:00,22/06/2026,22:15:00,15 min,0:15:00
e020f566,ASÉPTICO,TURNO 2,LINEA 1,TAVIL,TAV-PAL-10 /TRANSPORTADOR DE PALETAS,EUSTORGIO,FINALIZADO,SUPERVISOR,Se sacan paletas atoradas en la salida del carro de palets vacíos.,22/06/2026,18:30:00,22/06/2026,18:59:00,N/A,0:29:00
2d5347aa,ASÉPTICO,TURNO 2,LINEA 1,TAVIL,TAV-FLE-04 /FLEJADOR DE PALETAS,EUSTORGIO,FINALIZADO,SUPERVISOR,Se acumulan paletas llenas por falta de montacargas,22/06/2026,19:40:00,22/06/2026,19:50:00,N/A,0:10:00
068a6e44,ASÉPTICO,TURNO 2,LINEA 2,TAVIL,TAV-VAC-02 /PALET VACÍO,EUSTORGIO,FINALIZADO,,Se sacan paletas atoradas en la salida del carro de palets vacíos,22/06/2026,17:20:00,22/06/2026,17:42:00,N/A,0:22:00
c7600441,ASÉPTICO,TURNO 2,LINEA 2,TAVIL,TAV-FLE-04 /FLEJADOR DE PALETAS,EUSTORGIO,FINALIZADO,SUPERVISOR,Se acumulan paletas llenas por falta de montacargas,22/06/2026,20:00:00,22/06/2026,20:14:00,N/A,0:14:00
8ebf2104,ASÉPTICO,TURNO 2,LINEA 1,ALMIX,ALM-SEL-07 /SELLO,EUSTORGIO,FINALIZADO,TÉCNICO,Fuga de producto en bomba,22/06/2026,16:30:00,22/06/2026,17:30:00,1hora,1:00:00
8c561e16,VACÍO,TURNO 2,LINEA 1,ROBOT TAVIL,TAV-VAC-02 /PALET VACÍO,EUSTORGIO,FINALIZADO,SUPERVISOR,Paleta vacía atorada en la salida del carro de palets lleno. Se debe revisar sensor al terminar la producción (L1 y L2 vacío arrancadas),22/06/2026,22:00:00,22/06/2026,22:20:00,N/A,0:20:00
07e05ef3,ASÉPTICO,TURNO 2,LINEA 1,A3FLEX,A3F-SEG-08 /SISTEMA DE SEGURIDAD,EUSTORGIO,FINALIZADO,SUPERVISOR,"Se abren y cierran puertas del equipo, se resetea alarma en el TPOP",22/06/2026,22:10:00,22/06/2026,22:18:00,N/A,0:08:00
7b584a62,ASÉPTICO,TURNO 3,LINEA 1,CBP32,CBP-AGR-03 /AGRUPADOR,RICARDO,FINALIZADO,TÉCNICO,Cambio de tiempo en retroceso del agrupador,23/06/2026,6:51:44,23/06/2026,2:53:00,N/A,20:01:16
6b697cc8,ASÉPTICO,TURNO 3,LINEA 2,FW32,,RICARDO,FINALIZADO,TÉCNICO,Se ajusta rodillo y freno de bobina de polietileno,22/06/2026,1:54:00,22/06/2026,2:15:00,N/A,0:21:00
9b633528,ASÉPTICO,TURNO 3,LINEA 2,FW32,FW-SELL-05 /UNIDAD DE SELLADO,RICARDO,FINALIZADO,TÉCNICO,Baja temperatura del soldador,23/06/2026,4:30:00,23/06/2026,5:05:00,N/A,0:35:00
81bf7e20,ASÉPTICO,TURNO 3,LINEA 2,CBP32,CBP-MAG-13 / MAGAZIN DE CARTONES,RICARDO,FINALIZADO,TÉCNICO,Ajuste de magazine,23/06/2026,1:50:00,23/06/2026,2:22:00,N/A,0:32:00
83fda33b,ASÉPTICO,TURNO 1,LINEA 1,CBP32,CBP-AGR-03 /AGRUPADOR,YOLIANNY,FINALIZADO,TÉCNICO,"Bloqueo en retraso de empujador, se fabricó arandelas para mantener estable el vástago y así evitar que gire en su propio eje y evitar que el sensor interno no detecte, el equipo se encuentra en observación mientras se prueba lo implementado",23/06/2026,10:00:00,23/06/2026,11:00:00,0,1:00:00
6292647f,ASÉPTICO,TURNO 1,LINEA 3,A3CFLEX,A3CF-HI-27/BAJO FLUJO HI,YOLIANNY,FINALIZADO,TÉCNICO,"Se detecta fuga de hi en empacadura del intercambiador, se baja el mismo y se desarma y se comienza limpieza del mismo ya que se encontraba con mucho residuos de peróxido, quedando pendiente terminar limpieza con acido armado y montaje",23/06/2026,11:00:00,23/06/2026,11:52:00,0,0:52:00
687b4768,ASÉPTICO,TURNO 1,LINEA 2,FW32,FW-SELL-05 /UNIDAD DE SELLADO,YOLIANNY,FINALIZADO,TÉCNICO,"Falla en sellado, se realiza limpieza de cuchilla y soldador",23/06/2026,13:00:00,23/06/2026,13:30:00,0,0:30:00
8d6cbf7d,ASÉPTICO,TURNO 1,LINEA 2,A3CFLEX,A3CF-ELE-25 /SUMINISTRO ELÉCTRICO,YOLIANNY,FINALIZADO,TÉCNICO,Caída de suministro electrico,23/06/2026,10:00:00,23/06/2026,12:30:00,N/A,2:30:00
5a8dd682,ASÉPTICO,TURNO 2,LINEA 1,TAVIL,TAV-VAC-02 /PALET VACÍO,EUSTORGIO,FINALIZADO,SUPERVISOR,Se alinea paleta torcida en carro de palets vacíos,23/06/2026,16:40:00,23/06/2026,16:45:00,N/A,0:05:00
81593919,ASÉPTICO,TURNO 2,LINEA 2,A3CFLEX,A3CF-PULL-18 /PULL DOWN PLEGADORA,EUSTORGIO,FINALIZADO,SUPERVISOR,Se gira plegadora manualmente para asegurar correcta posición del clutch,23/06/2026,19:40:00,23/06/2026,19:53:00,N/A,0:13:00
13f72aa5,ASÉPTICO,TURNO 2,LINEA 2,SAP,SAP-APL-05 /UNIDAD APLICADORA,EUSTORGIO,FINALIZADO,TÉCNICO,"Pitillo trabados en tambor, debido a caída de guía de la tira de pitillos en entrada",23/06/2026,15:44:00,23/06/2026,15:50:00,6 minutos,0:06:00
8aa497ce,ASÉPTICO,TURNO 2,LINEA 3,A3CFLEX,A3CF-HI-27/BAJO FLUJO HI,EUSTORGIO,FINALIZADO,TÉCNICO,"Se culmina el montaje del calentador de peróxido, quedando pendiente la prueba al subir programa.",23/06/2026,19:30:00,23/06/2026,21:00:00,90 minutos,1:30:00
e5ddd762,ASÉPTICO,TURNO 2,LINEA 1,TAVIL,TAV-TRA-07 /TRANSPORTADOR BATERIA/LINEA,EUSTORGIO,FINALIZADO,SUPERVISOR,Se endereza caja desalineada en batería,23/06/2026,22:00:00,23/06/2026,22:08:00,N/A,0:08:00
94991777,ASÉPTICO,TURNO 2,LINEA 2,A3CFLEX,A3CF-PRE-19 /DISPOSITIVO PRENSOR,EUSTORGIO,FINALIZADO,SUPERVISOR,Se gira plegadora manualmente para asegurar correcta posición del clutch,23/06/2026,22:20:00,23/06/2026,22:23:00,N/A,0:03:00
859f8f53,VACÍO,TURNO 1,LINEA 1,ROBOT TAVIL,TAV-TOP-15 /POLICIA TOPE DE PALETAS,YOLIANNY,FINALIZADO,TÉCNICO,"FUGA DE AIRE EN CILINDRO NEUMATICO DEL TOPE DE PALETAS DEL ROBOT DE ALUMINIO, SE CAMBIA TRAMO DE MANGUERA 8MM.",25/06/2026,11:50:44,25/06/2026,12:05:18,N/A,0:14:34
af92b06c,VACÍO,TURNO 1,LINEA 1,SELLADORA ANGELUS,SELL-CAD-01 /CADENA AGRUPADORA,YOLIANNY,FINALIZADO,TÉCNICO,"TRANCAMIENTO EN CADENA AGRUPADORA DE SELLADORA ANGELUS, SE ENDEREZAN TRES DEDOS Y SINCRONIZA EL EQUIPO RESPECTO A LAS ESTACIONES DE SELLADO",25/06/2026,12:25:34,25/06/2026,14:38:18,N/A,2:12:44
fa1e29fc,ASÉPTICO,TURNO 1,LINEA 1,CAP,CAP-TRA-06 /TRANSPORTADOR DE TAPAS,YOLIANNY,FINALIZADO,TÉCNICO,"Atasco de transportador elevador de tapas, causado por exceso de tapas en el transportador.",25/06/2026,8:03:00,25/06/2026,8:17:00,0,0:14:00
f7fe9af2,ASÉPTICO,TURNO 1,LINEA 1,TAVIL,TAV-TRA-07 /TRANSPORTADOR BATERIA/LINEA,YOLIANNY,FINALIZADO,TÉCNICO,"⛓️‍💥Falla: Cilindro del empujador con fuga, generando mala entrega hacia mesa de batería.
🛠️Causa: Cilindro con fuga de aire.
🪛Solución: Regulación de aire de entrada, hasta encontrar correcto empuje.",25/06/2026,10:45:00,25/06/2026,11:46:00,0,1:01:00
8b34b193,ASÉPTICO,TURNO 1,LINEA 3,A3CFLEX,A3CF-TRA-10 /TRANSPORTADORES,YOLIANNY,FINALIZADO,TÉCNICO,"⛓️‍💥Falla: Atasco de transportador de alimentación.
🛠️Causa: Poco aceite de lubricación en dispositivo prensor.
🪛Solución: Se rellena aceite de lubricación, y se realiza movimiento por TPOP.",25/06/2026,9:10:00,25/06/2026,9:50:00,0,0:40:00
888bd626,ASÉPTICO,TURNO 1,LINEA 3,A3CFLEX,A3CF-HI-27/BAJO FLUJO HI,YOLIANNY,FINALIZADO,TÉCNICO,"⛓️‍💥Falla: Flujo bajo HI
🛠️Causa: Up defectuoso.
🪛Solución: Se ajusta flujo manualmente.",25/06/2026,10:32:00,25/06/2026,10:34:00,0,0:02:00
fd244bb7,VACÍO,TURNO 1,LINEA 1,ROBOT TAVIL,TAV-MOT-05 /MOTOREDUCTORES,YOLIANNY,FINALIZADO,SUPERVISOR,"Motor de tramo aéreo #6 no acciona. Al inspeccionar se observa cable de alimentación desconectado, se conecta y se centra lona, quedando operativo.",25/06/2026,10:40:00,25/06/2026,11:00:00,N/A,0:20:00
fd379637,ASÉPTICO,TURNO 1,LINEA 3,FW32,FW-TRA-06 /UNIDAD TRANSF TREEPACK,YOLIANNY,FINALIZADO,TÉCNICO,"⛓️‍💥Falla: Caída de envases en la unidad retractiladora.
🛠️Causa: Tropiezo de tripac con mangueras de calor.
🪛Solución: Se ajusta posición de mangueras.",25/06/2026,10:45:00,25/06/2026,11:00:00,0,0:15:00
0164349e,ASÉPTICO,TURNO 1,LINEA 3,TAVIL,TAV-TRA-07 /TRANSPORTADOR BATERIA/LINEA,YOLIANNY,FINALIZADO,TÉCNICO,"⛓️‍💥Falla: Generada en otras líneas, que perjudica está linea",25/06/2026,11:00:00,25/06/2026,12:08:00,0,1:08:00
50b0df89,ASÉPTICO,TURNO 1,LINEA 3,A3CFLEX,A3CF-MOR-14 /MORDAZAS,YOLIANNY,FINALIZADO,TÉCNICO,"⛓️‍💥Falla: Corrección del diseño.
🛠️Causa: Empalme de material
🪛Solución: Solucion al arrancar",25/06/2026,12:10:00,25/06/2026,12:12:00,0,0:02:00
5cd5b0f9,ASÉPTICO,TURNO 1,LINEA 3,FW32,FW-SELL-05 /UNIDAD DE SELLADO,YOLIANNY,FINALIZADO,TÉCNICO,"⛓️‍💥Falla: Sellado débil 
🛠️Causa: Temperatura incorrecta.
🪛Solución: se ajusta temperatura.",25/06/2026,12:55:00,25/06/2026,13:05:00,0,0:10:00
90844a28,ASÉPTICO,TURNO 1,LINEA 3,A3CFLEX,A3CF-SEG-11 /SISTEMA SEGURIDAD,YOLIANNY,FINALIZADO,TÉCNICO,"⛓️‍💥Falla: alta temperatura en gabinete eléctrico
🛠️Causa: Falta de refrigeración en gabinete.
🪛Solución: Se abren puertas de gabinete.",25/06/2026,13:33:00,25/06/2026,13:36:00,0,0:03:00
89d75968,ASÉPTICO,TURNO 2,LINEA 3,A3CFLEX,A3CF-SEG-11 /SISTEMA SEGURIDAD,EUSTORGIO,FINALIZADO,TÉCNICO,Alarma de puerta abierta. Se encuentra Adam y Eva malo de puerta izquierda de mordaza. Se sustituye por una tina.,25/06/2026,21:00:00,25/06/2026,21:05:00,N/A,0:05:00
805be425,ASÉPTICO,TURNO 2,LINEA 2,A3CFLEX,A3CF-LLE-06 /SISTEMA DE LLENADO,EUSTORGIO,FINALIZADO,TÉCNICO,Variación de Volumen en envases. Se intercambia UP de llenado por el de línea 2.,25/06/2026,20:05:00,25/06/2026,20:15:00,N/A,0:10:00
219a21b1,ASÉPTICO,TURNO 2,LINEA 3,CBP32,CBP-VEN-14 /VENTOSAS,EUSTORGIO,FINALIZADO,TÉCNICO,"Mala ubicación de ventosas, ocasionando poco agarre de cartones y mala caída en pocision de las arrastradores. Se colocan en una mejor pocision.",25/06/2026,17:30:00,25/06/2026,17:45:00,N/A,0:15:00
b9dffb16,ASÉPTICO,TURNO 2,LINEA 3,FW32,FW-TRA-06 /UNIDAD TRANSF TREEPACK,EUSTORGIO,FINALIZADO,TÉCNICO,Envases caídos en salida del lado izquierdo. Se ajustan presión de dedos y pocision de guías en transferencia.,25/06/2026,19:00:00,25/06/2026,20:00:00,N/A,1:00:00
db05a6ee,ASÉPTICO,TURNO 2,LINEA 3,CBP32,CBP-TRA-10 /TRANSPORTADORES,EUSTORGIO,FINALIZADO,TÉCNICO,Cajas atascadas en salida. Se ajustan baranda y guías de salida.,25/06/2026,21:40:00,25/06/2026,21:50:00,N/A,0:10:00
8bc4724f,VACÍO,TURNO 2,LINEA 1,SELLADORA ANGELUS,SELL-CAD-01 /CADENA AGRUPADORA,EUSTORGIO,FINALIZADO,SUPERVISOR,"Se solda dedo partido, se sincroniza cadena, se lubrican rodillos de operaciones, se lubrican platos.",25/06/2026,15:00:00,25/06/2026,17:38:00,N/A,2:38:00
c2bc2c84,ASÉPTICO,TURNO 3,LINEA 1,CBP32,CBP-AGR-03 /AGRUPADOR,RICARDO,FINALIZADO,TÉCNICO,Colisión de envases en la entrada con el empujador,25/06/2026,22:50:00,25/06/2026,23:10:00,5,0:20:00
7f477bf8,ASÉPTICO,TURNO 3,LINEA 1,CAP,CAP-TRA-06 /TRANSPORTADOR DE TAPAS,RICARDO,FINALIZADO,TÉCNICO,Transportador de tapas bloqueado,25/06/2026,4:55:00,25/06/2026,5:15:00,N/A,0:20:00
865f254f,ASÉPTICO,TURNO 3,LINEA 3,FW32,FW-AGR-03 /UNIDAD AGRUPADORA,RICARDO,FINALIZADO,TÉCNICO,"Problemas por caída de envases al momento de agrupar, se realiza remplazo de soporte de pala derecha",25/06/2026,4:00:00,25/06/2026,4:50:00,N/A,0:50:00
11976f86,ASÉPTICO,TURNO 3,LINEA 3,FW32,FW-TRA-06 /UNIDAD TRANSF TREEPACK,RICARDO,FINALIZADO,TÉCNICO,"Caída de tripak en la salida, ajuste de guias",25/06/2026,2:00:00,25/06/2026,2:15:00,N/A,0:15:00
fac1a17d,VACÍO,TURNO 1,LINEA 1,SELLADORA ANGELUS,SELL-OPE-05 /OPERACIONES DE SELLADO,YOLIANNY,FINALIZADO,SUPERVISOR,Se realiza lubricacion de operaciones.,26/06/2026,7:00:00,26/06/2026,7:15:00,N/A,0:15:00
fe9b30d2,VACÍO,TURNO 1,LINEA 1,ROBOT TAVIL,TAV-TRA-07 /TRANSPORTADOR BATERIA/LINEA,YOLIANNY,FINALIZADO,SUPERVISOR,Se descarrila correa de batería. Se posiciona nuevamente y se ajusta tensión de la misma.,26/06/2026,10:40:00,26/06/2026,11:00:00,N/A,0:20:00
ca4bd229,VACÍO,TURNO 1,LINEA 1,GUAYA TRANSPORTE,GUA-RED-01 /MOTOREDUCTOR,YOLIANNY,FINALIZADO,SUPERVISOR,Guaya déja de accionar luego de un trancamiento. Se ajusta cableado de selector.,26/06/2026,10:50:00,26/06/2026,11:00:00,N/A,0:10:00
bbe7f784,ASÉPTICO,TURNO 1,LINEA 1,CAP,CAP-TRA-06 /TRANSPORTADOR DE TAPAS,YOLIANNY,FINALIZADO,TÉCNICO,"La falla era tapas en posición incorrecta, se ajusta guías de tapas y se ajustan las uñas aplicadoras de tapas.",26/06/2026,9:05:00,26/06/2026,10:07:00,40 min,1:02:00
0af8309a,ASÉPTICO,TURNO 1,LINEA 1,CAP,CAP-TRA-06 /TRANSPORTADOR DE TAPAS,YOLIANNY,FINALIZADO,TÉCNICO,"Tapas mal torcidas, se ajustan guías de tapas y uñas de la unidad aplicadora de tapas",26/06/2026,9:04:00,26/06/2026,10:07:00,N/A,1:03:00
7df35c2d,VACÍO,TURNO 2,LINEA 1,ROBOT TAVIL,TAV-AIR-12 /AIRE COMPRIMIDO,EUSTORGIO,FINALIZADO,SUPERVISOR,Se repara fuga de aire en transportador aéreo,26/06/2026,20:00:00,26/06/2026,20:01:00,N/A,0:01:00
f252d343,ASÉPTICO,TURNO 2,LINEA 1,TAVIL,TAV-GAR-06 /GUIAS/RODAMIENTOS GARRA,EUSTORGIO,FINALIZADO,SUPERVISOR,Se sustituyen tornillos partidos en riel izquierdo de la garra del robot Tavil 02,26/06/2026,18:36:00,26/06/2026,18:37:00,N/A,0:01:00
19a102aa,ASÉPTICO,TURNO 2,LINEA 1,ALMIX,ALM-BOM-05 /BOMBA,EUSTORGIO,FINALIZADO,SUPERVISOR,"Se instala bomba, se prueba, queda operativa.",26/06/2026,17:45:00,26/06/2026,17:46:00,N/A,0:01:00
54da1acc,ASÉPTICO,TURNO 1,LINEA 2,ALCIP,ALC-PLC-02 /PLC ,EUSTORGIO,FINALIZADO,SUPERVISOR,"Equipo : alcip 
Falla : sistema de control sin energía 
Causa : fuente DC defectuosa 
Solución : se sustituye la fuente por una nueva del almacén",29/06/2026,10:00:00,29/06/2026,11:00:00,60 minutos,1:00:00
15baa204,VACÍO,TURNO 1,LINEA 1,SELLADORA ANGELUS,SELL-OPE-05 /OPERACIONES DE SELLADO,EUSTORGIO,FINALIZADO,SUPERVISOR,"Se lubrican rodillos de operaciones, Almix, selladora y llenadora",29/06/2026,7:00:00,29/06/2026,7:15:22,N/A,0:15:22
4a5fc902,VACÍO,TURNO 1,LINEA 1,EMBALADORA GAMMA,EMB-CAD-07 /CADENA DE CARTONES,EUSTORGIO,FINALIZADO,SUPERVISOR,"Se ajusta entrega de cartones en el soldador, se sincroniza cadena de cartones, se ajusta velocidad de la lona del soldador.",29/06/2026,10:00:11,29/06/2026,12:35:35,N/A,2:35:24
d5236ef1,VACÍO,TURNO 1,LINEA 1,TUNEL,TUN-TRAS-03 /TRASNPORTADOR ENTRADA-SALIDA,EUSTORGIO,FINALIZADO,SUPERVISOR,"Se desmontan dos ventiladores dañados (salida del túnel de enfriamiento de L1 y puesto de analista de calidad de L3), se traslada el ventilador del puesto de trabajo de salida de la etiquetadora de L3 al puesto de trabajo de salida del túnel de enfriamiento de L1 vacío",29/06/2026,8:00:00,29/06/2026,8:01:00,N/A,0:01:00
b737211b,VACÍO,TURNO 1,LINEA 1,ROBOT TAVIL,TAV-TRA-07 /TRANSPORTADOR BATERIA/LINEA,EUSTORGIO,FINALIZADO,SUPERVISOR,Se corrige fuga de aire en transpor aéreo de L1 vacío,29/06/2026,9:22:00,29/06/2026,9:23:00,N/A,0:01:00
d954fcf4,VACÍO,TURNO 2,LINEA 1,LLENADORA ELMAR,LLE-ELE-12 /SUMINISTRO ELECTRICO,RICARDO,FINALIZADO,TÉCNICO,Luego del flicker se dispara breaker y se pone variador en error del transportador de entrada y salida.,29/06/2026,15:30:00,29/06/2026,15:55:00,N/A,0:25:00
2b9bcc58,VACÍO,TURNO 2,LINEA 1,ROBOT TAVIL,TAV-COM-13 /PERDIDA DE COMUNICACION,RICARDO,FINALIZADO,TÉCNICO,Se va a error es 2 ocasiones. La cual se bloquea y no permite movimiento. Se apaga equipo.,29/06/2026,20:20:00,29/06/2026,20:40:00,N/A,0:20:00
8a9a7378,ASÉPTICO,TURNO 2,LINEA 2,A3CFLEX,A3CF-ELE-25 /SUMINISTRO ELÉCTRICO,RICARDO,FINALIZADO,TÉCNICO,Falla de suministro eléctrico,29/06/2026,15:17:00,29/06/2026,18:17:00,N/A,3:00:00
62573009,ASÉPTICO,TURNO 2,LINEA 2,TAVIL,TAV-VAC-02 /PALET VACÍO,RICARDO,FINALIZADO,TÉCNICO,"Disparo de interruptor termomagnético, pendiente: verificar cableado",29/06/2026,20:16:00,29/06/2026,20:32:00,N/A,0:16:00
c9336400,ASÉPTICO,TURNO 2,LINEA 2,ALMIX,ALM-BOM-05 /BOMBA,RICARDO,FINALIZADO,TÉCNICO,"Cortocircuito por cable de alimentación en mal estado, se corrige el daño en el cable",29/06/2026,16:00:00,29/06/2026,16:00:01,N/A,0:00:01
332dbd0b,ASÉPTICO,TURNO 2,LINEA 2,TAVIL,TAV-ELE-11 /SUMINISTRO ELÉCTRICO,RICARDO,FINALIZADO,TÉCNICO,"Filtro de variador quemado, se realiza conexión directa de la potencia al variador.",29/06/2026,15:20:00,29/06/2026,15:20:01,N/A,0:00:01
8b69b228,ASÉPTICO,TURNO 3,LINEA 1,HELIX,HEL-ARA-04 /ARAÑA,YOLIANNY,FINALIZADO,TÉCNICO,"Base de sensor de final de carrera recorrido de la araña inferior flojo no permitía referenciar, se ajusta base y sensor",30/06/2026,5:45:00,30/06/2026,6:30:00,N/A,0:45:00
94a276e9,ASÉPTICO,TURNO 3,LINEA 1,A3FLEX,A3F-AIR-05 /SISTEMA AIRE ESTERIL,YOLIANNY,FINALIZADO,TÉCNICO,"Alarma de falla en super calentador, se revisa y no se encuentran anomalías, se reinicia equipo y despeja falla",30/06/2026,4:00:00,30/06/2026,4:30:00,N/A,0:30:00
086be90a,ASÉPTICO,TURNO 3,LINEA 1,A3FLEX,A3F-TPO-01 /TPOP DISPLAY,YOLIANNY,FINALIZADO,TÉCNICO,"Falla en subida de programa en la cual TPOP mostraba como si estuviese llave de servicio activada, se baja y se sube programa de nuevo",30/06/2026,5:30:00,30/06/2026,6:00:00,N/A,0:30:00
e71cee6b,ASÉPTICO,TURNO 3,LINEA 3,A3CFLEX,A3CF-PER-07 /SITEMA PEROXIDO,YOLIANNY,FINALIZADO,TÉCNICO,"Falla en el intercambiador de calor al subir programa por este no aumentar temperatura, se purgó sistema",30/06/2026,4:00:00,30/06/2026,4:30:00,N/A,0:30:00
5e57caeb,VACÍO,TURNO 3,LINEA 1,SELLADORA ANGELUS,SELL-OPE-05 /OPERACIONES DE SELLADO,YOLIANNY,FINALIZADO,SUPERVISOR,Se realiza lubricacion de operaciones.,29/06/2026,22:35:00,29/06/2026,22:35:01,N/A,0:00:01
a27fa31a,ASÉPTICO,TURNO 3,LINEA 3,A3CFLEX,A3CF-HI-27/BAJO FLUJO HI,YOLIANNY,FINALIZADO,TÉCNICO,"Vacieado lento en sistema de pulverizado, se sube programa de nuevo",30/06/2026,5:00:00,30/06/2026,5:30:00,N/A,0:30:00
4cdbc348,VACÍO,TURNO 3,LINEA 1,ROBOT TAVIL,TAV-TRA-14 /TRNASPORTADORES DE CAJAS,YOLIANNY,FINALIZADO,SUPERVISOR,"Atasco de cajas en transportador aereo, tramo 3. Se enfocan sensores.",30/06/2026,4:50:00,30/06/2026,5:00:00,N/A,0:10:00
c26aff3c,VACÍO,TURNO 3,LINEA 1,EMBALADORA GAMMA,EMB-PIR-10 /PIROMETRO,YOLIANNY,FINALIZADO,SUPERVISOR,Descenso de temperatura debido a administración de carga por transferencia de suministro eléctrico a generadores,30/06/2026,5:40:00,30/06/2026,6:30:00,N/A,0:50:00
ec61eecf,ASÉPTICO,TURNO 3,LINEA 2,TAVIL,TAV-TRA-07 /TRANSPORTADOR BATERIA/LINEA,YOLIANNY,FINALIZADO,SUPERVISOR,Atasco de cajas en transportadores aéreos de Robot de aluminio.,30/06/2026,1:51:00,30/06/2026,1:55:00,N/A,0:04:00
d2e4f2f5,ASÉPTICO,TURNO 1,LINEA 1,CBP32,CBP-PLA-04 /PLACA DE TRANSFERENCIA,EUSTORGIO,FINALIZADO,TÉCNICO,"Envases atascados en la guillotina, se soluciona aperturando guías y ajustando posición del rail guía del empujador agrupador",30/06/2026,8:05:00,30/06/2026,8:25:00,20 mimutos,0:20:00
3548447b,ASÉPTICO,TURNO 1,LINEA 1,HELIX,HEL-TRA-10TRANSPORTADOES,EUSTORGIO,FINALIZADO,TÉCNICO,"Se parte transportador de salida, se desmonta y se vuelve a unir eslabón.",30/06/2026,11:40:00,30/06/2026,12:00:00,N/A,0:20:00
b31c10f6,VACÍO,TURNO 1,LINEA 1,SELLADORA ANGELUS,SELL-OPE-05 /OPERACIONES DE SELLADO,EUSTORGIO,FINALIZADO,SUPERVISOR,Se lubrican los rodillos de las operaciones,30/06/2026,7:00:00,30/06/2026,7:15:00,N/A,0:15:00
fb049f1b,ASÉPTICO,TURNO 1,LINEA 3,A3CFLEX,A3CF-SEG-08 /SISTEMA DE SEGURIDAD,EUSTORGIO,FINALIZADO,TÉCNICO,"Alarma de relé seguridad activado, ya que le faltaba una señal al PLUTO. Se soluciona calibrando el presostato t50b6110.",30/06/2026,12:00:00,30/06/2026,12:30:00,N/A,0:30:00
4bda8c30,ASÉPTICO,TURNO 1,LINEA 3,FW32,FW-TRA-06 /UNIDAD TRANSF TREEPACK,EUSTORGIO,FINALIZADO,TÉCNICO,Envases caídos en salida. Se ajustan la guías laterales,30/06/2026,11:00:00,30/06/2026,11:30:00,N/A,0:30:00
287bc29f,VACÍO,TURNO 1,LINEA 1,ROBOT TAVIL,TAV-TRA-14 /TRNASPORTADORES DE CAJAS,EUSTORGIO,FINALIZADO,SUPERVISOR,Se repara fuga en transportador aéreo,30/06/2026,7:29:00,30/06/2026,7:49:00,N/A,0:20:00
2e474f85,VACÍO,TURNO 1,LINEA 1,HORNO,HOR-PIR-04 /PIROMETRO,EUSTORGIO,FINALIZADO,SUPERVISOR,"Se presenta baja temperatura por posible falla de resistencias, se sube tempe7de horno TECMI par compensar",30/06/2026,8:10:00,30/06/2026,8:25:00,N/A,0:15:00
53f057cf,VACÍO,TURNO 1,LINEA 1,HORNO,HOR-CAD-06 /CADENA HORNO,EUSTORGIO,FINALIZADO,SUPERVISOR,Se modifica transferencia de salida del horno para evitar caída de envases,30/06/2026,10:00:00,30/06/2026,10:55:00,N/A,0:55:00
47a02075,VACÍO,TURNO 1,LINEA 1,EMBALADORA GAMMA,EMB-SOL-05 /SOLDADOR,EUSTORGIO,FINALIZADO,SUPERVISOR,Se cambia fusible quemado y cable de alimentación del soldador,30/06/2026,11:15:00,30/06/2026,11:40:00,N/A,0:25:00
ec1595e0,VACÍO,TURNO 1,LINEA 1,ROBOT TAVIL,TAV-TRA-14 /TRNASPORTADORES DE CAJAS,EUSTORGIO,FINALIZADO,SUPERVISOR,Se repara fuga en transportador aéreo,30/06/2026,13:00:28,30/06/2026,13:30:51,N/A,0:30:23
97dc429c,VACÍO,TURNO 2,LINEA 1,ROBOT TAVIL,TAV-TRA-14 /TRNASPORTADORES DE CAJAS,RICARDO,FINALIZADO,TÉCNICO,Se reemplaza oring en curva que se encuentra antes de llegar a batería o linea. Ya que las cajas no avanzaban por falta de tracción,30/06/2026,15:00:00,30/06/2026,15:13:00,N/A,0:13:00
37fadfc2,VACÍO,TURNO 2,LINEA 1,SELLADORA ANGELUS,SELL-CAD-01 /CADENA AGRUPADORA,RICARDO,FINALIZADO,TÉCNICO,Se dobla uña de cadena. Se remplaza,30/06/2026,15:55:00,30/06/2026,16:10:00,N/A,0:15:00
4dd46e3f,ASÉPTICO,TURNO 2,LINEA 1,HELIX,HEL-TRA-10 /TRANSPORTADOES,RICARDO,FINALIZADO,TÉCNICO,"Eslabón roto en transportador de entrada, se añaden 4 eslabones y se lubrica",30/06/2026,16:21:00,30/06/2026,17:01:00,N/A,0:40:00
aa85995b,ASÉPTICO,TURNO 2,LINEA 2,A3CFLEX,A3CF-ELE-25 /SUMINISTRO ELÉCTRICO,RICARDO,FINALIZADO,TÉCNICO,Falla en los generadores,30/06/2026,15:00:00,30/06/2026,16:18:00,N/A,1:18:00
32daa5fe,ASÉPTICO,TURNO 2,LINEA 2,A3CFLEX,A3CF-ASE-01 /CAMARA ASEPTICA,RICARDO,FINALIZADO,TÉCNICO,"Termocumpla de elemento de parada corta rota, se deja para reemplazar en el turno siguiente.",30/06/2026,20:10:00,30/06/2026,22:30:00,N/A,2:20:00
5da37fac,VACÍO,TURNO 3,LINEA 1,ROBOT TAVIL,TAV-TRA-14 /TRNASPORTADORES DE CAJAS,YOLIANNY,FINALIZADO,SUPERVISOR,Atasco de cajas en transportador aereo tramo 4.,01/07/2026,3:10:00,01/07/2026,3:35:00,N/A,0:25:00
d77bed19,ASÉPTICO,TURNO 3,LINEA 2,TAVIL,TAV-TRA-07 /TRANSPORTADOR BATERIA/LINEA,YOLIANNY,FINALIZADO,SUPERVISOR,Atasco y acumulación de cajas en línea de aluminio.  Se retiran cajas acumuladas.,01/07/2026,4:56:00,01/07/2026,5:17:00,N/A,0:21:00
dfad1a21,ASÉPTICO,TURNO 3,LINEA 2,A3CFLEX,A3CF-ELM-04 /ELEMENT PARADA CORTA,YOLIANNY,FINALIZADO,TÉCNICO,"⛓️‍💥Falla: Temperatura de elemento incorrecta.
🛠️Causa: Termocupla rota.
🪛Solución: Se reemplaza Termocupla.",30/06/2026,22:30:00,01/07/2026,0:20:00,0,1:50:00
245e07e9,ASÉPTICO,TURNO 3,LINEA 2,A3CFLEX,A3CF-ELE-25 /SUMINISTRO ELÉCTRICO,YOLIANNY,FINALIZADO,TÉCNICO,"⛓️‍💥Falla: suministro eléctrico
🛠️Causa: Falla externa.
🪛Solución: Se encienden generadores.",01/07/2026,0:20:00,01/07/2026,3:30:00,0,3:10:00
c08e62cc,ASÉPTICO,TURNO 3,LINEA 2,TAVIL,TAV-TRA-07 /TRANSPORTADOR BATERIA/LINEA,YOLIANNY,FINALIZADO,TÉCNICO,"⛓️‍💥Falla: Atasco de cajas latas
🛠️Causa: Formación de cajas.
🪛Solución: sin solución.",01/07/2026,4:56:00,01/07/2026,5:17:00,0,0:21:00
d7f427ce,ASÉPTICO,TURNO 3,LINEA 1,FLEX,FLEX-ELE-12 /SUMINISTRO ELÉCTRICO,YOLIANNY,FINALIZADO,TÉCNICO,"⛓️‍💥Falla: suministro eléctrico
🛠️Causa: Falla externa
🪛Solución: Encendido de generadores.",01/07/2026,0:18:00,01/07/2026,3:30:00,0,3:12:00
374fd07d,ASÉPTICO,TURNO 3,LINEA 1,TAVIL,TAV-TRA-07 /TRANSPORTADOR BATERIA/LINEA,YOLIANNY,FINALIZADO,TÉCNICO,"⛓️‍💥Falla: Atasco de cajas latas
🛠️Causa: Formación de cajas
🪛Solución: sin solución.",01/07/2026,4:57:00,01/07/2026,5:31:00,0,0:34:00
ba5188cb,ASÉPTICO,TURNO 1,LINEA 1,CBP32,CBP-AGR-03 /AGRUPADOR,EUSTORGIO,FINALIZADO,TÉCNICO,Colisión de envases en el empujador. Se ajusta el valor del recorrido del empujador agrupador,01/07/2026,7:45:00,01/07/2026,8:00:00,N/A,0:15:00
33c18480,ASÉPTICO,TURNO 1,LINEA 3,HELIX,HEL-ARA-04 /ARAÑA,EUSTORGIO,FINALIZADO,TÉCNICO,Rodamiento guía trancado. Se realiza el reemplazo por uno nuevo,01/07/2026,9:10:00,01/07/2026,9:35:00,N/A,0:25:00
e2f47f1a,ASÉPTICO,TURNO 1,LINEA 1,ALMIX,ALM-COR-02 /CORREA,EUSTORGIO,FINALIZADO,TÉCNICO,Reemplazo de correa en el sistema motriz,01/07/2026,10:20:00,01/07/2026,10:40:00,N/A,0:20:00
2d652c03,ASÉPTICO,TURNO 1,LINEA 1,FLEX,FLEX-VAL-03 /VALVULA DE VAPOR,EUSTORGIO,FINALIZADO,TÉCNICO,"Se desmonta trampa de vapor por tener fuga, se hacela entrega al soldador para su reparacion4",01/07/2026,11:50:00,01/07/2026,12:15:00,N/A,0:25:00
78f01983,VACÍO,TURNO 1,LINEA 1,ROBOT TAVIL,TAV-AIR-12 /AIRE COMPRIMIDO,EUSTORGIO,FINALIZADO,SUPERVISOR,"Se revisa todo el transportador aéreo de L1 vacío y se sustituyen tramos de manguera neumática vencidos ó dañados, queda pendiente el tramo que se se encuentra sobre el tablero del robot 01 (esta parte no se revisa porque la L2 de aséptico está arrancada).",01/07/2026,8:00:00,01/07/2026,8:01:00,N/A,0:01:00
14ee307e,VACÍO,TURNO 1,LINEA 1,ROBOT TAVIL,TAV-DIS-08 /DISPLAY,EUSTORGIO,FINALIZADO,SUPERVISOR,Se retira panel táctil del tablero del robot Tavil 01 y se manda a reparación (Al equipo le cae agua al comenzar la lluvia debido a una filtración en el techo),01/07/2026,9:00:00,01/07/2026,9:01:00,N/A,0:01:00
2bc612cb,VACÍO,TURNO 2,LINEA 1,DESPALETIZADOR ALUMINIO,DES-BOM-01 /BOMBA HIDRÁULICA,RICARDO,FINALIZADO,TÉCNICO,desgaste en alojamiento del rodamiento en la carcasa. La cual tiene mucha holguro haciendo que el rodamiento se desplace Se  bajan piezas para mandar a rectificar y embobinar.,01/07/2026,20:25:00,01/07/2026,20:25:01,N/A,0:00:01
1218444e,ASÉPTICO,TURNO 2,LINEA 1,FLEX,FLEX-VAL-03 /VALVULA DE VAPOR,RICARDO,FINALIZADO,TÉCNICO,Instalación de trampa de vapor reparada,01/07/2026,15:00:00,01/07/2026,20:34:00,N/A,5:34:00
8ed6d68b,ASÉPTICO,TURNO 2,LINEA 2,TAVIL,TAV-VAC-02 /PALET VACÍO,RICARDO,FINALIZADO,TÉCNICO,Atasco de paleta en palet vacío,01/07/2026,17:08:00,01/07/2026,17:28:00,N/A,0:20:00
b7ca0ae5,ASÉPTICO,TURNO 3,LINEA 1,CBP32,CBP-AGR-03 /AGRUPADOR,YOLIANNY,FINALIZADO,TÉCNICO,Retroceso del empujador bloqueado.,01/07/2026,23:47:00,01/07/2026,23:56:00,N/A,0:09:00
0829f8fa,ASÉPTICO,TURNO 3,LINEA 2,FW32,FW-SELL-05 /UNIDAD DE SELLADO,YOLIANNY,FINALIZADO,TÉCNICO,"Soldadura incorrecta, se limpia cuchilla y soldador no obstante se ajusta la temperatura",02/07/2026,0:10:00,02/07/2026,0:40:00,N/A,0:30:00
174ad536,ASÉPTICO,TURNO 3,LINEA 1,CBP32,CBP-PLA-04 /PLACA DE TRANSFERENCIA,YOLIANNY,FINALIZADO,TÉCNICO,Envases perforados o rotos. Se ajusta las placas guías de la transferencias ya que las mismas estaban muy cerradas además poseen mucho desgaste (filo). No obstante se alinean las guías de la banda de agrupación y el empujador.,02/07/2026,2:47:00,02/07/2026,3:32:00,N/A,0:45:00
028ce688,ASÉPTICO,TURNO 1,LINEA 3,DOMINO,DOM-BOM-02 /BOMBA,EUSTORGIO,FINALIZADO,TÉCNICO,"Bomba no alcanzaba la presión y falla de detección de carga. Se limpia cabezal y se le realiza una purga a todo el sistema, se corrige la falla. De manera preventiva se trae impresora Domino de L1 vacío y se deja en el área para ser instalada en caso necesario.",02/07/2026,12:40:00,02/07/2026,13:21:00,N/A,0:41:00
13af8fa1,ASÉPTICO,TURNO 1,LINEA 3,FW32,FW-MAG-04 /MAGAZING DE BOBINAS,EUSTORGIO,FINALIZADO,TÉCNICO,"Envases caídos en la unidad retractiladora.
Se ajustan las  bobinas superior e inferior ya que el trick pack no estaba centrada la película del termoencogible permitiendo caída en la salida del transportador. También se realiza el cambio de bobina superior derecha para mejorar el sellado. Cabe destacar que el problema es que la bobina del lado derecho se desplaza hacia un lado en  el momento que hace sellado ocasionando que se rompa el polietileno. La almohada del lado derecho no ejerce la presión correcta, se desconecta manguera principal de ese lado y es deficiente la entrada aire. Falla por seguir monitoreando el siguiente turno",02/07/2026,12:00:00,02/07/2026,12:20:00,N/A,0:20:00
234fac58,ASÉPTICO,TURNO 1,LINEA 1,TAVIL,TAV-GAR-06 /GUIAS/RODAMIENTOS GARRA,EUSTORGIO,FINALIZADO,SUPERVISOR,"Al momento del corte en el servicio eléctrico externo el robot se detiene de manera brusca, lo que provoca la rotura de la correa dentada T5 300 de las púas de la garra, se sustituye por una nueva.",02/07/2026,8:30:00,02/07/2026,8:50:00,N/A,0:20:00
9acad60e,VACÍO,TURNO 1,LINEA 1,TRANSPORTADORES,TRAN-CHU-04 /CHUMACERA,EUSTORGIO,FINALIZADO,SUPERVISOR,"Se comienza lubricación de todos los componentes de L1 vacío, queda pendiente desarmar eje de los sprockets conducidos de la malla de la embaladora Gamma 20F y lubricar chumaceras.",02/07/2026,9:00:19,02/07/2026,9:01:51,N/A,0:01:32
9c207876,VACÍO,TURNO 1,LINEA 1,SELLADORA ANGELUS,SELL-PLA-04 /PLATOS,EUSTORGIO,FINALIZADO,SUPERVISOR,Se colocan puntas de engrase faltantes en los platos giratorios de las estaciones de la selladora Angelus.,02/07/2026,9:32:11,02/07/2026,9:32:25,0,0:00:14
9039f1ae,ASÉPTICO,TURNO 2,LINEA 3,FW32,FW-SELL-05 /UNIDAD DE SELLADO,RICARDO,FINALIZADO,TÉCNICO,"Polietileno fuera de posicion, se limpia Y ajusta el freno de polietileno y se verifica el correcto funcionamiento de los rodillos posicionadores de polietileno.",02/07/2026,15:00:00,02/07/2026,15:30:00,N/A,0:30:00
263ce8ea,ASÉPTICO,TURNO 2,LINEA 3,FW32,FW-TRA-06 /UNIDAD TRANSF TREEPACK,RICARDO,FINALIZADO,TÉCNICO,"Caída de envases en la salida de ambos lados, se aplica silicón en las partes fijas, se colocan adhesivo en las partes móvilesby se ajustan dedos sujetadores.",02/07/2026,19:50:00,02/07/2026,20:06:00,N/A,0:16:00
95a5c6c5,ASÉPTICO,TURNO 2,LINEA 3,CBP32,CBP-TRA-10 /TRANSPORTADORES,RICARDO,FINALIZADO,TÉCNICO,Desprendimiento del doblador de cajas en transportador de salida. Se instala nuevamente en su posición de trabajo,02/07/2026,20:00:00,02/07/2026,20:05:00,N/A,0:05:00
c3aa4a66,ASÉPTICO,TURNO 2,LINEA 1,CAP,CAP-APL-03 /APLICADOR DE TAPAS,RICARDO,FINALIZADO,TÉCNICO,Tapas mal posicionadas en envase. Se coloca suplemento en guía de salida se tapas.,02/07/2026,16:20:00,02/07/2026,17:10:00,N/A,0:50:00
fb4b1790,ASÉPTICO,TURNO 2,LINEA 1,CBP32,CBP-EMP-05 /EMPUJADOR,RICARDO,FINALIZADO,TÉCNICO,"Atasco de empujador, se detecta rodamiento principal defectuoso y colisión del dolly. Se mejora la posición del dolly y del plate.",02/07/2026,19:59:00,02/07/2026,20:30:00,N/A,0:31:00
9ae9bb0d,ASÉPTICO,TURNO 3,LINEA 1,CBP32,CBP-EMP-05 /EMPUJADOR,YOLIANNY,FINALIZADO,TÉCNICO,"Empujador tiene exceso de juego en rodamiento liso indicando desgaste, se tuvo que colocar un regulador para disminuir la velocidad de retroceso y así evitar que se deteriore más rápido el rodamiento, se debe revisar en parada",02/07/2026,23:15:00,02/07/2026,23:45:00,N/A,0:30:00
2a23baaf,ASÉPTICO,TURNO 3,LINEA 2,HELIX,HEL-ARA-04 /ARAÑA,YOLIANNY,FINALIZADO,TÉCNICO,Desenfoque de sensor de caída de envases,03/07/2026,4:30:00,03/07/2026,4:40:00,N/A,0:10:00
b6647c77,ASÉPTICO,TURNO 3,LINEA 3,HELIX,HEL-TRA-10 /TRANSPORTADOES,YOLIANNY,FINALIZADO,TÉCNICO,"Giro de envases en guía de salida, se ajustan guías",03/07/2026,5:00:00,03/07/2026,5:10:00,N/A,0:10:00
19fa58ac,ASÉPTICO,TURNO 3,LINEA 3,CBP32,CBP-AIR-12 /AIRE COMPRIMIDO,YOLIANNY,FINALIZADO,TÉCNICO,Fallo de suma de relé de seguridad,03/07/2026,0:30:00,03/07/2026,0:40:00,N/A,0:10:00
06da719b,ASÉPTICO,TURNO 1,LINEA 3,HELIX,HEL-TRA-10 /TRANSPORTADOES,EUSTORGIO,FINALIZADO,TÉCNICO,"Eslabones partidos en transportador de entrada, se reemplazan 12 eslabones por unos que estaban en buen estado.",03/07/2026,9:50:00,03/07/2026,10:35:00,N/A,0:45:00
61f869d0,ASÉPTICO,TURNO 1,LINEA 2,SA,SA-APL-05 /UNIDAD APLICADORA,EUSTORGIO,FINALIZADO,TÉCNICO,"Dejaba de pegar pitillos en algunas ocasiones, se revisa la unidad aplicadora, se encontraba restos de pitillos en la boquilla superior lo cual no permitía dosificar. Se le realiza limpieza al mandril.",03/07/2026,9:00:00,03/07/2026,9:40:00,N/A,0:40:00
c69036c6,VACÍO,TURNO 1,LINEA 1,HORNO,HOR-CAD-06 /CADENA HORNO,EUSTORGIO,FINALIZADO,TÉCNICO,"Se revisa horno y se observa que los cables de alta temperatura de alimentación de las resistencias están muy deteriorados, por protección se bajan breackers de las resistencias, se precintan y se les coloca tarjeta de bloqueo. Adicionalmente se mueve horno TECMI para desmontar la transferencia y mejorarla.",03/07/2026,8:01:05,03/07/2026,8:02:22,N/A,0:01:17
251c7120,VACÍO,TURNO 1,LINEA 1,PASTEURIZADOR,PAS-CON-01 /CONTROLADOR PIROMETRO,EUSTORGIO,FINALIZADO,SUPERVISOR,"Se termina configuración de contador ABB, se realizan pruebas con 600, 800, 1200 y 1600 lts, los resultados son satisfactorios, se entrega equipo operativo a producción",03/07/2026,9:00:48,03/07/2026,9:01:10,N/A,0:00:22
80f842de,ASÉPTICO,TURNO 1,LINEA 3,A3CFLEX,A3CF-HI-27/BAJO FLUJO HI,RICARDO,FINALIZADO,TÉCNICO,"Vaciado lento de hi, se limpian los electrodos de la copa, y se aumenta la presión de aire",06/07/2026,13:30:00,06/07/2026,13:40:00,N/A,0:10:00
5de67839,ASÉPTICO,TURNO 1,LINEA 3,A3CFLEX,A3CF-PULL-18 /PULL DOWN PLEGADORA,RICARDO,FINALIZADO,TÉCNICO,"Solapa superior invertida, se realiza ajuste en plegadora.",06/07/2026,14:30:00,06/07/2026,14:40:00,N/A,0:10:00
359617c5,ASÉPTICO,TURNO 1,LINEA 1,CBP32,CBP-EMP-05 /EMPUJADOR,RICARDO,FINALIZADO,TÉCNICO,"Cilindro neumático no referencia, se realizan ajustes según manual, la falla persiste, se deja al turno siguiente",06/07/2026,7:00:00,06/07/2026,15:00:00,N/A,8:00:00
0003d955,VACÍO,TURNO 2,LINEA 1,EMBALADORA GAMMA,EMB-PIR-10 /PIROMETRO,YOLIANNY,FINALIZADO,SUPERVISOR,Caída de temperatura de horno en dos oportunidades.,06/07/2026,17:40:00,06/07/2026,18:00:00,N/A,0:20:00
f98c4bdb,VACÍO,TURNO 2,LINEA 1,TRANSPORTADORES,TRAN-PAN-07 /PANEL DE CONTROL,YOLIANNY,FINALIZADO,SUPERVISOR,Transportadores de entrada a línea y a batería se detienen de forma repentina sin tener presencia de cajas atascadas. Se realiza modificacion de contador y reinicio de máquina permitiendo dar continuidad nuevamente a la producción. Esto puede ser producto de falsa señal detectada.,06/07/2026,18:30:00,06/07/2026,18:55:00,N/A,0:25:00
c133ea43,ASÉPTICO,TURNO 2,LINEA 3,A3CFLEX,A3CF-PRE-19 /DISPOSITIVO PRENSOR,YOLIANNY,FINALIZADO,SUPERVISOR,Constantes atascos de envases en plegadora.,06/07/2026,15:00:00,06/07/2026,22:30:00,N/A,7:30:00
53acce05,ASÉPTICO,TURNO 2,LINEA 1,CBP32,CBP-EMP-05 /EMPUJADOR,YOLIANNY,FINALIZADO,SUPERVISOR,Falla en referencia de cilindro de empujador.,06/07/2026,15:00:00,06/07/2026,22:30:00,N/A,7:30:00
c1310fa9,ASÉPTICO,TURNO 3,LINEA 3,A3CFLEX,A3CF-PULL-18 /PULL DOWN PLEGADORA,EUSTORGIO,FINALIZADO,TÉCNICO,"De sincronización de plegador  final, se verifica medidas en la unidad del plegador y correa de alimentación. Se realiza referencia según manual.",07/07/2026,22:45:00,07/07/2026,23:45:00,N/A,1:00:00
bb905223,ASÉPTICO,TURNO 3,LINEA 1,CBP32,CBP-EMP-05 /EMPUJADOR,EUSTORGIO,FINALIZADO,TÉCNICO,"Bloqueo de retroceso de empujador, se realiza ajuste en los topes de amortiguación neumática del cilindro como lo indica el manual y luego de realizar éstos ajustes se realiza la referencia por la computadora.  Fuga de aceite en el conector #90134-0058, se reemplaza por uno nuevo. Máquina operativa.",07/07/2026,1:00:00,07/07/2026,1:50:00,N/A,0:50:00
ca82fadb,ASÉPTICO,TURNO 3,LINEA 2,CBP32,CBP-PAN-09 /PANEL DE CONTROL,EUSTORGIO,FINALIZADO,TÉCNICO,"Falla de suma de relé de seguridad, se le realiza un pulso a la entrada dinámica I46.",07/07/2026,4:30:00,07/07/2026,5:00:00,N/A,0:30:00
cd3bbf5f,VACÍO,TURNO 3,LINEA 1,EMBALADORA GAMMA,EMB-SOL-05 /SOLDADOR,EUSTORGIO,FINALIZADO,SUPERVISOR,Se cambia termocupla del soldador ya que presenta fractura de cables,07/07/2026,2:00:00,07/07/2026,3:40:00,N/A,1:40:00
e1ac97c8,VACÍO,TURNO 3,LINEA 1,ROBOT TAVIL,TAV-TRA-07 /TRANSPORTADOR BATERIA/LINEA,EUSTORGIO,FINALIZADO,SUPERVISOR,Se ajusta valor de corriente de sobrecarga en el motorreductor del tramo 01 porque se detenía constantemente,07/07/2026,1:00:00,07/07/2026,2:30:00,N/A,1:30:00
4a0c9f0c,ASÉPTICO,TURNO 1,LINEA 3,FW32,FW-FRE-02 /UNIDAD FRENO DE ENTRADA,RICARDO,FINALIZADO,TÉCNICO,"Caída de envases en la salida, se ajustan guías laterales agrupadoras, además de la velocidad de salida de los dedos que lleva el tripak al transportador de salida (mediante el racor regulador del cilindro). No obstante estaba descartando muchos envases se ajusta la guía de la banda transportadora ya que se estaban atascando por la presión, luego de eso queda operativa la máquina.",07/07/2026,10:02:00,07/07/2026,12:11:00,N/A,2:09:00
d7d44cab,VACÍO,TURNO 1,LINEA 1,EMBALADORA GAMMA,EMB-SOL-05 /SOLDADOR,RICARDO,FINALIZADO,TÉCNICO,Baja temperatura del soldador. Se consigue breaker disparado.,07/07/2026,13:30:00,07/07/2026,13:50:00,N/A,0:20:00
dfa01772,VACÍO,TURNO 1,LINEA 1,HORNO,HOR-CAD-06 /CADENA HORNO,RICARDO,FINALIZADO,TÉCNICO,Se ajusta velocidad de malla y ajuste de temperatura por cajas mal embaladas,07/07/2026,9:00:00,07/07/2026,9:20:00,N/A,0:20:00
8bb50f0c,VACÍO,TURNO 1,LINEA 1,EMBALADORA GAMMA,EMB-SOL-05 /SOLDADOR,RICARDO,FINALIZADO,TÉCNICO,Falla del soldador. Se revisan conexiones sin conseguir falso contacto,07/07/2026,13:40:00,07/07/2026,13:54:00,N/A,0:14:00
77933b8c,ASÉPTICO,TURNO 1,LINEA 2,SA,SA-TPO-01 /TPOP DISPLAY,RICARDO,FINALIZADO,TÉCNICO,"Falla de comunicación, se baja y se vuelve a cargar la receta",07/07/2026,8:33:00,07/07/2026,8:43:00,N/A,0:10:00
e386e28d,VACÍO,TURNO 2,LINEA 1,EMBALADORA GAMMA,EMB-SOL-05 /SOLDADOR,YOLIANNY,FINALIZADO,SUPERVISOR,Cortocircuito en resistencia de soldador debido a cable fracturado. Se empalma y aisla cableado. Se reemplaza fusible dañado.,07/07/2026,17:25:48,07/07/2026,17:50:03,N/A,0:24:15
ad598556,VACÍO,TURNO 2,LINEA 1,EMBALADORA GAMMA,EMB-SOL-05 /SOLDADOR,YOLIANNY,FINALIZADO,SUPERVISOR,Daño de rarcor de cilindro sujetador de cajas. Se reemplaza rl mismo,07/07/2026,17:50:00,07/07/2026,18:00:00,N/A,0:10:00
0cf47faf,ASÉPTICO,TURNO 2,LINEA 3,CBP32,CBP-EMP-05 /EMPUJADOR,YOLIANNY,FINALIZADO,TÉCNICO,"⛓️‍💥FALLA:Placa de empujador bloqueada.
🛠️Causa: Tornillos soportes del brazo de placa, desajustados.
🪛Solución:Se ajusta tornillos.",07/07/2026,15:07:00,07/07/2026,15:34:00,0,0:27:00
a39e45fa,VACÍO,TURNO 2,LINEA 1,ROBOT TAVIL,TAV-SEG-01 /BARRERAS DE SEGURIDAD,YOLIANNY,FINALIZADO,SUPERVISOR,"Colisión de paleta en barrera de seguridad ocasiona daño de cableado de esta última y cortocircuito en el sistema de seguridad. Se reemplaza cable, se resetea equipo.",07/07/2026,20:30:00,07/07/2026,20:45:00,N/A,0:15:00
198e03dc,ASÉPTICO,TURNO 2,LINEA 3,A3CFLEX,A3CF-MOR-14 /MORDAZAS,YOLIANNY,FINALIZADO,TÉCNICO,"⛓️‍💥Falla: Corrección del Diseño.
🛠️Causa: posición de material.
🪛Solución: Se inicia a producción.",07/07/2026,15:43:00,07/07/2026,15:45:00,0,0:02:00
dd95ae2b,ASÉPTICO,TURNO 2,LINEA 1,CBP32,CBP-EMP-05 /EMPUJADOR,YOLIANNY,FINALIZADO,TÉCNICO,"⛓️‍💥Falla: Fallo de servo.
🛠️Causa: Perdida de referencia.
🪛Solución: Aún sin solución.",07/07/2026,20:00:00,07/07/2026,22:30:00,N/A,2:30:00
cac8a32d,VACÍO,TURNO 3,LINEA 1,SELLADORA ANGELUS,SELL-OPE-05 /OPERACIONES DE SELLADO,EUSTORGIO,FINALIZADO,SUPERVISOR,"Se lubrican rodillos de las operaciones de la selladora Angelus, se rellena galón de lubricante húmedo.",07/07/2026,22:30:00,07/07/2026,22:50:00,N/A,0:20:00
fc3ba434,VACÍO,TURNO 3,LINEA 1,SELLADORA ANGELUS,SELL-OPE-05 /OPERACIONES DE SELLADO,EUSTORGIO,FINALIZADO,SUPERVISOR,"Se lubrican rodillos de las operaciones, se recarga galón de lubricante húmedo",07/07/2026,22:30:00,07/07/2026,22:50:00,N/A,0:20:00
3d2208f5,ASÉPTICO,TURNO 3,LINEA 3,A3CFLEX,A3CF-COR-17 /CORREA ALIM PLEGADORA,EUSTORGIO,FINALIZADO,TÉCNICO,"Solapa superior despegada, se ajuste el valor de compensación de Diseño.",07/07/2026,23:00:00,08/07/2026,23:25:00,N/A,0:25:00
a33c0a8e,ASÉPTICO,TURNO 3,LINEA 3,CBP32,CBP-CAD-07 /CADENA ARRASTRADORA,EUSTORGIO,FINALIZADO,TÉCNICO,"Se volteaban cajas en la salida, se ajusta punto de pega superior derecho por TPOP, problemas también con el cartón hacia la unidad de embalaje, se ajusta el carro y el magazine.",07/07/2026,2:10:00,08/07/2026,3:10:00,N/A,1:00:00
8b6d4ec1,VACÍO,TURNO 3,LINEA 3,TRANSPORTADORES,TRAN-PAN-07 /PANEL DE CONTROL,EUSTORGIO,FINALIZADO,SUPERVISOR,"Se arrancan equipos, se instala y prueba impresora Domino.",08/07/2026,3:00:00,08/07/2026,3:01:00,N/A,0:01:00
2b08106f,ASÉPTICO,TURNO 3,LINEA 1,CBP32,CBP-EMP-05 /EMPUJADOR,EUSTORGIO,FINALIZADO,SUPERVISOR,Falla de servo y pérdida de referencia del cilindro neumático Festo,08/07/2026,0:00:00,08/07/2026,7:00:00,N/A,7:00:00
a3dd3a7f,ASÉPTICO,TURNO 1,LINEA 1,CBP32,CBP-EMP-05 /EMPUJADOR,RICARDO,FINALIZADO,TÉCNICO,"Falla de referencia del empujador, no se determina la causa, se deja para el turno siguiente.",08/07/2026,7:00:00,08/07/2026,15:00:00,N/A,8:00:00
ccfe640d,ASÉPTICO,TURNO 2,LINEA 1,CBP32,CBP-AGR-03 /AGRUPADOR,YOLIANNY,FINALIZADO,TÉCNICO,"Falla de referencia de empujador, se realizaron diversas pruebas con encoders nuevo y no fue posible referenciar, en última instancia se probó referenciado el servocilindro viejo de la siguiente manera: referencia por PC, como se realiza normalmente, nota: cuando se realiza el gonto Home en el empujador no importa que esté de alarma mientras se mueva a posición de Home, se borra alarma y se sigue con identificación. Una vez hecha la referencia por PC, se colocó en modo automático se espero 30 segundos y se apagó la máquina, se prende y se realiza referencia por TPOP. Luego puede dar alarma por ajuste de topes, sebe ver en módulo la posición y ajustar. Dado que solo se puede referenciar hasta el momento con el encoder viejo se colocó en cilindro nuevo",08/07/2026,15:00:00,08/07/2026,22:30:00,N/A,7:30:00
c22d6893,VACÍO,TURNO 2,LINEA 3,ETIQUETADORA,ETIQ-PIS-06 /PISTOLAS DE PEGA,YOLIANNY,FINALIZADO,SUPERVISOR,Pistola de pega #1 déjà de dosificar. Se ajusta presión de pistola y se purga constantemente hasta que cuelve a inyectar.,08/07/2026,18:30:00,08/07/2026,19:05:00,N/A,0:35:00
b107afdb,ASÉPTICO,TURNO 3,LINEA 1,CBP32,CBP-EMP-05 /EMPUJADOR,EUSTORGIO,FINALIZADO,TÉCNICO,"Empujador de retroceso bloqueado en varias ocasiones,  se ajusta presión de aire del sistema para una mejor rapidez del retroceso.",08/07/2026,23:00:00,08/07/2026,23:55:00,N/A,0:55:00
7382c81f,ASÉPTICO,TURNO 3,LINEA 1,CBP32,CBP-PLA-04 /PLACA DE TRANSFERENCIA,EUSTORGIO,FINALIZADO,TÉCNICO,"Placa de transferencia bloqueada, se ajusta sensor del cilindro de la placa.",09/07/2026,1:30:00,09/07/2026,1:45:00,N/A,0:15:00
e7386651,ASÉPTICO,TURNO 3,LINEA 1,CAP,CAP-INY-07 /UNIDAD INYECCIO PEGA,EUSTORGIO,FINALIZADO,TÉCNICO,"Exceso de pega en la tapa del envase y punto adelantado también ,se baja la presión de la unidad norsom, aumento de  temperatura de la unidad y se ajusta parámetro de posición del eje Y de 38.5 mm a 37 mm.",09/07/2026,2:00:00,09/07/2026,2:30:00,N/A,0:30:00
553f1da9,ASÉPTICO,TURNO 3,LINEA 2,A3CFLEX,A3CF-ELM-04 /ELEMENT PARADA CORTA,EUSTORGIO,FINALIZADO,TÉCNICO,"Posición incorrecta elemento de parada corta, se verifica sensor del cilindro, daba lectura al cerrar el elemento pero no llegaba la señal a la tarjeta electrónica, cabe destacar que en su conexión interna la señal (cable negro estaba roto), se reemplaza por otro sensor.",09/07/2026,1:30:00,09/07/2026,2:45:00,N/A,1:15:00
473ffef9,ASÉPTICO,TURNO 3,LINEA 2,A3CFLEX,A3CF-AIR-05 /SISTEMA AIRE ESTERIL,EUSTORGIO,FINALIZADO,TÉCNICO,"Se cae llenadora por sistema de aire estéril por bajo flujo de agua, se verifica los flujómetros sin ver ninguna novedad se sube nuevamente programa. Máquina en producción.",09/07/2026,3:00:00,09/07/2026,3:30:00,N/A,0:30:00
690567bc,VACÍO,TURNO 3,LINEA 3,TAPADORA WHITECAP,TAP-MOT-03 /MOTOREDUCTOR,EUSTORGIO,FINALIZADO,SUPERVISOR,Se coloca nuevamente cuña en acople de piñón motriz a la salida del reductor principal (se había salido),09/07/2026,0:20:00,09/07/2026,1:00:00,N/A,0:40:00
d2a8e844,VACÍO,TURNO 3,LINEA 3,DESPALETIZADOR COLADOS,DESP-DIS-09 /DISPLAY,EUSTORGIO,FINALIZADO,SUPERVISOR,"El ciclo se interrumpe,se coloca el equipo en posición inicial, se revisan todos los sensores, se apaga y  enciende nuevamente.",09/07/2026,1:30:00,09/07/2026,2:20:00,N/A,0:50:00
691f0214,VACÍO,TURNO 3,LINEA 3,ETIQUETADORA,ETIQ-MAG-07 /MAGAZIN DE ETIQUETAS,EUSTORGIO,FINALIZADO,SUPERVISOR,Se ajustan tornillos de las uñas superiores del magazine para mejorar colocación de etiquetas en el envase.,09/07/2026,3:00:00,09/07/2026,3:30:00,N/A,0:30:00
98b90487,ASÉPTICO,TURNO 1,LINEA 1,HELIX,HEL-ARA-04 /ARAÑA,RICARDO,FINALIZADO,TÉCNICO,"Rodillo de la correa dañado, se repara y se instala nuevamente.",09/07/2026,10:24:00,09/07/2026,11:29:00,N/A,1:05:00
19a981d9,ASÉPTICO,TURNO 1,LINEA 2,FW32,FW-TPO-01 /TPOP DISPLAY,RICARDO,FINALIZADO,TÉCNICO,"Falla de sensor de soldador, dicha falla no resetea por TPOP, se procede a reiniciar la máquina.",09/07/2026,11:12:00,09/07/2026,11:43:00,N/A,0:31:00
fe790c37,ASÉPTICO,TURNO 2,LINEA 2,A3CFLEX,A3CF-HI-27/BAJO FLUJO HI,YOLIANNY,FINALIZADO,TÉCNICO,Ajuste de sensor de tubería de HI,09/07/2026,15:00:00,09/07/2026,15:05:00,N/A,0:05:00
b25d26bd,ASÉPTICO,TURNO 2,LINEA 2,CBP32,CBP-TPO-08 /TPOP,YOLIANNY,FINALIZADO,TÉCNICO,"Alarma de seguridad de puerta, se reinicia el pluto",09/07/2026,21:45:00,09/07/2026,22:00:00,N/A,0:15:00
febb4c9b,VACÍO,TURNO 2,LINEA 3,ROBOT MOTOMAN,ROB-GAR-03 /GARRA,YOLIANNY,FINALIZADO,SUPERVISOR,Ruptura de garra. Se aplica soldadura a garra y se referencia.,09/07/2026,15:00:00,09/07/2026,16:00:00,N/A,1:00:00
83980512,ASÉPTICO,TURNO 3,LINEA 1,A3FLEX,A3F-SEG-08 /SISTEMA DE SEGURIDAD,EUSTORGIO,FINALIZADO,TÉCNICO,"Alarma de puerta de abierta lado derecho de plegador final, se  reemplaza asan y Eva.",10/07/2026,3:00:00,10/07/2026,3:25:00,N/A,0:25:00
2dad3f28,ASÉPTICO,TURNO 3,LINEA 2,CBP32,CBP-VEN-14 /VENTOSAS,EUSTORGIO,FINALIZADO,TÉCNICO,"Problemas en el momento de agarrar el cartón, ventosas húmedas, se limpian y se ajustan la distancia con respecto al cartón, caída de envases hacia la placa de transferencia, se ajusta riel guía para mejorar la formación de patrón en la unidad vasculante.",10/07/2026,5:10:00,10/07/2026,5:35:00,N/A,0:25:00
fa5844bd,ASÉPTICO,TURNO 3,LINEA 1,DOMINO,DOM-CAB-05 /CABEZAL,EUSTORGIO,FINALIZADO,TÉCNICO,"Falla detección de carga, se limpia cabezal y se purga la boquilla.",10/07/2026,4:00:00,10/07/2026,4:30:00,N/A,0:30:00
651ddb14,ASÉPTICO,TURNO 1,LINEA 2,SA,SA-SEN-15 /SENSOR,RICARDO,FINALIZADO,TÉCNICO,"Cable roto de sensor del tambor, se debió reparar",10/07/2026,10:36:00,10/07/2026,11:15:00,N/A,0:39:00
80ef3302,ASÉPTICO,TURNO 1,LINEA 2,FW32,FW-SELL-05 /UNIDAD DE SELLADO,RICARDO,FINALIZADO,TÉCNICO,Cambio de boninaa y ajuste en altura de pala derecha por falla en sellado,10/07/2026,13:39:00,10/07/2026,13:59:00,N/A,0:20:00
aeede86b,VACÍO,TURNO 1,LINEA 3,TRANSPORTADORES,TRAN-GUI-08 /GUIAS,YOLIANNY,FINALIZADO,SUPERVISOR,Transportador #23 no acciona. Se observa daños en conectores de sensores de transportador. Se desconectan y se energiza nuevamente permitiendo dar continuidad a la producción. Transportador queda operando en manual.,13/07/2026,13:09:00,13/07/2026,13:29:00,N/A,0:20:00
90903903,ASÉPTICO,TURNO 1,LINEA 1,CBP32,CBP-EMP-05 /EMPUJADOR,YOLIANNY,FINALIZADO,TÉCNICO,"⛓️‍💥Falla: Subida de placa del empujador bloqueada.
🛠️Causa: Placa tope del empujador adelantada.
🪛Solución: Se ajusta placa tope del empujador.",13/07/2026,12:05:00,13/07/2026,12:20:00,N/A,0:15:00
c6e91296,ASÉPTICO,TURNO 1,LINEA 1,A3FLEX,A3F-MOR-14 /MORDAZAS,YOLIANNY,FINALIZADO,TÉCNICO,"⛓️‍💥Falla: Formación de envases desde la guía de papel.
🛠️Causa: Guía de papel, en proceso de ajuste fino.
🪛Solución: Ajuste fino de guía de papel",13/07/2026,12:50:00,13/07/2026,13:10:00,0,0:20:00
84737d5b,ASÉPTICO,TURNO 1,LINEA 3,A3CFLEX,A3CF-PER-07 /SITEMA PEROXIDO,YOLIANNY,FINALIZADO,TÉCNICO,"⛓️‍💥Falla: Vaciado lento y llenado rápido depósito de HI.
🛠️Causa: Desconocida.
🪛Solución: Se revisa electrodos, presión de aire.",13/07/2026,10:30:00,13/07/2026,15:00:00,0,4:30:00
976d39bb,ASÉPTICO,TURNO 2,LINEA 3,SA,SA-APL-05 /UNIDAD APLICADORA,EUSTORGIO,FINALIZADO,TÉCNICO,Pitillo tenía altura incorrecta lo cual ocasionaba problemas de caída de envases en la FW32 y punto inferior fuera de posicion. Se corrige la altura en la unidad aplicadora y se ajusta el punto inferior por tpop,13/07/2026,15:30:00,13/07/2026,15:55:00,N/A,0:25:00
cb506fa3,ASÉPTICO,TURNO 2,LINEA 3,FW32,FW-SELL-05 /UNIDAD DE SELLADO,EUSTORGIO,FINALIZADO,TÉCNICO,Mal sellado y caída de envases en la unidad retractiladora. Se ajusta la altura de la pala y se cierra guia de entrada.,13/07/2026,16:00:00,13/07/2026,16:30:00,N/A,0:30:00
f5fcb064,ASÉPTICO,TURNO 2,LINEA 3,CBP32,CBP-MAG-13 / MAGAZIN DE CARTONES,EUSTORGIO,FINALIZADO,TÉCNICO,"Problemas al dejar el cartón en la unidad del carro, se ajustan ventosas y guías del cartón.",13/07/2026,16:40:00,13/07/2026,17:10:00,N/A,0:30:00
57fab712,ASÉPTICO,TURNO 2,LINEA 1,ALMIX,ALM-COR-02 /CORREA,EUSTORGIO,FINALIZADO,TÉCNICO,Se realizó el cambio de las tres correas.,13/07/2026,16:00:00,13/07/2026,16:20:00,N/A,0:20:00
9377e56c,ASÉPTICO,TURNO 3,LINEA 1,DOMINO,DOM-CAB-09 /CABEZAL,RICARDO,FINALIZADO,TÉCNICO,Detección de falla de alta tensión,14/07/2026,1:01:00,14/07/2026,1:47:00,N/A,0:46:00
2797ebbe,ASÉPTICO,TURNO 3,LINEA 3,TAVIL,TAV-VAC-02 /PALET VACÍO,RICARDO,FINALIZADO,TÉCNICO,Comunicación falla en palet vacio,14/07/2026,1:46:00,14/07/2026,2:00:00,N/A,0:14:00
b3aae9ff,ASÉPTICO,TURNO 3,LINEA 1,TAVIL,TAV-LLE-03 /PALET LLENO,RICARDO,FINALIZADO,TÉCNICO,Falla de comunicación en palet vacio,14/07/2026,1:46:00,14/07/2026,2:00:00,N/A,0:14:00
38d3aeee,ASÉPTICO,TURNO 3,LINEA 1,CBP32,CBP-AGR-03 /AGRUPADOR,RICARDO,FINALIZADO,TÉCNICO,Carrera corta del agrupador bloqueada,14/07/2026,4:00:00,14/07/2026,4:09:00,N/A,0:09:00
677a26a3,ASÉPTICO,TURNO 3,LINEA 3,A3CFLEX,A3CF-MES-21 /MESA DE EMPALME,RICARDO,FINALIZADO,TÉCNICO,"No realiza empalme de bobina, de derecha a izquierda",14/07/2026,5:00:00,14/07/2026,5:14:00,N/A,0:14:00
1599972e,ASÉPTICO,TURNO 1,LINEA 1,FLEX,FLEX-VAL-07 /VALVULAS DE DIAFRAGMA,YOLIANNY,FINALIZADO,TÉCNICO,"Falla de perdida de producto en btd, se juega con los valores de btd pero persiste la falla. Se piensa que se debe calibrar válvula v08 cuando culmine producción.",14/07/2026,14:05:00,14/07/2026,14:06:00,N/A,0:01:00
7ce3e996,ASÉPTICO,TURNO 1,LINEA 2,DOMINO,DOM-CAB-09 /CABEZAL,YOLIANNY,FINALIZADO,TÉCNICO,Ajuste de impresión,14/07/2026,10:00:00,14/07/2026,10:20:00,N/A,0:20:00
cf9df0dc,ASÉPTICO,TURNO 1,LINEA 2,FW32,FW-PAN-09 /PANEL DE CONTROL,YOLIANNY,FINALIZADO,TÉCNICO,"Falla en sistema de seguridad, se cambia candado en tina principal, TPOP congelado. Se reinicia equipo",14/07/2026,10:20:00,14/07/2026,10:45:00,N/A,0:25:00
7ca8124e,ASÉPTICO,TURNO 1,LINEA 2,FW32,FW-TRA-06 /UNIDAD TRANSF TREEPACK,YOLIANNY,FINALIZADO,TÉCNICO,"Caída de envases por mala posición de dedos, se ajustan altura de dedos",14/07/2026,12:30:00,14/07/2026,12:40:00,N/A,0:10:00
73c888dd,ASÉPTICO,TURNO 1,LINEA 3,A3CFLEX,A3CF-AIR-05 /SISTEMA AIRE ESTERIL,YOLIANNY,FINALIZADO,TÉCNICO,"Flujo alto de agua de soldadura, se disminuye flujo",14/07/2026,7:20:00,14/07/2026,7:35:00,N/A,0:15:00
2b1e9798,ASÉPTICO,TURNO 1,LINEA 3,FW32,FW-SELL-05 /UNIDAD DE SELLADO,YOLIANNY,FINALIZADO,TÉCNICO,"Soldadura deficiente, se aumenta temperatura tanto en alimentación como descarga, se ajusta pala para evitar giro de envases",14/07/2026,11:30:00,14/07/2026,12:15:00,N/A,0:45:00
6c5b75ac,ASÉPTICO,TURNO 1,LINEA 3,CBP32,CBP-MAG-13 / MAGAZIN DE CARTONES,YOLIANNY,FINALIZADO,TÉCNICO,"Mala entrega de cartón, se realiza ajuste de magazine",14/07/2026,12:50:00,14/07/2026,13:00:00,N/A,0:10:00
9a849246,ASÉPTICO,TURNO 1,LINEA 3,A3CFLEX,A3CF-COR-17 /CORREA ALIM PLEGADORA,YOLIANNY,FINALIZADO,TÉCNICO,"Solapa superior doblada, se ajusta compensacion de entrada a -70",14/07/2026,8:30:00,14/07/2026,8:31:00,N/A,0:01:00
e6d94adf,ASÉPTICO,TURNO 2,LINEA 2,CBP32,CBP-MAG-13 / MAGAZINE DE CARTONES,EUSTORGIO,FINALIZADO,TÉCNICO,"Problemas con la caída del cartón en la unidad del carro, se ajusta altura de magazine y brazo de pliegue.",14/07/2026,18:30:00,14/07/2026,18:45:00,N/A,0:15:00
aa6853be,ASÉPTICO,TURNO 2,LINEA 2,FW32,FW-PAN-09 /PANEL DE CONTROL,EUSTORGIO,FINALIZADO,TÉCNICO,"Falla de puerta abierta delantera, se verifica cable del sensor de seguridad, cable en mal estado, se le realiza un empalme.",14/07/2026,19:30:00,14/07/2026,20:34:00,N/A,1:04:00
f25a78b1,ASÉPTICO,TURNO 2,LINEA 3,FW32,FW-SELL-05 /UNIDAD DE SELLADO,EUSTORGIO,FINALIZADO,TÉCNICO,"Polietileno roto, se ajusta temperatura de sellado y presión.",14/07/2026,20:40:00,14/07/2026,20:55:00,N/A,0:15:00
b7af838c,ASÉPTICO,TURNO 2,LINEA 3,DOMINO,DOM-CAB-09 /CABEZAL,EUSTORGIO,FINALIZADO,TÉCNICO,"Bomba no alcanza la presión, se le realizó purga a la boquilla y cabezal, se le realiza limpieza con wash y sigue presentando la falla de que no alcanza la presión. Se realiza el cambio del equipo por uno del área de vacío.",14/07/2026,20:20:00,14/07/2026,21:05:00,N/A,0:45:00
a45cd2b2,ASÉPTICO,TURNO 2,LINEA 2,CBP32,CBP-PLA-04 /PLACA DE TRANSFERENCIA,EUSTORGIO,FINALIZADO,TÉCNICO,"Solapa izquierda despegada, se ajusta posición de recorrido del empujador y guías de traslado de cartón en el carro hacia la unidad de descarga.",14/07/2026,21:30:00,14/07/2026,22:10:00,N/A,0:40:00
c1f324f1,ASÉPTICO,TURNO 2,LINEA 1,CBP32,CBP-EMP-05 /EMPUJADOR,EUSTORGIO,FINALIZADO,TÉCNICO,"Placa del empujador colisionaba con la placa final de carrera, se desplaza mesa de inclinación hacia atrás para que el tope de la placa del empujador al subir no colisione.",14/07/2026,22:05:00,14/07/2026,22:15:00,N/A,0:10:00
114d0b5c,ASÉPTICO,TURNO 3,LINEA 1,CAP,CAP-RUE-05 /UNIDAD APLICADORA TAPAS,RICARDO,FINALIZADO,TÉCNICO,"Tapa corrida, se limpian las garras y se ajusta la compensacion.",14/07/2026,23:44:00,14/07/2026,0:00:00,N/A,0:16:00
b87d3bc0,ASÉPTICO,TURNO 3,LINEA 2,A3CFLEX,A3CF-MES-21 /MESA DE EMPALME,RICARDO,FINALIZADO,TÉCNICO,No realiza el empalme,14/07/2026,22:30:00,14/07/2026,23:14:00,N/A,0:44:00
1a48c12f,ASÉPTICO,TURNO 3,LINEA 2,A3CFLEX,A3CF-MES-21 /MESA DE EMPALME,RICARDO,FINALIZADO,TÉCNICO,No realiza empalme,14/07/2026,23:00:00,14/07/2026,23:45:00,N/A,0:45:00
ce62515a,ASÉPTICO,TURNO 1,LINEA 1,FLEX,FLEX-BTD-04 /BTD,YOLIANNY,FINALIZADO,TÉCNICO,"Falla de perdida de producto en btd, se adapto ip a válvula ya que controlador adoptado no estaba funcionando, se realizaron pruebas con agua dió resultados positivos",15/07/2026,7:00:00,15/07/2026,7:01:00,N/A,0:01:00
654583c7,ASÉPTICO,TURNO 1,LINEA 3,HELIX,HEL-ARA-04 /ARAÑA,YOLIANNY,FINALIZADO,TÉCNICO,"Exceso de vibración en helix, se revisa araña y se encuentra engranada incorrectamente en cadena, se coloca como en el manual pero la vibración persiste",15/07/2026,7:00:00,15/07/2026,7:01:00,N/A,0:01:00
c120a560,ASÉPTICO,TURNO 1,LINEA 3,FW32,FW-SELL-05 /UNIDAD DE SELLADO,YOLIANNY,FINALIZADO,TÉCNICO,"Sellado deficiente, se ajusta posición adelantada de pala de lado derecho y se ajusta temperatura",15/07/2026,14:00:00,15/07/2026,14:15:00,N/A,0:15:00
59066ea7,ASÉPTICO,TURNO 1,LINEA 1,A3FLEX,A3F-PER-07 /SITEMA PEROXIDO,YOLIANNY,FINALIZADO,TÉCNICO,Se cambia oring de las tapas laterales  y empacadura de la tapa central del baño de peróxido por fuga. No obstante el baño tiene otra fuga por el empaque inferior de cada baño (las placas).,15/07/2026,9:10:00,15/07/2026,9:11:00,N/A,0:01:00
80dae782,ASÉPTICO,TURNO 2,LINEA 3,HELIX,HEL-TRA-10 /TRANSPORTADOES,EUSTORGIO,FINALIZADO,SUPERVISOR,"Se desmonta transportador por trancamiento, se cambian aproximadamente 20 eslabones dañados, se revisan guías superiores e inferiores y se enderezan las que se consiguen dobladas, se realiza aclarado y se arranca.",15/07/2026,19:30:00,15/07/2026,22:15:00,N/A,2:45:00
f7a4e66a,ASÉPTICO,TURNO 3,LINEA 3,TAVIL,TAV-COM-13 /PERDIDA DE COMUNICACION,RICARDO,FINALIZADO,TÉCNICO,"Pierde comunicación, da error en el robot lo cual no deja rearmar",15/07/2026,22:30:00,16/07/2026,0:08:00,N/A,1:38:00
9cda9a67,ASÉPTICO,TURNO 3,LINEA 3,FW32,FW-SELL-05 /UNIDAD DE SELLADO,RICARDO,FINALIZADO,TÉCNICO,"Caída de envases, generado por mal sellado y se giraban al salir",16/07/2026,1:00:00,16/07/2026,2:08:00,N/A,1:08:00
28a6e418,ASÉPTICO,TURNO 3,LINEA 3,A3CFLEX,A3CF-ELE-25 /SUMINISTRO ELÉCTRICO,RICARDO,FINALIZADO,TÉCNICO,Falla Corpoelec,16/07/2026,1:10:00,16/07/2026,4:15:00,N/A,3:05:00
f71a8057,ASÉPTICO,TURNO 3,LINEA 3,TAVIL,TAV-COM-13 /PERDIDA DE COMUNICACION,RICARDO,FINALIZADO,TÉCNICO,Falla de comunicación no deja rearmar,15/07/2026,22:30:00,16/07/2026,0:08:00,N/A,1:38:00
dd4a6084,ASÉPTICO,TURNO 1,LINEA 3,FW32,FW-TRA-06 /UNIDAD TRANSF TREEPACK,YOLIANNY,FINALIZADO,TÉCNICO,"Caída de envases en la salida, se ajustan las guías laterales de la entrada ya que cuando la pala los empujaba se giraban y quedaban mal posicionados.",16/07/2026,8:47:00,16/07/2026,8:57:00,N/A,0:10:00
81705597,ASÉPTICO,TURNO 2,LINEA 2,A3CFLEX,A3CF-MES-21 /MESA DE EMPALME,EUSTORGIO,FINALIZADO,TÉCNICO,"Falla de fotocelda en mesa de empalme, se verifa medida por manual y tiene la distancia correcta 40 mm, se detecta suciedad en los lentes de la misma, se le realiza limpieza a ambas.",16/07/2026,19:40:00,16/07/2026,20:20:00,N/A,0:40:00
faefc338,ASÉPTICO,TURNO 3,LINEA 2,A3CFLEX,A3CF-MES-21 /MESA DE EMPALME,RICARDO,FINALIZADO,TÉCNICO,"Falla de fotocelda en mesa de empalme, se realiza empalme manual.",16/07/2026,22:30:00,16/07/2026,23:04:00,N/A,0:34:00
458a3bfc,ASÉPTICO,TURNO 2,LINEA 3,A3CFLEX,A3CF-HI-27/BAJO FLUJO HI,EUSTORGIO,FINALIZADO,SUPERVISOR,"Se revisan y limpian válvulas check, copa y electrodos, se deja remojando filtro en ácido nítrico por 03 horas y se monta nuevamente.",17/07/2026,18:00:00,17/07/2026,18:01:00,N/A,0:01:00
df0accfc,VACÍO,TURNO 2,LINEA 1,DESPALETIZADOR ALUMINIO,DES-MAL-05 /MALLA MODULAR DE LATAS,EUSTORGIO,FINALIZADO,SUPERVISOR,"Se desmonta transportador tabletop a la salida de la mesa y se montan tabletops nuevos, se prueba y queda operativa.",17/07/2026,17:22:00,17/07/2026,17:23:00,N/A,0:01:00
e92f23fd,VACÍO,TURNO 2,LINEA 3,DOMINO,DOM-ELE-10 /SUMINISTRO ELÉCTRICO,EUSTORGIO,FINALIZADO,SUPERVISOR,"La impresora Domino de L3 aséptico (Serial AX0000039184) se mantuvo instalada y encendida en L3 vacío durante aproximadamente 48 horas y no presenta falla, el día de hoy se traslada a su ubicación original (L3 aséptico) pero al conectar vuelve a mostrar alarma de alta tensión y baja presión, se procede a apagarla. La impresora Domino de L3 vacío (Serial AX0000052375) se instala en su ubicación original, se enciende y se prueba, queda operativa.",17/07/2026,20:40:00,17/07/2026,20:41:00,N/A,0:01:00
0e5523bc,ASÉPTICO,TURNO 1,LINEA 1,A3FLEX,A3F-SEG-08 /SISTEMA DE SEGURIDAD,EUSTORGIO,FINALIZADO,TÉCNICO,"Causa: Válvula de drenaje , posición incorrecta del sensor y se  detenía la limpieza.
Solucion: Se posicionó correctamente el sensor de la misma",20/07/2026,8:30:00,20/07/2026,9:00:00,N/A,0:30:00
f61ee976,ASÉPTICO,TURNO 1,LINEA 3,A3CFLEX,A3CF-TPO-01 /TPOP DISPLAY,EUSTORGIO,FINALIZADO,TÉCNICO,"Causa : No enciende el TPOP , problema en la fuente de alimentación 24 V de la máquina.
Solución : se procederá a cambiar la fuente de alimentación al obtener una con las mismas características.",20/07/2026,9:30:00,20/07/2026,13:40:00,N/A,4:10:00
43f3b325,ASÉPTICO,TURNO 1,LINEA 1,CBP32,CBP-MAG-13 / MAGAZINE DE CARTONES,EUSTORGIO,FINALIZADO,TÉCNICO,"Causa: mala posición del cartón en la estación del carro 
Solución: se ajusta altura de ventosas y altura del magazine",20/07/2026,12:00:00,20/07/2026,12:15:00,N/A,0:15:00
fd4a896f,ASÉPTICO,TURNO 1,LINEA 1,CBP32,CBP-SEN-06 /SENSOR ULTRASONIDO,EUSTORGIO,FINALIZADO,TÉCNICO,"Causa : Colisión de envases con la guillotina
Solución: se calibra sensor ultrasónico y se ajusta la distancia del cilindro de la mesa de inclinación",20/07/2026,13:20:00,20/07/2026,13:40:00,N/A,0:20:00
961f0ef1,VACÍO,TURNO 2,LINEA 3,TAPADORA WHITECAP,TAP-CORR-01 /CORREA DE CARGA VERTICAL,RICARDO,FINALIZADO,TÉCNICO,Envase mal tapado. Se ajusta altura de tapado para garantizar el botón de seguridad de la tapa,20/07/2026,17:00:00,20/07/2026,17:30:00,N/A,0:30:00
34d713ca,VACÍO,TURNO 2,LINEA 3,ETIQUETADORA,ETIQ-PIS-06 /PISTOLAS DE PEGA,RICARDO,FINALIZADO,TÉCNICO,Se realiza ajuste en altura de pistola. Ya que las etiquetas estaban saliendo despegada.,20/07/2026,17:20:00,20/07/2026,17:40:00,N/A,0:20:00
14a280c2,VACÍO,TURNO 2,LINEA 3,TECMI,TEC-COM-04 /SISTEMA DE COMPUERTAS,RICARDO,FINALIZADO,TÉCNICO,Sistema queda directo la cual por el selector no corta la secuencia. Se revisa sensor de envases y parámetros consiguiendo todo bien. Se revisa control y consiguiendo en un conectar auxiliar bornera floja la cual el no estaba haciendo contacto.m,20/07/2026,18:30:00,20/07/2026,19:28:00,N/A,0:58:00
b0c2cbe0,ASÉPTICO,TURNO 2,LINEA 1,CBP32,CBP-MAG-13 / MAGAZINE DE CARTONES,RICARDO,FINALIZADO,TÉCNICO,"Cartones mal posicionados en la cadena arrastradora, se ajusta altura del magazine",20/07/2026,16:07:00,20/07/2026,16:24:00,N/A,0:17:00
b594d99e,ASÉPTICO,TURNO 2,LINEA 1,TAVIL,TAV-LLE-03 /PALET LLENO,RICARDO,FINALIZADO,TÉCNICO,Atasco de paletas,20/07/2026,20:03:00,20/07/2026,20:15:00,N/A,0:12:00
b990d165,ASÉPTICO,TURNO 2,LINEA 2,A3CFLEX,A3CF-MES-21 /MESA DE EMPALME,RICARDO,FINALIZADO,TÉCNICO,Empalme manual,20/07/2026,15:00:00,20/07/2026,15:39:00,N/A,0:39:00
47020058,VACÍO,TURNO 3,LINEA 3,TANQUE COCCION,TAN-VAL-07 /VALVULAS NEUMATICAS,YOLIANNY,FINALIZADO,SUPERVISOR,Falla de accionamiento de válvula de entrada de agua de tanque de preparación #2. Se reemplaza electrovalvula.,21/07/2026,3:50:00,21/07/2026,3:50:01,N/A,0:00:01
4015fa46,VACÍO,TURNO 3,LINEA 3,DESPALETIZADOR COLADOS,DES-MES-05 /CARRO BARREDOR DE CAMADA,YOLIANNY,FINALIZADO,SUPERVISOR,Equipo deja de responder durante su llegada a la mesa. Se retiran envases agrupados de forma manual y se restablece por pantalla.,21/07/2026,1:10:00,21/07/2026,1:30:00,N/A,0:20:00
aa25738d,VACÍO,TURNO 3,LINEA 3,DESPALETIZADOR COLADOS,DES-MES-05 /CARRO BARREDOR DE CAMADA,YOLIANNY,FINALIZADO,SUPERVISOR,"Alarma de sensor de barra empujadora. Se retiran envases de forma manual al inspeccionar se observa tope delantero de barra desprendido, se acopla nuevamente, se lleva a su posición de inicio de forma manual, se enfoca sensor detector de posición de la barra y se aplica restablecimiento con lo cual permite dar continuidad a la producción.",21/07/2026,1:45:00,21/07/2026,2:30:00,N/A,0:45:00
22096ae7,ASÉPTICO,TURNO 3,LINEA 2,A3CFLEX,A3CF-MES-21 /MESA DE EMPALME,YOLIANNY,FINALIZADO,TÉCNICO,"⛓️‍💥Falla: Cilindro de mesa de empalme dañado.
🛠️Causa: Fuga se aire.
🪛Solución: Empalme manual realizado por el operador.",21/07/2026,0:40:00,21/07/2026,1:45:00,0,1:05:00
90703c61,ASÉPTICO,TURNO 3,LINEA 2,SA,SA-SEN-15 /SENSOR,YOLIANNY,FINALIZADO,TÉCNICO,"⛓️‍💥Falla: Acumulación de envases en Fw.
🛠️Causa: Diferencias de velocidad en LC.
🪛Solución: Se ajusta velocidad de receta en LC",21/07/2026,5:11:00,21/07/2026,5:25:00,0,0:14:00
f2719c05,ASÉPTICO,TURNO 3,LINEA 2,CBP32,CBP-FOR-02 /FORMACION DE PATRON,YOLIANNY,FINALIZADO,TÉCNICO,"⛓️‍💥Falla: Puerta abierta.
🛠️Causa: Sensor defectuoso.
🪛Solución: Se reemplaza sensor.",21/07/2026,4:48:00,21/07/2026,5:06:00,0,0:18:00
e991283e,ASÉPTICO,TURNO 1,LINEA 2,CBP32,CBP-VEN-14 /VENTOSAS,EUSTORGIO,FINALIZADO,TÉCNICO,"Problemas con el cartón hacia la estación del carro,   presencia de humedad en las ventosas. Se limpian.",21/07/2026,10:05:00,21/07/2026,10:35:00,N/A,0:30:00
6ea9893a,ASÉPTICO,TURNO 1,LINEA 2,A3CFLEX,A3CF-MES-21 /MESA DE EMPALME,EUSTORGIO,FINALIZADO,TÉCNICO,"Persiste la falla de empalme, se desmonta cilindro de la unidad para mandarlo a reparar.",21/07/2026,13:00:00,21/07/2026,13:20:00,N/A,0:20:00
b0902bb5,ASÉPTICO,TURNO 1,LINEA 3,A3CFLEX,A3CF-PAN-09 /PANEL DE CONTROL,EUSTORGIO,FINALIZADO,TÉCNICO,Se transfiere fuente de alimentación de línea 2 para línea 3. Se dejan los cables protegidos por Type.,21/07/2026,11:30:00,21/07/2026,12:10:00,N/A,0:40:00
5f31411b,ASÉPTICO,TURNO 1,LINEA 2,SA,SA-APL-05 /UNIDAD APLICADORA,EUSTORGIO,FINALIZADO,TÉCNICO,"Punto inferior del pitillo fuera de medida, se ajusta parámetro por TPOP.",21/07/2026,12:00:00,21/07/2026,12:10:00,N/A,0:10:00
a481e49c,VACÍO,TURNO 1,LINEA 3,TANQUE 6000,TAN-POS-02 /BOMBA POSITIVA,EUSTORGIO,FINALIZADO,SUPERVISOR,"El variador de la bomba de desplazamiento positivo del tk de 6000 presenta alarma de fase, al revisar la bomba se percibe un leve trancamiento, se intercambia con la bomba de los tks de cocción para disminuir tiempo de parada, se chequean lóbulos de la bomba del tk 6000, se sustituye aceite y se recarga grasa, se lleva al área y seinstal, queda pendiente realizar pruebas. Adicionalmente se corrige fuga de aire en la manguera de la válvula de paso de producto al desaireador.",21/07/2026,10:00:00,21/07/2026,15:00:00,N/A,5:00:00
bd4be636,ASÉPTICO,TURNO 2,LINEA 1,TAVIL,TAV-VAC-02 /PALET VACÍO,RICARDO,FINALIZADO,TÉCNICO,Paleta dañada en el despaletizador,21/07/2026,15:30:00,21/07/2026,15:53:00,N/A,0:23:00
7f8988e3,ASÉPTICO,TURNO 2,LINEA 1,CBP32,CBP-FRE-01 /UNIDAD FRENO DE ENTRADA,RICARDO,FINALIZADO,TÉCNICO,Sensor dañado no detecta caída de envases,21/07/2026,16:02:00,21/07/2026,16:17:00,N/A,0:15:00
16beedb2,ASÉPTICO,TURNO 2,LINEA 1,CBP32,CBP-TRA-10 /TRANSPORTADORES,RICARDO,FINALIZADO,TÉCNICO,Eslabones rotos generando mal conteo de envases,21/07/2026,16:21:00,21/07/2026,17:19:00,N/A,0:58:00
31b94e96,ASÉPTICO,TURNO 2,LINEA 3,DOMINO,DOM-SEN-04 /SENSOR,RICARDO,FINALIZADO,TÉCNICO,Se mejora la posición del sensor para centrar el código,21/07/2026,15:58:00,21/07/2026,16:12:00,N/A,0:14:00
304de157,ASÉPTICO,TURNO 2,LINEA 3,FW32,FW-AGR-03 /UNIDAD AGRUPADORA,EUSTORGIO,FINALIZADO,TÉCNICO,"La máquina pierde su punto cero, se procede a sincronizar según manual.",21/07/2026,16:14:00,21/07/2026,18:05:00,N/A,1:51:00
2fcb4f45,ASÉPTICO,TURNO 2,LINEA 3,A3CFLEX,A3CF-SEG-11 /SISTEMA SEGURIDAD,RICARDO,FINALIZADO,TÉCNICO,"Falla de relé de seguridad, se encuentra tina 11A defectuosa en el ASU, se sustituye por la de L2",21/07/2026,19:20:00,21/07/2026,22:30:00,N/A,3:10:00
6682d75e,ASÉPTICO,TURNO 3,LINEA 3,A3CFLEX,A3CF-TPO-01 /TPOP DISPLAY,YOLIANNY,FINALIZADO,TÉCNICO,"Se recibe turno con falla de concentración en la limpieza, se revisa el sensor y se recarga envase de soda, vuelve a dar la falla se consiguen unos cables haciendo contacto los cuales llegan al registrador de eventos, se separan para hacer pruebas y ver si la llenadora hacia la limpieza la cual es satisfactoria,se termina la limpieza se hace secado y se cortan los cables y se le colocan terminales quedando totalmente operativa y subiendo programa",21/07/2026,22:30:00,22/07/2026,1:30:00,N/A,3:00:00
a6b35f02,VACÍO,TURNO 3,LINEA 3,DESAIREADOR,DESA-VAL-08 /VALVULAS,YOLIANNY,FINALIZADO,SUPERVISOR,"Ruido anormal en la bomba de tanque de 6000, al inspeccionar se observa que la válvula de entrada de producto de desaireador no acciona. Se detecta fuga neumática. Se realiza sustitución completa de manguera ya que se observa en mal estado, quedando operativa",22/07/2026,0:50:48,22/07/2026,1:20:00,10min,0:29:12
34f5b5ba,VACÍO,TURNO 3,LINEA 3,TUNEL,TUN-TRAS-03 /TRASNPORTADOR ENTRADA-SALIDA,YOLIANNY,FINALIZADO,SUPERVISOR,Ruptura de transportador de salida. Se sustituyen tramos dañados.,22/07/2026,2:10:00,22/07/2026,2:25:00,N/A,0:15:00
268cdf8f,ASÉPTICO,TURNO 3,LINEA 3,FW32,FW-SELL-05 /UNIDAD DE SELLADO,YOLIANNY,FINALIZADO,TÉCNICO,Ajuste de temperatura y presión,22/07/2026,4:30:00,22/07/2026,6:00:00,N/A,1:30:00
62673f30,ASÉPTICO,TURNO 3,LINEA 1,A3FLEX,A3F-REF-20 /SISTEMA REFRIGERACION,YOLIANNY,FINALIZADO,TÉCNICO,Fuga del sistema principal de agua. Dicha fuga mojo varios componentes se recomienda hacer pruebas.,22/07/2026,6:00:00,22/07/2026,6:01:00,N/A,0:01:00
f51371a6,ASÉPTICO,TURNO 3,LINEA 2,A3CFLEX,A3CF-CON-23 /PANEL DE CONTROL,YOLIANNY,FINALIZADO,TÉCNICO,Se monta la fuente de 24v que se había mandado a reparar,22/07/2026,6:49:00,22/07/2026,6:50:00,N/A,0:01:00
44e0d065,ASÉPTICO,TURNO 1,LINEA 1,A3FLEX,A3F-SEG-11 /SISTEMA SEGURIDAD,EUSTORGIO,FINALIZADO,TÉCNICO,"Falla: Alarma de seguridad de puerta
Causa: Tina 8A mojada 
Solución : Se cambia por la tina 8A de línea 2",22/07/2026,9:00:00,22/07/2026,12:00:00,N/A,3:00:00
8b6f78a8,ASÉPTICO,TURNO 1,LINEA 3,A3CFLEX,A3CF-PULL-18 /PULL DOWN PLEGADORA,EUSTORGIO,FINALIZADO,TÉCNICO,"Falla : Solapa superior derecha despegada
Causa: Medidas incorrectas de las guías 
Solución: Se ajusta medidas de las guías y corrección de diseño",22/07/2026,12:03:00,22/07/2026,13:00:00,N/A,0:57:00
e41d2e3e,ASÉPTICO,TURNO 1,LINEA 3,FW32,FW-TRA-06 /UNIDAD TRANSF TREEPACK,EUSTORGIO,FINALIZADO,TÉCNICO,"Falla : caída de envases en la unidad retractiladora 
Causa: Palas altura incorrecta lo que provocaba girar los envases al transferir los a la unidad de descarga 
Solución: Se ajusta altura de la pala derecha",22/07/2026,13:30:00,22/07/2026,13:50:00,N/A,0:20:00
3eb595fd,VACÍO,TURNO 1,LINEA 2,EMBALADORA TECMI,TEC-PAN-11 /PANEL DE CONTROL,EUSTORGIO,FINALIZADO,SUPERVISOR,"Se termina de colocar horno de la embaladora TECMI de L2 en su ubicación original, se realizan conexiones eléctricas y neumáticas, se enciende el equipo y se prueba en vacío, queda pendiente probar con producto.",22/07/2026,7:30:00,22/07/2026,7:31:00,N/A,0:01:00
c580cad1,VACÍO,TURNO 1,LINEA 3,ETIQUETADORA,ETIQ-MAG-07 /MAGAZIN DE ETIQUETAS,EUSTORGIO,FINALIZADO,SUPERVISOR,Se realizan ajustes operacionales en el magazine de etiquetas,22/07/2026,8:00:00,22/07/2026,9:30:00,N/A,1:30:00
20dd0fb0,ASÉPTICO,TURNO 2,LINEA 3,DOMINO,DOM-SEN-04 /SENSOR,RICARDO,FINALIZADO,TÉCNICO,"Impresión defectuosa, se ajusta la posición del sensor.",22/07/2026,15:24:00,22/07/2026,15:40:00,N/A,0:16:00
0b0cc14f,ASÉPTICO,TURNO 2,LINEA 3,FW32,FW-AGR-03 /UNIDAD AGRUPADORA,RICARDO,FINALIZADO,TÉCNICO,"Descarte de envases, se verifican y limpian sensores.",22/07/2026,15:00:00,22/07/2026,15:23:00,N/A,0:23:00
3b869f90,ASÉPTICO,TURNO 2,LINEA 1,A3FLEX,A3F-PAN-09 /PANEL DE CONTROL,RICARDO,FINALIZADO,TÉCNICO,"Falla de DeviceNet, se detecta que la caja principal de conexión del DeviceNet presentaba humedad. Se procede a limpiar y secar cada bornera, los cables y las conexiones.",22/07/2026,15:00:00,22/07/2026,18:40:00,N/A,3:40:00
49150d71,VACÍO,TURNO 2,LINEA 3,TUNEL,TUN-TRAS-03 /TRASNPORTADOR ENTRADA-SALIDA,RICARDO,FINALIZADO,TÉCNICO,Se rompe transportador de salida en 2 ocasiones.,22/07/2026,20:00:00,22/07/2026,20:50:00,N/A,0:50:00
cf01cfc4,ASÉPTICO,TURNO 3,LINEA 3,FW32,FW-TRAN-08 /TRANSPORTADORES,YOLIANNY,FINALIZADO,TÉCNICO,"Alta frecuencia de parada en transportador entre fw32 y sa30 por formación de cola, se sube velocidad a la fw32",23/07/2026,6:09:00,23/07/2026,6:10:00,N/A,0:01:00
74e5cac0,ASÉPTICO,TURNO 3,LINEA 1,CAP,CAP-TPO-01 /TPOPDISPLAY,YOLIANNY,FINALIZADO,TÉCNICO,"Falla de comunicación en reiteradas ocasiones, se reinicio plc, se reinicio equipo, en última instancia se tuvo que sacar el equipo de líne control",23/07/2026,0:00:00,23/07/2026,0:30:00,N/A,0:30:00
30275901,VACÍO,TURNO 3,LINEA 3,ROBOT MOTOMAN,ROB-TRAS-02 /TRANSPORTADOR,YOLIANNY,FINALIZADO,SUPERVISOR,"Luego de un Flicker detectado por el equipo, se detiene transportador de entrada a robot (salida de embaladora Tecmi) en dos oportunidades. Se observa error 14 en variador. Se apaga equipo durante unos minutos, se finalia paleta y se vuelve a repetir ciclo con lo cual permite el arranque automatico del mismo",23/07/2026,5:50:13,23/07/2026,6:25:30,N/A,0:35:17
d920e719,VACÍO,TURNO 3,LINEA 3,TECMI,TEC-VEN-02 /VENTOSAS DE VACIO,YOLIANNY,FINALIZADO,SUPERVISOR,"Ventosas no generan succion. Se chequea venturi, no se observan anomalias por lo que se simula en vacio y se vuelve a conectar, permitiendo dar continuidad a la produccion.",23/07/2026,1:35:53,23/07/2026,1:50:00,N/A,0:14:07
0f2a844f,ASÉPTICO,TURNO 3,LINEA 3,A3CFLEX,A3CF-MES-21 /MESA DE EMPALME,YOLIANNY,FINALIZADO,TÉCNICO,Corrección de diseño,23/07/2026,0:01:00,23/07/2026,0:09:00,N/A,0:08:00
2f057df4,ASÉPTICO,TURNO 1,LINEA 3,CBP32,CBP-TRA-10 /TRANSPORTADORES,EUSTORGIO,FINALIZADO,TÉCNICO,"Falla : Atasco de cajas en la salida
Causa: Rodillo guía mal posicionado
Solución: Se posicionó correctamente el rodillo",23/07/2026,11:29:00,23/07/2026,11:59:00,N/A,0:30:00
2ba73ab8,ASÉPTICO,TURNO 1,LINEA 1,CBP32,CBP-AGR-03 /AGRUPADOR,EUSTORGIO,FINALIZADO,TÉCNICO,"Falla : Colisión de envases en guillotina 
Solución: se ajusta la presión del cilindro",23/07/2026,12:33:00,23/07/2026,13:34:00,N/A,1:01:00
ddc1155e,ASÉPTICO,TURNO 1,LINEA 1,A3FLEX,A3F-SEG-11 /SISTEMA SEGURIDAD,EUSTORGIO,FINALIZADO,TÉCNICO,"Falla: falla de comunicación de supervisión de la soldadura 
Solución : se reinicia TPIH",23/07/2026,14:00:00,23/07/2026,14:30:00,N/A,0:30:00
bd1f2f63,ASÉPTICO,TURNO 1,LINEA 2,A3CFLEX,A3CF-SEG-08 /SISTEMA DE SEGURIDAD,EUSTORGIO,FINALIZADO,TÉCNICO,"Se habilita el sistema de seguridad solo de 1 puerta del ASU, la otra puerta queda deshabilitada. Se puede trabajar así mientras llegue el repuesto.",23/07/2026,8:00:00,23/07/2026,8:01:00,N/A,0:01:00
f5dba9b0,VACÍO,TURNO 1,LINEA 3,TUNEL,TUN-BOM-04 /BOMBA ROCIADORES,EUSTORGIO,FINALIZADO,SUPERVISOR,Se deja producto en el túnel durante media hora para bajarle la temperatura,23/07/2026,9:00:00,23/07/2026,9:30:00,N/A,0:30:00
6b884f8e,ASÉPTICO,TURNO 2,LINEA 3,CBP32,CBP-TRA-10 /TRANSPORTADORES,RICARDO,FINALIZADO,TÉCNICO,Cajas atascadas en la salida debido a rodillo en mal posición,23/07/2026,19:20:00,23/07/2026,19:28:00,N/A,0:08:00
6eeb7c19,ASÉPTICO,TURNO 2,LINEA 3,A3CFLEX,A3CF-ELE-25 /SUMINISTRO ELÉCTRICO,RICARDO,FINALIZADO,TÉCNICO,Cambio de generadores,23/07/2026,18:00:00,23/07/2026,18:15:00,N/A,0:15:00
bcabf277,ASÉPTICO,TURNO 1,LINEA 1,ALMIX,ALM-ROD-01 /RODAMIENTO,RICARDO,FINALIZADO,TÉCNICO,Se lubrica rodamiento,27/07/2026,7:00:00,27/07/2026,7:00:01,,0:00:01
f87ce5da,ASÉPTICO,TURNO 1,LINEA 1,A3FLEX,A3F-MOR-14 /MORDAZAS,RICARDO,FINALIZADO,TÉCNICO,Se cambian sufrideras,27/07/2026,7:00:00,27/07/2026,7:00:01,,0:00:01
a6b3c2ac,ASÉPTICO,TURNO 1,LINEA 1,A3FLEX,A3F-TRA-10 /TRANSPORTADORES,RICARDO,FINALIZADO,TÉCNICO,Se lubrican rodamientos,27/07/2026,7:00:00,27/07/2026,7:00:01,,0:00:01
a062d4e2,ASÉPTICO,TURNO 1,LINEA 1,DOMINO,DOM-CAB-05 /CABEZAL,RICARDO,FINALIZADO,TÉCNICO,Se destapa boquilla y se limpia cabezal,27/07/2026,7:00:00,27/07/2026,7:00:01,,0:00:01
bce3585c,ASÉPTICO,TURNO 1,LINEA 3,A3CFLEX,A3CF-MOR-14 /MORDAZAS,RICARDO,FINALIZADO,TÉCNICO,Cambió de sufrideras,27/07/2026,7:00:00,27/07/2026,7:00:01,,0:00:01
0c2a574f,ASÉPTICO,TURNO 1,LINEA 3,DOMINO,DOM-CAB-05 /CABEZAL,RICARDO,FINALIZADO,TÉCNICO,Se destapa boquilla y se limpia cabezal,27/07/2026,7:00:00,27/07/2026,7:00:01,,0:00:01
dc37c69c,ASÉPTICO,TURNO 1,LINEA 2,A3CFLEX,A3CF-MES-21 /MESA DE EMPALME,RICARDO,FINALIZADO,TÉCNICO,"Se cambia sello Flex interno del cilindro , se realiza pruebas estando abajo falta realizar prueba con carga, se deja montado falta verificar movimiento y enfocar sensores",27/07/2026,14:50:00,27/07/2026,14:50:01,,0:00:01
44744ac1,ASÉPTICO,Turno 2,LINEA 1,A3FLEX,A3F-MOR-14 /MORDAZAS,YOLIANNY,FINALIZADO,TÉCNICO,"⛓️‍💥Falla: Pasador de gancho de presión partido.
🛠️Causa: Fatiga.
🪛Solución: Se reemplaza Pasador con sus retenes!",27/07/2026,16:50:00,27/07/2026,17:40:00,10,0:50:00
a745d7e5,ASÉPTICO,Turno 2,LINEA 1,A3FLEX,A3F-SEG-08 /SISTEMA DE SEGURIDAD,YOLIANNY,FINALIZADO,,"⛓️‍💥Falla: Error de seguridad UE48 en plutos.
🛠️Causa: Fallas anteriores, por derrame de agua.
🪛Solución: Se realiza limpieza de tiene 8A,cambio de 1A, Reseteo de plutos.",27/07/2026,15:30:00,27/07/2026,18:00:00,25,2:30:00
e31ae1bc,ASÉPTICO,TURNO 2,LINEA 3,A3CFLEX,A3CF-PER-07 /SITEMA PEROXIDO,YOLIANNY,FINALIZADO,TÉCNICO,"⛓️‍💥Falla: Vaciado rápido.
🛠️Causa: Presión de aire alta.
🪛Solución: La falla la dio en múltiples ocasiones, se ajusto aire hasta encontrar el valor necesario.",27/07/2026,18:00:00,27/07/2026,19:10:00,0,1:10:00
a7183fff,ASÉPTICO,TURNO 2,LINEA 3,A3CFLEX,A3CF-AIR-05 /SISTEMA AIRE ESTERIL,YOLIANNY,FINALIZADO,TÉCNICO,"⛓️‍💥Falla: Flujo bajo en agua de soldadura.
🛠️Causa: Desconocida.
🪛Solución: Se ajusta flujo de agua de soldadura.",27/07/2026,15:30:00,27/07/2026,15:40:00,0,0:10:00
1c5ec47c,ASÉPTICO,TURNO 2,LINEA 3,SA,SA-APL-05 /UNIDAD APLICADORA,YOLIANNY,FINALIZADO,TÉCNICO,"⛓️‍💥Falla: Rodillos de calentador de pitillos atascado.
🛠️Causa: Desajuste de rodillos moviles, por falta de tornillo.
🪛solución: Se coloca tornillo faltante, y ajusta tope inferior.",27/07/2026,16:00:00,27/07/2026,16:40:00,20,0:40:00
412b000c,ASÉPTICO,TURNO 2,LINEA 2,A3CFLEX,A3CF-MES-21 /MESA DE EMPALME,YOLIANNY,FINALIZADO,TÉCNICO,"Se termina de posicionar sensores de posición, falta probar pero la máquina no tiene limpieza.",27/07/2026,21:00:00,27/07/2026,21:01:00,0,0:01:00
f038b4e2,ASÉPTICO,TURNO 3,LINEA 1,CBP32,CBP-PLA-04 /PLACA DE TRANSFERENCIA,EUSTORGIO,FINALIZADO,TÉCNICO,Colisión de envases en la guillotina y caída del mismo en la placa de transferencia. Se ajusta las presiones del cilindro de la guillotina y ajustes del carro con respecto al  cartón y subida de la  placa de transferencia para una mejor estabilidad del envase.,28/07/2026,1:30:00,28/07/2026,2:10:00,,0:40:00
970b903d,ASÉPTICO,TURNO 3,LINEA 1,A3FLEX,A3F-SEG-11 /SISTEMA SEGURIDAD,EUSTORGIO,FINALIZADO,TÉCNICO,"Puerta abierta lado izquierdo plegador final, Adán y Eva malo. Se reemplaza por un candado de linea 2.",28/07/2026,1:10:00,28/07/2026,1:30:00,,0:20:00
6bf6c88b,ASÉPTICO,TURNO 3,LINEA 1,HELIX,HEL-CAD-02 /CADENA ESLABONES,EUSTORGIO,FINALIZADO,TÉCNICO,Se descarrila la araña ocasionando atasco de envases en la correa. Se ajusta el carril de la araña.,28/07/2026,6:00:00,28/07/2026,6:20:00,,0:20:00
2cdb514e,VACÍO,TURNO 3,LINEA 3,TUNEL,TUN-BOM-04 /BOMBA ROCIADORES,EUSTORGIO,FINALIZADO,SUPERVISOR,"El túnel se queda sin agua porque la fosa queda vacía,  lo que ocasiona alta temperatura de producto.",28/07/2026,3:00:00,28/07/2026,3:35:00,N/A,0:35:00
de0d7825,VACÍO,TURNO 1,LINEA 3,ETIQUETADORA,ETIQ-MAG-07 /MAGAZIN DE ETIQUETAS,RICARDO,FINALIZADO,TÉCNICO,Etiqueta suelta. Se ajusta magazine,28/07/2026,12:30:00,28/07/2026,13:20:00,,0:50:00
81116342,VACÍO,TURNO 1,LINEA 3,ETIQUETADORA,ETIQ-NOR-05 /UNIDAD NORDSON,RICARDO,FINALIZADO,TÉCNICO,Falla Corpoelec. La cual se cae temperatura de la norsond,28/07/2026,8:24:00,28/07/2026,8:44:00,,0:20:00
1e239ec2,VACÍO,TURNO 1,LINEA 3,ETIQUETADORA,ETIQ-TRAS-10 /TRANSPORTADORES,RICARDO,FINALIZADO,TÉCNICO,Se parte transportador que va del detector de vacío a etiquedora,28/07/2026,14:00:00,28/07/2026,14:20:00,,0:20:00
19eba4a2,ASÉPTICO,TURNO 1,LINEA 1,A3FLEX,A3F-ELE-25 SUMINISTRO ELÉCTRICO,RICARDO,FINALIZADO,TÉCNICO,Caída del suministro eléctrico,28/07/2026,8:17:00,28/07/2026,11:41:00,,3:24:00
b3796a8b,ASÉPTICO,TURNO 1,LINEA 3,A3CFLEX,A3CF-ELE-25 /SUMINISTRO ELÉCTRICO,RICARDO,FINALIZADO,TÉCNICO,Caída del suministro eléctrico,28/07/2026,13:25:00,28/07/2026,15:00:00,,1:35:00
22f2937a,ASÉPTICO,TURNO 2,LINEA 1,CBP32,CBP-EMP-05 /EMPUJADOR,YOLIANNY,FINALIZADO,TÉCNICO,Resortes de dolly partidos se cambian y queda operativa la máquina,28/07/2026,20:40:00,28/07/2026,21:09:00,,0:29:00
3c8f6c77,ASÉPTICO,TURNO 2,LINEA 3,DOMINO,DOM-BOM-02 /BOMBA,YOLIANNY,FINALIZADO,TÉCNICO,La bomba no llegaba a la presión adecuada para el arranque. Se deja en parada por un rato y luego eleva de nuevo la presión y arranca sin problema.,28/07/2026,19:10:00,28/07/2026,20:11:00,,1:01:00
e4a1c1fe,VACÍO,TURNO 3,LINEA 3,DESPALETIZADOR COLADOS,DES-MES-05 /CARRO BARREDOR DE CAMADA,EUSTORGIO,FINALIZADO,SUPERVISOR,"Se sueltan tornillos de la base derecha del empujador, se reemplazan y se ajustan.",29/07/2026,1:15:00,29/07/2026,1:50:00,,0:35:00
bbd0004a,ASÉPTICO,TURNO 3,LINEA 3,CBP32,CBP-PLA-04 /PLACA DE TRANSFERENCIA,EUSTORGIO,FINALIZADO,TÉCNICO,"Envases reventados en la parte inferior al desplazarse hacia la unidad del carro, cajas volteadas en salida. Riel guía del agrupador hacia la unidad vasculante tenía la distancia incorrecta ocasionando en la parte inferior del envase romperlo. Se ajusta los  cilindro topes y arrastrasores de la cadena interna.",29/07/2026,0:30:00,29/07/2026,1:00:00,,0:30:00
b63dfb17,ASÉPTICO,TURNO 3,LINEA 3,CBP32,CBP-TRA-10 /TRANSPORTADORES,EUSTORGIO,FINALIZADO,TÉCNICO,"Atasco de de cajas en transportador de salida, se ajusta el rodillo y guía, se enfoca sensor y ajuste la placa que los sujeta.",29/07/2026,2:10:00,29/07/2026,2:20:00,,0:10:00
a5fe0810,ASÉPTICO,TURNO 3,LINEA 2,FW32,FW-PAN-09 /PANEL DE CONTROL,EUSTORGIO,FINALIZADO,TÉCNICO,Falla de puerta abierta lado izquierdo. Se reinicia la máquina y se reemplaza Adam y Eva por una tina.,29/07/2026,3:20:00,29/07/2026,3:40:00,,0:20:00
33219191,ASÉPTICO,TURNO 3,LINEA 2,A3CFLEX,A3CF-LLE-06 /SISTEMA DE LLENADO,EUSTORGIO,FINALIZADO,TÉCNICO,"Error de fotocelda de corrección de diseño, se calibran y se alinean fotoceldas internas y externas según el manual.",28/07/2026,22:30:00,29/07/2026,0:10:00,,1:40:00
2937fd9c,ASÉPTICO,TURNO 3,LINEA 3,A3CFLEX,A3CF-TRA-10 /TRANSPORTADORES,EUSTORGIO,FINALIZADO,TÉCNICO,"Trancamiento  en transportador de salida, se le quitan dos eslabones.",29/07/2026,4:00:00,29/07/2026,4:30:00,,0:30:00
d31e8e67,ASÉPTICO,TURNO 3,LINEA 3,A3CFLEX,A3CF-TRA-24 /TRANSPORTADORES,EUSTORGIO,FINALIZADO,TÉCNICO,"Envases girados en salida, se ajusta velocidad y las guías de salida del plegador final.",29/07/2026,5:20:00,29/07/2026,5:40:00,,0:20:00
879d1519,ASÉPTICO,TURNO 1,LINEA 3,A3CFLEX,A3CF-PULL-18 /PULL DOWN PLEGADORA,RICARDO,FINALIZADO,TÉCNICO,Solapa inferior despegada,29/07/2026,10:00:00,29/07/2026,10:23:00,,0:23:00
aad25ff6,ASÉPTICO,TURNO 2,LINEA 2,FW32,FW-FRE-02 /UNIDAD FRENO DE ENTRADA,YOLIANNY,FINALIZADO,TÉCNICO,"⛓️‍💥Falla: Caída de envases zona freno.
🛠️Causa: Freno guía abierto para tamaño de envases.
🪛Solución: Se realiza ajuste de freno, cierre para tamaño de envases.",29/07/2026,15:00:00,29/07/2026,15:49:00,0,0:49:00
58ac2f95,ASÉPTICO,TURNO 2,LINEA 2,SA,SA-APL-05 /UNIDAD APLICADORA,YOLIANNY,FINALIZADO,TÉCNICO,"⛓️‍💥Falla: Posición de pitillos incorrecta.
🛠️Causa: Correa en dirección incorrecta, y envases con poca presión superior.
🪛Solución: Se invierte posición de correa y se ajusta altura.",29/07/2026,15:55:00,29/07/2026,16:05:00,0,0:10:00
be4310a6,ASÉPTICO,TURNO 2,LINEA 2,CBP32,CBP-NOR-11 /UNIDAD NORDSON,YOLIANNY,FINALIZADO,TÉCNICO,"⛓️‍💥Falla: Boquilla superior derecha tapada.
🛠️Causa: Desconocida.
🪛Solución: Se reemplaza boquilla.",29/07/2026,17:19:00,29/07/2026,17:40:00,5,0:21:00
051a05bd,ASÉPTICO,TURNO 2,LINEA 2,TAVIL,TAV-MOT-05 /MOTOREDUCTORES,YOLIANNY,FINALIZADO,TÉCNICO,"⛓️‍💥Falla: Falla de motor M39 de línea 4, no arranca.
🛠️Causa: Variador en modo manual.
🪛Solución: Encontrar recorrido de alimentación de motor ya que no estaba identificado.",29/07/2026,19:59:00,29/07/2026,20:52:00,,0:53:00
a4a6e9af,VACÍO,TURNO 2,LINEA 1,ROBOT TAVIL,TAV-TRA-14 /TRNASPORTADORES DE CAJAS,YOLIANNY,FINALIZADO,,"Tramo aéreo #8 déja de accionar ocasionando acumulacion de cajas en todos los transportes. Al inspeccionar se observa ruptura y trancamiento de lona lo que ocasionó el daño total del motorodillo. Se desmontan lona y motorodillo dañado.Se ubica reemplazo de motor usado en mezanina de almacén de repuestos y se instala mecanicamente para culminar instalacion electrica es necesario añadir tramo adicional de cable ya que el cable de alimentacion de motorodillo es muy corto. se ubica ademas  lona nueva,quedando pendiente su instalación.",29/07/2026,18:30:00,29/07/2026,22:30:00,30,4:00:00
013337ce,ASÉPTICO,TURNO 2,LINEA 3,A3CFLEX,A3CF-LLE-06 /SISTEMA DE LLENADO,YOLIANNY,FINALIZADO,TÉCNICO,"⛓️‍💥Falla: Envase mal formado.
🛠️Causa: Bajo nitrógeno y producto 
🪛 Solución: Se ajusta producto y cantidad de nitrógeno.",29/07/2026,15:09:00,29/07/2026,15:17:00,0,0:08:00
04ec1fb0,ASÉPTICO,TURNO 2,LINEA 3,CBP32,CBP-TRA-10 /TRANSPORTADORES,YOLIANNY,FINALIZADO,TÉCNICO,"⛓️‍💥Falla: Transportador de salida apagado.
🛠️Causa: variador en modo manual y no identificado.
🪛Solución: Se identifica variador mediante el cableado, y se identifica.",29/07/2026,17:58:00,29/07/2026,20:30:00,0,2:32:00
a08206ca,ASÉPTICO,TURNO 3,LINEA 2,A3CFLEX,A3CF-ELE-25 /SUMINISTRO ELÉCTRICO,EUSTORGIO,FINALIZADO,TÉCNICO,"Se cae limpieza de máquina, debido a que se desenfoca sensor que detecta tuberia. Se ajusta y realiza limpieza correctamente",30/07/2026,2:00:00,30/07/2026,2:10:00,,0:10:00
74900a1c,ASÉPTICO,TURNO 3,LINEA 2,A3CFLEX,A3CF-CON-23 /PANEL DE CONTROL,EUSTORGIO,FINALIZADO,SUPERVISOR,"Se cae A3CF de L2, al hacer la revisión se encuentra el interruptor A01F5400 disparado y la fuente 24vdc 40amp apagada, se intenta rearmar el interruptor pero se dispara inmediatamente. Se comienza revisión.",30/07/2026,6:47:00,30/07/2026,7:00:00,0,0:13:00
11f198c0,ASÉPTICO,TURNO 1,LINEA 2,A3CFLEX,A3CF-CON-23 /PANEL DE CONTROL,RICARDO,FINALIZADO,TÉCNICO,"Se avería Fuente de 24v, se procede a reemplazar por la de la A3Flex.",30/07/2026,7:00:00,30/07/2026,11:46:00,,4:46:00
c8c6c5ca,ASÉPTICO,TURNO 1,LINEA 3,A3CFLEX,A3CF-ELE-25 /SUMINISTRO ELÉCTRICO,RICARDO,FINALIZADO,TÉCNICO,Caída del suministro eléctrico,30/07/2026,8:30:00,30/07/2026,12:06:00,,3:36:00
d1b63687,VACÍO,TURNO 1,LINEA 1,EMBALADORA GAMMA,EMB-ELE-12 /SUMINISTRO ELECTRICO,RICARDO,FINALIZADO,TÉCNICO,Falla Corpoelec. Se caen temperatura,30/07/2026,8:00:00,30/07/2026,8:20:00,,0:20:00
22fbc349,VACÍO,TURNO 1,LINEA 1,EMBALADORA GAMMA,EMB-BAR-04 /BARRAS EMPUJADORAS,RICARDO,FINALIZADO,TÉCNICO,"Se cae una de las barras, Se realiza ajuste",30/07/2026,10:00:00,30/07/2026,10:15:00,,0:15:00
a3315540,VACÍO,TURNO 1,LINEA 1,ROBOT TAVIL,TAV-TRA-14 /TRNASPORTADORES DE CAJAS,RICARDO,FINALIZADO,TÉCNICO,Falla en motor de tramo #9 la cual no activa. Se realiza ajuste en sensores,30/07/2026,10:20:00,30/07/2026,11:00:00,,0:40:00
d3ddd89f,VACÍO,TURNO 1,LINEA 1,ROBOT TAVIL,TAV-TRA-14 /TRNASPORTADORES DE CAJAS,RICARDO,FINALIZADO,TÉCNICO,Ajuste de variadores ya que las banda se detenían muy frecuentemente.,30/07/2026,12:00:00,30/07/2026,12:20:00,,0:20:00
83c50297,ASÉPTICO,TURNO 1,LINEA 3,FW32,FW-TRA-06 /UNIDAD TRANSF TREEPACK,RICARDO,FINALIZADO,TÉCNICO,"Caída de temperatura de los sopladores, se revisa termocumpla y se ajusta conexión.",30/07/2026,13:42:00,30/07/2026,14:08:00,,0:26:00
b2a9ceec,ASÉPTICO,TURNO 1,LINEA 2,CBP32,CBP-NOR-11 /UNIDAD NORDSON,RICARDO,FINALIZADO,TÉCNICO,"Boquilla tapada de la pistola inferior izquierda, se reemplaza por una de Cbp32 L1",30/07/2026,14:16:00,30/07/2026,14:39:00,,0:23:00
480fecca,VACÍO,TURNO 2,LINEA 1,ROBOT TAVIL,TAV-MOS-14 /AJUSTE COORDENADAS,YOLIANNY,FINALIZADO,SUPERVISOR,Perdida de coordenadas luego de falla de suministro eléctrico principal. Por lo que se ajusta AGAFADA21 de 418 a 410 con lo cual comienza a funcionar correctamente.,30/07/2026,16:45:00,30/07/2026,17:45:00,,1:00:00
54751d15,VACÍO,TURNO 2,LINEA 1,EMBALADORA GAMMA,EMB-PIR-10 /PIROMETRO,YOLIANNY,FINALIZADO,SUPERVISOR,Perdida de temperatura y falla de accionamiento de compuertas luego de una falla de suministro eléctrico principal. Se apaga completamente máquina y se vuelve a encender. Se espera a que llegue a su temperatura de trabajo seteada.,30/07/2026,15:00:00,30/07/2026,15:50:00,,0:50:00
d0578f39,VACÍO,TURNO 2,LINEA 1,EMBALADORA GAMMA,EMB-SOL-05 /SOLDADOR,YOLIANNY,FINALIZADO,SUPERVISOR,Cortocircuito en soldador. Al inspeccionar se observa perdida de aislamiento de cableado de resistencia. Se aislan nuevamente y se espera llegar a su temperatura de operacion.,30/07/2026,20:45:00,30/07/2026,20:55:00,,0:10:00
841ecfe7,ASÉPTICO,TURNO 2,LINEA 2,A3CFLEX,A3CF-MES-21 /MESA DE EMPALME,YOLIANNY,FINALIZADO,TÉCNICO,"No realiza el empalme automático, movimiento incompleto de posición 1 a la 2, se abre completamente los reguladores de aire.",30/07/2026,18:22:00,30/07/2026,18:51:00,,0:29:00
6c09fbef,ASÉPTICO,TURNO 2,LINEA 2,A3CFLEX,A3CF-MES-21 /MESA DE EMPALME,YOLIANNY,FINALIZADO,TÉCNICO,De nuevo falla el empalme por movimiento incompleto se lubrica el eje guía de la mesa y se espera resultados nuevamente.,30/07/2026,20:53:00,30/07/2026,21:24:00,,0:31:00
123af8f0,ASÉPTICO,TURNO 2,LINEA 3,A3CFLEX,A3CF-MES-21 /MESA DE EMPALME,YOLIANNY,FINALIZADO,TÉCNICO,Falla de corrección de diseño por empalme,30/07/2026,20:00:00,30/07/2026,20:20:00,,0:20:00
d20babee,ASÉPTICO,TURNO 3,LINEA 3,A3CFLEX,A3CF-MOR-14 /MORDAZAS,EUSTORGIO,FINALIZADO,TÉCNICO,Error de fotocelda de 3 barras. Se consigue apagada y no se logra prender. Para darle continuidad a la producción se coloca la de la A3Flex ( modelo nueva ).,31/07/2026,5:00:00,31/07/2026,5:45:00,,0:45:00
6461cdde,ASÉPTICO,TURNO 3,LINEA 2,A3CFLEX,A3CF-ELE-25 /SUMINISTRO ELÉCTRICO,EUSTORGIO,FINALIZADO,TÉCNICO,No realiza limpieza debido a sensor inductivo de tubería trasera. Se saca sensor de base y se le colaca un papel para que lo detecte. Se debe realizar un ajuste mejor la base.,31/07/2026,2:30:00,31/07/2026,3:30:00,,1:00:00
c8a83f29,ASÉPTICO,TURNO 3,LINEA 2,A3CFLEX,A3CF-HI-28 /BAJA TEMPERATURA HI,EUSTORGIO,FINALIZADO,TÉCNICO,"Se cae llenadora, por temperatura alta de H.I al ajustar manual el regulador que controla el flujo de nitrógeno.",31/07/2026,5:45:00,31/07/2026,6:00:00,,0:15:00
d05baf82,VACÍO,TURNO 1,LINEA 1,SELLADORA ANGELUS,SELL-PLA-04 /PLATOS,RICARDO,FINALIZADO,TÉCNICO,Se realiza lubricación entrando al turno,31/07/2026,7:00:00,31/07/2026,7:10:00,,0:10:00
55e0984b,VACÍO,TURNO 1,LINEA 1,ROBOT TAVIL,TAV-TOP-15 /POLICIA TOPE DE PALETAS,RICARDO,FINALIZADO,TÉCNICO,Paleta atascada en linea de tapa 200. La cual se tiene q detener el robot,31/07/2026,12:00:00,31/07/2026,12:40:00,,0:40:00
10852da6,VACÍO,TURNO 1,LINEA 1,ROBOT TAVIL,TAV-TRA-14 /TRNASPORTADORES DE CAJAS,RICARDO,FINALIZADO,TÉCNICO,Atasco de cajas en curva al llegar a bateria,31/07/2026,13:00:00,31/07/2026,13:10:00,,0:10:00
baf01243,VACÍO,TURNO 1,LINEA 1,ROBOT TAVIL,TAV-TRA-07 /TRANSPORTADOR BATERIA/LINEA,RICARDO,FINALIZADO,TÉCNICO,Sensor desenfocado. La cual cual no realizaba el conteo de cajas.,31/07/2026,13:40:00,31/07/2026,14:20:00,,0:40:00
,,,,,,,,,,,,,,,
c75590b0,ASÉPTICO,TURNO 1,LINEA 3,DOMINO,DOM-BOM-02 /BOMBA,RICARDO,FINALIZADO,TÉCNICO,La bomba no alcanzaba la presión establecida,31/07/2026,7:00:00,31/07/2026,7:53:00,,0:53:00
84dc384a,ASÉPTICO,TURNO 1,LINEA 3,FW32,FW-TRA-06 /UNIDAD TRANSF TREEPACK,RICARDO,FINALIZADO,TÉCNICO,Termoencogible no funciona correctamente,31/07/2026,8:18:00,31/07/2026,9:47:00,,1:29:00
3cf38393,ASÉPTICO,TURNO 1,LINEA 3,TAVIL,TAV-TRA-07 /TRANSPORTADOR BATERIA/LINEA,RICARDO,FINALIZADO,TÉCNICO,Paletas y sensor desenfocado,31/07/2026,13:00:00,31/07/2026,14:52:00,,1:52:00
e513e875,VACÍO,TURNO 1,LINEA 1,EMBALADORA GAMMA,EMB-PIR-10 /PIROMETRO,YOLIANNY,FINALIZADO,SUPERVISOR,Durante la producción se observa descenso de temperatura por lo que al finalizar la produccio. Se realiza  reemplazo de banco de resistencias de horno por las resistencias nuevas disponibles.,3/08/2026,7:00:00,03/08/2026,7:00:05,,0:00:05
27d0d54a,VACÍO,TURNO 1,LINEA 1,DOMINO,DOM-SEN-04 /SENSOR,YOLIANNY,FINALIZADO,SUPERVISOR,Envases sin codificar. Se ajusta posición de cabezal y sensor.,3/08/2026,12:30:00,03/08/2026,12:47:00,,0:17:00
58bc813f,ASÉPTICO,TURNO 1,LINEA 1,TAVIL,TAV-VAC-02 /PALET VACÍO,YOLIANNY,FINALIZADO,TÉCNICO,"⛓️‍💥Falla: Carro atascado.
🛠️Causa: Sobre carga.
🪛Solución: Se reinicia carro, se resetea breaker. Sucedió en 2 ocasiones.",3/08/2026,13:30:00,03/08/2026,14:06:00,0,0:36:00
7da75156,ASÉPTICO,TURNO 1,LINEA 1,CBP32,CBP-NOR-11 /UNIDAD NORDSON,YOLIANNY,FINALIZADO,TÉCNICO,"⛓️‍💥Falla: Boquilla superior derecha tapada.
🛠️Causa: Boquilla sin apriete, generando fuga.
🪛Solución: Se realiza destapado y apriete de boquilla.",3/08/2026,14:22:00,03/08/2026,14:38:00,0,0:16:00
efd8b053,VACÍO,TURNO 1,LINEA 1,ROBOT TAVIL,TAV-TRA-07 /TRANSPORTADOR BATERIA/LINEA,YOLIANNY,FINALIZADO,SUPERVISOR,"Atasco de cajas en batería. Al inspeccionar se observa la correa fuera de posicion. Se acondiciona correa (se recorta) ya que el ancho superaba al ancho de la polea, se coloca nuevamente y se ajusta tensión de la misma.",3/08/2026,13:18:00,03/08/2026,14:48:00,,1:30:00
8cf69081,ASÉPTICO,TURNO 1,LINEA 1,A3FLEX,A3F-PULL-18 /PULL DOWN PLEGADORA,YOLIANNY,FINALIZADO,TÉCNICO,"⛓️‍💥Falla: plegador final, posición incorrecta cilindros flaps",3/08/2026,14:43:00,03/08/2026,15:00:00,0,0:17:00
30c9cce6,ASÉPTICO,TURNO 2,LINEA 3,FW32,FW-AGR-03 /UNIDAD AGRUPADORA,EUSTORGIO,FINALIZADO,TÉCNICO,"Descarte continuo de envases , se ajusta sensor de guarda de choque",3/08/2026,20:00:00,03/08/2026,20:05:00,5,0:05:00
5b4c711e,ASÉPTICO,TURNO 2,LINEA 3,TAVIL,TAV-VAC-02 /PALET VACÍO,EUSTORGIO,FINALIZADO,TÉCNICO,"Guarda motor se dispara ocasionalmente , se sustituye por completo el cable que va del armario eléctrico al motor",3/08/2026,16:20:00,03/08/2026,18:00:00,100 minutos,1:40:00
86d164c2,ASÉPTICO,TURNO 2,LINEA 1,A3FLEX,A3F-PRE-19 /DISPOSITIVO PRENSOR,EUSTORGIO,FINALIZADO,TÉCNICO,Sensor de posición de los calentadores de picos ( solapas ) dañado se sustituye sensor,3/08/2026,15:40:00,03/08/2026,15:50:00,10 minutos,0:10:00
e142d872,VACÍO,TURNO 2,LINEA 1,ROBOT TAVIL,TAV-VAC-02 /PALET VACÍO,EUSTORGIO,FINALIZADO,SUPERVISOR,Se cambia cable de alimentación del carro de palets vacios,3/08/2026,15:00:00,03/08/2026,19:31:00,,4:31:00
c974ba4a,ASÉPTICO,TURNO 3,LINEA 1,TAVIL,TAV-TRA-07 /TRANSPORTADOR BATERIA/LINEA,RICARDO,FINALIZADO,TÉCNICO,"Correa hacia línea rota, se sustituye por otra más corta quedando operativo",3/08/2026,23:00:00,03/08/2026,23:40:00,,0:40:00
25acb602,VACÍO,TURNO 3,LINEA 1,ROBOT TAVIL,TAV-LLE-03 /PALET LLENO,RICARDO,FINALIZADO,SUPERVISOR,Paleta atascada en palet lleno,3/08/2026,23:46:00,03/08/2026,23:53:00,,0:07:00
d7324f1e,VACÍO,TURNO 3,LINEA 1,EMBALADORA GAMMA,EMB-DES-09 /SISTEMA DESBOBINADO,RICARDO,FINALIZADO,SUPERVISOR,"Falla de desbobinado, por deslizamiento de bobina superior, sensor desenfocado",4/08/2026,1:30:00,04/08/2026,1:40:00,,0:10:00
b5ac18ce,VACÍO,TURNO 3,LINEA 1,EMBALADORA GAMMA,EMB-PIR-10 /PIROMETRO,RICARDO,FINALIZADO,SUPERVISOR,Descontrol en temperatura de sellado,4/08/2026,1:55:00,04/08/2026,2:30:00,,0:35:00
7f71fb73,VACÍO,TURNO 1,LINEA 1,EMBALADORA GAMMA,EMB-SOL-05 /SOLDADOR,YOLIANNY,FINALIZADO,SUPERVISOR,Caída de temperatura de soldador. Se verifica cableado de termocupla y se ajusta parámetro IN-B de 1 a 0. Se ajusta además set-point y se realiza limpieza de soldador. Esta parada no detiene el proceso debido a que en túnel de enfriamiento se encontraba vacio.,4/08/2026,9:32:00,04/08/2026,9:32:01,,0:00:01
eaf8391a,VACÍO,TURNO 1,LINEA 1,ROBOT TAVIL,TAV-LLE-03 /PALET LLENO,YOLIANNY,FINALIZADO,SUPERVISOR,Atasco de paleta de producto terminado en barrera de seguridad debido a mal estado de la misma.,4/08/2026,8:30:00,04/08/2026,8:47:00,,0:17:00
e71cd40c,ASÉPTICO,TURNO 1,LINEA 3,A3CFLEX,A3CF-MES-21 /MESA DE EMPALME,YOLIANNY,FINALIZADO,TÉCNICO,Corrección de diseño en el ASU,4/08/2026,14:40:00,04/08/2026,14:45:00,,0:05:00
26697246,ASÉPTICO,TURNO 1,LINEA 1,A3FLEX,A3F-TRA-10 /TRANSPORTADORES,YOLIANNY,FINALIZADO,TÉCNICO,"Transportador de salida roto y el de entrada del helix, se quitan eslabones rotos y se arma todo quedando totalmente operativo",4/08/2026,11:16:00,04/08/2026,11:47:00,,0:31:00
d9a1a385,ASÉPTICO,TURNO 1,LINEA 1,A3FLEX,A3F-PRE-19 /DISPOSITIVO PRENSOR,YOLIANNY,FINALIZADO,TÉCNICO,"Solapa superior izquierda despegada,  el soplador izquierdo estaba tapado, se sacó la boquilla se quita la obstrucción y queda operativa",4/08/2026,14:11:00,04/08/2026,14:36:00,,0:25:00
2ca0ba83,ASÉPTICO,TURNO 2,LINEA 3,TAVIL,TAV-LLE-03 /PALET LLENO,EUSTORGIO,FINALIZADO,TÉCNICO,"Cadena de rodillos de enfardadora rota, se vuelve a unir cadena y queda operativa",4/08/2026,15:00:00,04/08/2026,16:20:00,,1:20:00
bb85a72a,ASÉPTICO,TURNO 2,LINEA 1,A3FLEX,A3F-MES-21 /MESA DE EMPALME,EUSTORGIO,FINALIZADO,TÉCNICO,"Material de envasado no preparado, no realiza empalme automático. Se procede a realizar el empalme manual. Causa desconocida.",4/08/2026,19:30:00,04/08/2026,20:20:00,,0:50:00
652daa67,VACÍO,TURNO 2,LINEA 1,TUNEL,TUN-BOM-05 /BOMBA RECIRCULACION,EUSTORGIO,FINALIZADO,SUPERVISOR,Se retiene producto dentro del túnel para poder bajarle temperatura.,4/08/2026,20:00:00,04/08/2026,20:25:00,,0:25:00
606fed88,VACÍO,TURNO 2,LINEA 1,ROBOT TAVIL,TAV-TRA-07 /TRANSPORTADOR BATERIA/LINEA,EUSTORGIO,FINALIZADO,SUPERVISOR,"Se detiene cajas en el tramo 06 del transportador aéreo, se para y arranca variador, se corrige falla.",4/08/2026,21:25:00,04/08/2026,21:50:00,,0:25:00
180847dd,ASÉPTICO,TURNO 3,LINEA 1,TAVIL,TAV-LLE-03 /PALET LLENO,RICARDO,FINALIZADO,TÉCNICO,Cadeneta de cables del carro de palets lleno dañada.,4/08/2026,22:30:00,05/08/2026,0:30:00,,2:00:00
9d73795f,VACÍO,TURNO 3,LINEA 1,TRANSPORTADORES,TRAN-CAD-03 /CADENA TABLETOP,RICARDO,FINALIZADO,SUPERVISOR,"Se le quita eslabón a cadena, a la salida del túnel de enfriamiento",5/08/2026,1:20:00,05/08/2026,1:40:00,,0:20:00
ae2fb28f,VACÍO,TURNO 3,LINEA 1,EMBALADORA GAMMA,EMB-SOL-05 /SOLDADOR,RICARDO,FINALIZADO,SUPERVISOR,Cable de alimentación de resistencia roto en 2 oportunidades en el turno,5/08/2026,2:00:00,05/08/2026,3:00:00,,1:00:00
8cc6d5f9,VACÍO,TURNO 3,LINEA 1,ROBOT TAVIL,TAV-LLE-03 /PALET LLENO,RICARDO,FINALIZADO,SUPERVISOR,"Cable roto de sensor del carro, cadena plástica guía, dañada",5/08/2026,4:00:00,05/08/2026,5:20:00,,1:20:00
c0e945c8,VACÍO,TURNO 1,LINEA 1,EMBALADORA GAMMA,EMB-VEN-08 /VENTOSAS DE VACIO,YOLIANNY,FINALIZADO,SUPERVISOR,Desincronizacion de cadena arrastradora de cartones. Se sincroniza nuevamente.,5/08/2026,13:38:00,05/08/2026,14:09:00,,0:31:00
a8796a9b,VACÍO,TURNO 1,LINEA 1,EMBALADORA GAMMA,EMB-SOL-05 /SOLDADOR,YOLIANNY,FINALIZADO,SUPERVISOR,"Durante el turno, se realizan  ajustes operacionales de temperatura de soldador de 150 a 157°C y ajuste de parámetro de tiempo de sellado de 0.78 a 1.15 debido a que, luego de cambio de bobina, se evidencia sellado defectuoso y apertura de cajas de lado derecho. La máquina queda con bobina de polietileno de proveedor rey david en la parte superior y bobina inferior de proveedor dayvimar. Importante monitorear funcionamiento de la máquina al momento de nuevo cambio de bobina en caso de que sea necesario ajustar nuevamente dichos parametros.",5/08/2026,7:20:00,05/08/2026,7:20:01,,0:00:01
6bc688b2,ASÉPTICO,TURNO 1,LINEA 1,A3FLEX,A3F-ASE-01 /CAMARA ASEPTICA,NAVEL,PENDIENTE,TÉCNICO,"Alarma de evento critico en cámara aséptica de integridad de envase, la misma ocasiona descarte de envases, se realizó chequeo de calibración de los sensores de empalme, falla en monitoreo",5/08/2026,10:00:00,05/08/2026,,,
42750f29,ASÉPTICO,TURNO 1,LINEA 3,FW32,FW-SELL-05 /UNIDAD DE SELLADO,NAVEL,FINALIZADO,TÉCNICO,"Se realiza reemplazo de sistema de cilindro neumatico, embolo y sellos de manifold del aire de calentamiento de unidad retractiladora",5/08/2026,12:00:00,05/08/2026,12:00:01,,0:00:01
603acd55,ASÉPTICO,TURNO 1,LINEA 3,FW32,FW-TRA-06 /UNIDAD TRANSF TREEPACK,NAVEL,FINALIZADO,TÉCNICO,"Caída de envases, se ajusta posición de dedos",5/08/2026,10:00:00,05/08/2026,10:10:00,,0:10:00
e5264b1a,ASÉPTICO,TURNO 2,LINEA 3,FW32,FW-MAG-04 /MAGAZING DE BOBINAS,EUSTORGIO,FINALIZADO,TÉCNICO,"Caída de envases en la unidad de contracción por mal centrado del films , generando mucha Acumulación de polietileno en las flautas",5/08/2026,15:20:00,05/08/2026,15:30:00,10 minutos,0:10:00
240ca4ca,ASÉPTICO,TURNO 2,LINEA 1,TAVIL,TAV-LLE-03 /PALET LLENO,EUSTORGIO,FINALIZADO,TÉCNICO,"Sensores de posición de paleta en el carro apagados , se detecta daño en cable de alimentación y señal de los  sensores, ocasionado por parte de la canaleta pasacables , se corrige daño",5/08/2026,16:30:00,05/08/2026,17:30:00,60 minutos,1:00:00
b6a95d37,VACÍO,TURNO 2,LINEA 1,ROBOT TAVIL,TAV-LLE-03 /PALET LLENO,EUSTORGIO,FINALIZADO,SUPERVISOR,Se repara cadena portacables del carro de palets llenos y se sustituye cable de sensor de presencia de paletas llenas. Adicionalmente se cambian sensor y espejo de la batería de la línea de Al340 ML.,5/08/2026,15:00:00,05/08/2026,17:40:00,,2:40:00
7de8ac60,ASÉPTICO,TURNO 3,LINEA 1,TAVIL,TAV-VAC-02 /PALET VACÍO,RICARDO,FINALIZADO,TÉCNICO,Paleta dañada por mal estado,5/08/2026,22:30:00,05/08/2026,22:44:00,,0:14:00
25cdb173,ASÉPTICO,TURNO 3,LINEA 1,HELIX,HEL-ARA-04 /ARAÑA,RICARDO,FINALIZADO,TÉCNICO,Eje de la corona motriz dañado generando que se desacoplara de las guías,5/08/2026,22:30:00,05/08/2026,0:10:00,,1:40:00
79870604,ASÉPTICO,TURNO 3,LINEA 3,TAVIL,TAV-SEG-01 /BARRERAS DE SEGURIDAD,RICARDO,FINALIZADO,TÉCNICO,Constantes paradas en sensores desenfocados de línea de aluminio generando que se detenga línea 3,5/08/2026,22:30:00,05/08/2026,23:45:00,,1:15:00
e775cba5,VACÍO,TURNO 3,LINEA 1,SELLADORA ANGELUS,SELL-DOS-06 /DOSIFICADOR DE TAPAS,RICARDO,FINALIZADO,SUPERVISOR,"Atasco de tapas, en tres oportunidades, se soluciona quitando tapa astacada",5/08/2026,23:00:00,05/08/2026,23:30:00,,0:30:00
d33050e3,VACÍO,TURNO 3,LINEA 1,EMBALADORA GAMMA,EMB-SOL-05 /SOLDADOR,RICARDO,FINALIZADO,SUPERVISOR,Ajuste de parámetros por cambio de polietileno y solución de corto circuito en el cable de potencia de la resistencia del soldador,6/08/2026,1:00:00,06/08/2026,1:40:00,,0:40:00
1c5279c5,VACÍO,TURNO 3,LINEA 1,ROBOT TAVIL,TAV-TRA-07 /TRANSPORTADOR BATERIA/LINEA,,FINALIZADO,,Sensor desenfocado en batería causa paradas en varias ocaciones,6/08/2026,3:55:00,06/08/2026,4:55:00,,1:00:00
5c657e79,VACÍO,TURNO 1,LINEA 1,EMBALADORA GAMMA,EMB-SOL-05 /SOLDADOR,YOLIANNY,FINALIZADO,SUPERVISOR,Reemplazo de cableado de resistencia de soldador. Se añade además suplementos aislantes protectores a fin de prolongar n'a vida util del cableado,6/08/2026,7:13:00,06/08/2026,7:13:02,,0:00:02
c31c1e1e,VACÍO,TURNO 1,LINEA 1,EMBALADORA GAMMA,EMB-SOL-05 /SOLDADOR,YOLIANNY,FINALIZADO,SUPERVISOR,Reemplazo de resorte de soldador debido a mal estado del mismo.,6/08/2026,9:01:00,06/08/2026,9:01:02,,0:00:02
b1593e23,ASÉPTICO,TURNO 1,LINEA 2,TAVIL,TAV-TRA-07 /TRANSPORTADOR BATERIA/LINEA,YOLIANNY,FINALIZADO,TÉCNICO,"⛓️‍💥Falla: Correas rotas
🛠️Causa: desconocida.
🪛Solución: Se reemplaza correa.",6/08/2026,14:25:00,06/08/2026,15:00:00,0,0:35:00
f1994d66,ASÉPTICO,TURNO 1,LINEA 2,A3CFLEX,A3CF-PULL-18 /PULL DOWN PLEGADORA,YOLIANNY,FINALIZADO,TÉCNICO,"⛓️‍💥Falla: Atasco en servo de salida de plegadora.
🛠️Causa: Rodamientos defectuoso. (Cambiar rodamiento).
🪛Solución: Se lubrica rodamientos.",6/08/2026,14:00:00,06/08/2026,14:10:00,0,0:10:00
5e764c0f,ASÉPTICO,TURNO 2,LINEA 2,A3CFLEX,A3CF-MOR-14 /MORDAZAS,EUSTORGIO,FINALIZADO,TÉCNICO,Error de fotocelda. Se ajusta cercanía de fotocelda de 4 barras.,6/08/2026,21:10:00,06/08/2026,21:40:00,,0:30:00
12601368,ASÉPTICO,TURNO 2,LINEA 1,TAVIL,TAV-LLE-03 /PALET LLENO,EUSTORGIO,FINALIZADO,TÉCNICO,"Falla de variador de rodillos de carro de palets, debido a perdida de fase y además se realiza ajustes de parametro en variador.",6/08/2026,20:10:00,06/08/2026,22:00:00,,1:50:00
00c8f4be,VACÍO,TURNO 2,LINEA 3,PICKHEATER,PICK-VAL-02 /VALVULA MODULADORA  DE VAPOR,EUSTORGIO,FINALIZADO,SUPERVISOR,Se cae presión de la caldera por falla en el sistema de control.,6/08/2026,17:00:00,06/08/2026,19:25:00,,2:25:00
7c9b3fdd,ASÉPTICO,TURNO 3,LINEA 2,A3CFLEX,A3CF-LLE-06 /SISTEMA DE LLENADO,RICARDO,FINALIZADO,TÉCNICO,"Fotocelula no detecta codigo de barras, se deja para el siguiente turno",7/08/2026,3:10:00,07/08/2026,7:00:00,,3:50:00
a04feba5,ASÉPTICO,TURNO 3,LINEA 1,A3FLEX,A3F-ELE-25 SUMINISTRO ELÉCTRICO,RICARDO,FINALIZADO,TÉCNICO,Caída de tension,7/08/2026,0:10:00,07/08/2026,3:10:00,,3:00:00
bdf980ae,ASÉPTICO,TURNO 3,LINEA 1,TAVIL,TAV-LLE-03 /PALET LLENO,RICARDO,FINALIZADO,TÉCNICO,Paletas atascadas y mosaico mal armado,7/08/2026,0:00:00,07/08/2026,1:05:00,,1:05:00
d9cbb2f8,VACÍO,TURNO 3,LINEA 1,TRANSPORTADORES,TRAN-VAR-06 /VARIADOR DE FRECUENCIA,RICARDO,FINALIZADO,SUPERVISOR,Transportador de la salida del túnel no arranca,7/08/2026,5:30:00,07/08/2026,7:00:00,,1:30:00
cc266489,ASÉPTICO,TURNO 1,LINEA 1,CBP32,CBP-AIR-12 /AIRE COMPRIMIDO,YOLIANNY,FINALIZADO,TÉCNICO,"Falla de guillotina la misma rebota y le pegaba al envase, por receta se le modifica la altura para que suba más y no chocará con el envase.",7/08/2026,11:30:00,07/08/2026,11:36:00,,0:06:00
e29a5ab0,ASÉPTICO,TURNO 1,LINEA 1,CBP32,CBP-AIR-12 /AIRE COMPRIMIDO,YOLIANNY,FINALIZADO,TÉCNICO,"Choque de guillotina con envases, se ajusta cilindro de placa tope del empujador mediante las correderas laterales.",7/08/2026,12:25:00,07/08/2026,13:00:00,,0:35:00
97b25c69,ASÉPTICO,TURNO 1,LINEA 1,CBP32,CBP-TRA-10 /TRANSPORTADORES,YOLIANNY,FINALIZADO,TÉCNICO,En dos ocasiones se parte transportador de entrada,7/08/2026,13:08:00,07/08/2026,14:07:00,,0:59:00
f2839336,ASÉPTICO,TURNO 1,LINEA 2,A3CFLEX,A3CF-TPO-01 /TPOP DISPLAY,YOLIANNY,FINALIZADO,TÉCNICO,"Error de corrección de diseño, se alinean las dos fotoceldas con los tornillos de ajuste los cuales le hacían falta se reinicia tmcc y queda operativa.",7/08/2026,7:00:00,07/08/2026,9:15:00,,2:15:00
60ccc9e4,ASÉPTICO,TURNO 1,LINEA 2,A3CFLEX,A3CF-TRA-10 /TRANSPORTADORES,YOLIANNY,FINALIZADO,TÉCNICO,"Atasco de envases en el transportador de salida, se ajusta las guías laterales y se juega con la velocidad del transportador",7/08/2026,13:00:00,07/08/2026,13:43:00,,0:43:00
d45a0b47,VACÍO,TURNO 1,LINEA 1,EMBALADORA GAMMA,EMB-SOL-05 /SOLDADOR,YOLIANNY,FINALIZADO,SUPERVISOR,"Falla de termocupla. Variacion excesiva de temperatura. Se observa cable fracturado, se reemplaza cable completamente, quedando operativa.",7/08/2026,7:30:00,07/08/2026,7:50:00,,0:20:00
9f4e9c7e,VACÍO,TURNO 1,LINEA 1,ROBOT TAVIL,TAV-TRA-14 /TRNASPORTADORES DE CAJAS,YOLIANNY,FINALIZADO,SUPERVISOR,"Falla de accionamiento de transportador de tramo 4. Al inspeccionar se observa error E05.3 en variador de frecuencia (sobrecarga) se chequea lona pero no se observa trancamiento de la misma  se prueba motorodillo en vacio y continua el error por lo que se reemplaza motorodillo,  en vista de no haber disponibilidad del mismo en stock de Adempiere, se ubica y retira un motorodillo de tramo inutilizado de subida de linea 3 robot aseptico. Se instala motorodillo Quedando operativo, pendiente solo instalación de lona.",7/08/2026,7:57:00,07/08/2026,14:57:00,,7:00:00
257638f4,VACÍO,TURNO 2,LINEA 1,ROBOT TAVIL,TAV-TRA-14 /TRNASPORTADORES DE CAJAS,EUSTORGIO,FINALIZADO,SUPERVISOR,Se termina montaje y alineación de lona del tramo 05 del transportador aéreo del robot Tavil.,7/08/2026,15:00:00,07/08/2026,17:00:00,N/A,2:00:00
8f6561fc,ASÉPTICO,TURNO 1,LINEA 1,FLEX,FLEX-ELE-12 /SUMINISTRO ELÉCTRICO,NAVEL,FINALIZADO,TÉCNICO,Caída de suministro eléctrico ( falla generadores),10/08/2026,14:00:00,10/08/2026,15:00:00,,1:00:00
0e8f0bdc,ASÉPTICO,TURNO 1,LINEA 2,A3CFLEX,A3CF-ELE-25 /SUMINISTRO ELÉCTRICO,NAVEL,FINALIZADO,,Caida de suministro eléctrico ( falla generadores),10/08/2026,14:00:00,10/08/2026,15:00:00,,1:00:00
6563b75f,ASÉPTICO,TURNO 1,LINEA 3,DRINK,DRI-VAL-08 /VÁLVULAS,NAVEL,FINALIZADO,TÉCNICO,Mejora en distribución de aire hacia válvulas de agua de enfriamiento #2,10/08/2026,9:00:00,10/08/2026,9:10:00,,0:10:00
e79c3534,ASÉPTICO,TURNO 1,LINEA 1,DRINK,DRI-VAL-08 /VÁLVULAS,NAVEL,FINALIZADO,TÉCNICO,Mejora en distribución de aire hacia válvulas de agua de enfriamiento en tanque #2,10/08/2026,10:00:00,10/08/2026,10:10:00,,0:10:00
9a5e9fc7,ASÉPTICO,TURNO 1,LINEA 2,DOMINO,DOM-PAN-06 /PANEL DE CONTROL,NAVEL,FINALIZADO,TÉCNICO,Ajuste de impresión,10/08/2026,11:30:00,10/08/2026,11:34:00,,0:04:00
c5ca48de,VACÍO,TURNO 1,LINEA 1,EMBALADORA GAMMA,EMB-ELE-12 /SUMINISTRO ELECTRICO,EUSTORGIO,FINALIZADO,SUPERVISOR,"El breacker del tablero principal del pasillos de la embaladora Gamma 20F no acciona, se desmonta un breacker 3x200amp usado del tablero T-N017 y se usa para sustituir el dañado.",10/08/2026,7:00:00,10/08/2026,9:00:00,,2:00:00
12e8ce14,VACÍO,TURNO 1,LINEA 1,LLENADORA ELMAR,LLE-TRA-010 /TRANSP ENTRADA-SALIDA,EUSTORGIO,FINALIZADO,SUPERVISOR,"La bomba dosificadora de lubricante húmedo no arranca, se revisan los breackers del área y no se encuentran desactivados, mientras tanto ocurre una caída de servicio eléctrico de 440vac, al recuperarse el suministro eléctrico se reestablece la alimentación de 220vac en la bomba dosificadora, la causa es desconocida.",10/08/2026,13:30:00,10/08/2026,14:45:00,,1:15:00
df5eb391,ASÉPTICO,TURNO 2,LINEA 2,DOMINO,DOM-CAB-05 /CABEZAL,RICARDO,FINALIZADO,TÉCNICO,"Mala codificación, se ajusta el retardo",10/08/2026,15:20:00,10/08/2026,15:35:00,,0:15:00
c1859d6d,ASÉPTICO,TURNO 2,LINEA 1,A3FLEX,A3F-ELE-25 SUMINISTRO ELÉCTRICO,RICARDO,FINALIZADO,TÉCNICO,Caída de suministro eléctrico.,10/08/2026,15:00:00,10/08/2026,18:30:00,,3:30:00
307536bf,ASÉPTICO,TURNO 2,LINEA 1,A3FLEX,A3F-AIR-05 /SISTEMA AIRE ESTERIL,RICARDO,FINALIZADO,TÉCNICO,"Error de temperatura de super calentador, se reinicia el equipo",10/08/2026,18:30:00,10/08/2026,21:00:00,,2:30:00
c3174691,ASÉPTICO,TURNO 2,LINEA 1,A3FLEX,A3F-SEG-08 /SISTEMA DE SEGURIDAD,RICARDO,FINALIZADO,TÉCNICO,Alarma de sistema de seguridad. Se ajusta tarjeta del PLUTO.,10/08/2026,21:00:00,10/08/2026,22:30:00,,1:30:00
2ff20f5e,VACÍO,TURNO 2,LINEA 1,DOMINO,DOM-CAB-09 /CABEZAL,RICARDO,FINALIZADO,SUPERVISOR,Cabezal fuera de posición,10/08/2026,17:28:00,10/08/2026,18:00:00,,0:32:00
da680176,VACÍO,TURNO 2,LINEA 1,ROBOT TAVIL,TAV-MOT-05 /MOTOREDUCTORES,,FINALIZADO,,Filtro de variador quemado,10/08/2026,16:30:00,10/08/2026,17:10:00,,0:40:00
8a687e89,VACÍO,TURNO 3,LINEA 1,PASTEURIZADOR,PAS-TAN-06 /TANQUE BALANZA,YOLIANNY,FINALIZADO,SUPERVISOR,Rebose de producto en tanque de balanza. Se observa electrodos de nivel con exceso de producto caramelizado. Se realiza limpieza de los mismos y ajuste de conexiones. Con lo cual funciona de forma correcta.,11/08/2026,0:30:00,11/08/2026,0:33:00,,0:03:00
2f2f324e,VACÍO,TURNO 3,LINEA 1,SELLADORA ANGELUS,SELL-OPE-05 /OPERACIONES DE SELLADO,YOLIANNY,FINALIZADO,SUPERVISOR,Lubricacion rutinaria de operaciones de selladora. Se retrasa unos minutos debido a falla de grasera manual por la que se ubica grasera de área de aséptico.,10/08/2026,22:30:00,10/08/2026,23:00:00,,0:30:00
189e4a6b,VACÍO,TURNO 3,LINEA 1,EMBALADORA GAMMA,EMB-SOL-05 /SOLDADOR,YOLIANNY,FINALIZADO,SUPERVISOR,"Luego de un cambio de bobina se realiza acompañamiento y ajustes, junto a operador, de tiempo de sellado (de 0.9 a 1,00) y temperatura de soldador (de 153 a 160°C) debido a falla de sellado ( sellado defectuoso)",11/08/2026,4:00:00,11/08/2026,4:05:00,,0:05:00
bf4585c2,ASÉPTICO,TURNO 3,LINEA 1,A3FLEX,A3F-AIR-05 /SISTEMA AIRE ESTERIL,YOLIANNY,FINALIZADO,TÉCNICO,"⛓️‍💥Falla: Sistema de super calentador no alcanza temperatura.
🛠️Causa: Desconocida.
🪛Solución: Se reinicia equipo por plc. (Falla turno anterior)",10/08/2026,22:30:00,10/08/2026,23:01:00,0,0:31:00
b77ebeb1,ASÉPTICO,TURNO 3,LINEA 2,A3CFLEX,A3CF-ELM-04 /ELEMENT PARADA CORTA,YOLIANNY,FINALIZADO,TÉCNICO,"⛓️‍💥Falla: Elemento de parada corta en posición incorrecta.
🛠️Causa: Mecanismo de rotula rígido.
🪛Solución: Se aplica formula mecánica.( Dió en varias oportunidades)",11/08/2026,4:00:00,11/08/2026,4:42:00,0,0:42:00
17590014,ASÉPTICO,TURNO 1,LINEA 2,A3CFLEX,A3CF-TRA-24 /TRANSPORTADORES,EUSTORGIO,FINALIZADO,TÉCNICO,"Envases girados en salida de plegadora, se realiza los siguientes ajustes: Se referencia plegador final, se le aumenta velocidad al transportador de salida y se ajustan guías.",11/08/2026,9:30:00,11/08/2026,10:30:00,,1:00:00
24320054,ASÉPTICO,TURNO 1,LINEA 2,A3CFLEX,A3CF-SELL-03 /SELLADO LONGITUDINAL,EUSTORGIO,FINALIZADO,TÉCNICO,"Elemento de parada corta en pocision incorrecta. Se le aplica formula mecánica, pero sigue arrojando la falla. Después del fin de la producción por línea, se le coloca tornillo faltante a base de cilindro y se le colocan los racores reguladores originales al mismo. Se realizan pruebas y queda operativo. Falta probar en producción.",11/08/2026,12:30:00,11/08/2026,12:31:00,,0:01:00
6cb4f81d,VACÍO,TURNO 1,LINEA 1,DOMINO,DOM-CAB-09 /CABEZAL,,FINALIZADO,,Se realizan ajustes de posición y retardo para mejorar impresión,11/08/2026,9:01:00,11/08/2026,10:01:00,,1:00:00
70bdb22d,VACÍO,TURNO 1,LINEA 1,EMBALADORA GAMMA,EMB-VEN-08 /VENTOSAS DE VACIO,EUSTORGIO,FINALIZADO,SUPERVISOR,Se ajustan sensores de final de carrera del cilindro de las ventosas porque estaban desenfocados,11/08/2026,10:02:00,11/08/2026,11:03:00,,1:01:00
61872b24,VACÍO,TURNO 1,LINEA 1,ROBOT TAVIL,TAV-TRA-14 /TRNASPORTADORES DE CAJAS,EUSTORGIO,FINALIZADO,SUPERVISOR,Se ajusta posición de sensores de la curva de entrada a batería para evitar atascamiento de cajas,11/08/2026,8:04:00,11/08/2026,8:28:00,,0:24:00
b57a2185,ASÉPTICO,TURNO 2,LINEA 3,A3CFLEX,A3CF-PER-07 /SITEMA PEROXIDO,RICARDO,FINALIZADO,TÉCNICO,"Alarma "" anomalía en el sistema de calentador de peróxido ""  impide el inicio de la esterilización , se cambia la bomba de circulación de agua por la de línea 2 y se soluciona el problema.",11/08/2026,17:00:00,11/08/2026,18:45:00,105,1:45:00
6c17486f,ASÉPTICO,TURNO 2,LINEA 1,TAVIL,TAV-TRA-07 /TRANSPORTADOR BATERIA/LINEA,RICARDO,FINALIZADO,TÉCNICO,Paradas constantes en los Transportadores en la linea de lata generando que línea 1 se detuvieran,11/08/2026,15:00:00,11/08/2026,18:00:00,,3:00:00
fb9cf4ee,ASÉPTICO,TURNO 2,LINEA 3,TAVIL,TAV-TRA-07 /TRANSPORTADOR BATERIA/LINEA,RICARDO,FINALIZADO,TÉCNICO,Cajas de lata atascadas,11/08/2026,19:47:00,11/08/2026,20:01:00,,0:14:00
8f6ea913,ASÉPTICO,TURNO 2,LINEA 3,A3CFLEX,A3CF-REF-20 /SISTEMA REFRIGERACION,RICARDO,FINALIZADO,TÉCNICO,"Fuga de agua en el circuito de agua fría , se corrige cambio racor",11/08/2026,15:00:00,11/08/2026,15:30:00,30,0:30:00
8547a798,VACÍO,TURNO 2,LINEA 1,ROBOT TAVIL,TAV-TRA-07 /TRANSPORTADOR BATERIA/LINEA,RICARDO,FINALIZADO,SUPERVISOR,"Atasco de caja en transportador aéreo, ajuste de guias y sensores",11/08/2026,17:00:00,11/08/2026,18:40:00,,1:40:00
fd9616bc,VACÍO,TURNO 2,LINEA 1,EMBALADORA GAMMA,EMB-SOL-05 /SOLDADOR,RICARDO,FINALIZADO,SUPERVISOR,"Consumo de resistencia en 30 amp, y protección del mismo valor, se disparó en 2 oportunidades y la tercera se remplaza, sin embargo quedó sobredimensionado con uno de 100 amp",11/08/2026,21:00:00,11/08/2026,22:00:00,,1:00:00
63e508ff,VACÍO,TURNO 3,LINEA 1,SELLADORA ANGELUS,SELL-OPE-05 /OPERACIONES DE SELLADO,YOLIANNY,FINALIZADO,SUPERVISOR,Lubricacion rutinaria de operaciones de selladora.,11/08/2026,22:30:00,11/08/2026,22:54:00,,0:24:00
61dceec8,VACÍO,TURNO 3,LINEA 1,EMBALADORA GAMMA,EMB-DES-09 /SISTEMA DESBOBINADO,YOLIANNY,FINALIZADO,SUPERVISOR,Se ajustan tiempos de desbobinado superior e inferior debido a que se observa exceso de desbobinado.,11/08/2026,23:27:00,11/08/2026,23:28:00,,0:01:00
1348a8ac,VACÍO,TURNO 3,LINEA 1,ROBOT TAVIL,TAV-GAR-15 /CORREA SERVO GARRA,YOLIANNY,FINALIZADO,SUPERVISOR,"Ruptura de correa de garra luego de una colisión en batería debido a caja mal posicionada. Se ingresa a almacén de repuestos y se retira correa, se instala la misma quedando operativa.",12/08/2026,0:00:00,12/08/2026,1:00:00,35min para ubicar repuesto debido a protocolo de apertura de almacén de repuestos.,1:00:00
e4447b3e,VACÍO,TURNO 3,LINEA 1,SELLADORA ANGELUS,SELL-DOS-03 /DOSIFICADOR DE NITROGENO,YOLIANNY,FINALIZADO,SUPERVISOR,Dosificador de nitrógeno no dosifica. Al inspeccionar se observa que la electroválvula del dosificador no acciona (la señal no llega) se apaga equipo y se enciende con lo cual comienza a accionar nuevamente. Posible flicker de red.,12/08/2026,4:07:00,12/08/2026,4:14:00,,0:07:00
b4900c7b,VACÍO,TURNO 3,LINEA 1,DOMINO,DOM-ELE-10 /SUMINISTRO ELÉCTRICO,,FINALIZADO,,Domino se apaga repentinamente. Al inspeccionar se observa el conector de alimentación se habia desprendido ligeramente del tomacorriente principal (no hacia buen contacto) se conecta nuevamente y se fija conector a toma.,12/08/2026,4:15:00,12/08/2026,4:24:00,,0:09:00
0d1fb1f7,VACÍO,TURNO 3,LINEA 1,EMBALADORA GAMMA,EMB-MAG-06 /MAGAZING DE CARTONES,YOLIANNY,FINALIZADO,SUPERVISOR,Se realizan ajustes operacionales (junto a operador) en cartonero debido a cajas sin carton. Al inspeccionar se observan las bandejas de cartón deformadas de fabrica (dobladas) operador realiza seleccion ee bandejas y descarta las deformadas.,12/08/2026,1:08:00,12/08/2026,1:08:02,,0:00:02
a773ae7e,VACÍO,TURNO 3,LINEA 1,DOMINO,DOM-PAN-06 /PANEL DE CONTROL,YOLIANNY,FINALIZADO,SUPERVISOR,"Luego del apagado inesperado del equipo, presenta alarma de canalón obstruido. Se realiza limpieza de cabezal (no se observa exceso de tinta en el mismo) se realiza apagado seguro y encendido nuevamente.",12/08/2026,5:06:00,12/08/2026,5:22:00,,0:16:00
7b10476c,ASÉPTICO,TURNO 3,LINEA 1,CBP32,CBP-PLA-04 /PLACA DE TRANSFERENCIA,YOLIANNY,FINALIZADO,TÉCNICO,"Placa de transferencia levanta los últimos 3 envases del patrón de caja,  se ajustan los arrastradores, se cambia pieza 1466338-0000 la cual presentaba mucho desgaste, se ajusta también posición del magazine de bandeja de caja y no obstante se mueve aproximadamente 1cm la posición del cilindro del empujador en sentido de posición inicial a la posición de la bandeja.",12/08/2026,0:50:00,12/08/2026,3:25:00,,2:35:00
a5380656,ASÉPTICO,TURNO 3,LINEA 1,DRINK,DRI-AIR-11 /AIRE COMPRIMIDO,YOLIANNY,FINALIZADO,TÉCNICO,Manguera rota se sustituye y queda operativo,12/08/2026,4:30:00,12/08/2026,4:50:00,,0:20:00
2ad8b757,VACÍO,TURNO 1,LINEA 1,SELLADORA ANGELUS,SELL-OPE-05 /OPERACIONES DE SELLADO,EUSTORGIO,FINALIZADO,SUPERVISOR,Se realiza lubricación rutinaria de inicio de turno en los rodillos de las operaciones de la selladora Angelus,12/08/2026,7:00:00,12/08/2026,7:20:00,,0:20:00
3923e71c,ASÉPTICO,TURNO 1,LINEA 1,CBP32,CBP-NOR-11 /UNIDAD NORDSON,NAVEL,FINALIZADO,TÉCNICO,"Boquilla superior derecha tapada, se reemplaza",12/08/2026,10:30:00,12/08/2026,10:40:00,,0:10:00
c718aa02,ASÉPTICO,TURNO 1,LINEA 1,A3FLEX,A3F-SEG-08 /SISTEMA DE SEGURIDAD,NAVEL,FINALIZADO,TÉCNICO,"Alarma de sistema de seguridad relé en ASU, bornera inferior de PLUTO número cuatro estaba haciendo falso contacto, falla persiste en ocasiones, se debe presionar un poco la bornera para eliminarla",12/08/2026,7:00:00,12/08/2026,8:30:00,,1:30:00
3276f7be,ASÉPTICO,TURNO 1,LINEA 2,A3CFLEX,A3CF-PER-07 /SITEMA PEROXIDO,NAVEL,FINALIZADO,,Se coloca bomba de circulación de agua nueva por causa de que la que estaba en línea 02 se colocó en línea 3 por daño,12/08/2026,14:34:00,12/08/2026,14:34:01,,0:00:01
a2a2fc43,ASÉPTICO,TURNO 1,LINEA 3,CBP32,CBP-GRA-15 /UNIDAD WRAP,NAVEL,FINALIZADO,,"Cilindro prensor superior izquierdo se suelta de su base, se colocan varios tornillos pero faltan los traseros se deja para una parada para darle continuidad a la producción",12/08/2026,13:00:00,12/08/2026,13:20:00,,0:20:00
5e58cc51,ASÉPTICO,TURNO 2,LINEA 1,HELIX,HEL-TRA-10 /TRANSPORTADOES,RICARDO,FINALIZADO,TÉCNICO,Transportador de entrada roto.,12/08/2026,18:38:00,12/08/2026,19:25:00,,0:47:00
2dfa2b0e,VACÍO,TURNO 2,LINEA 1,ROBOT TAVIL,TAV-LLE-03 /PALET LLENO,RICARDO,FINALIZADO,SUPERVISOR,Atasco de paleta por mal armado del  robot,12/08/2026,17:25:00,12/08/2026,18:25:00,,1:00:00
ec944c1c,VACÍO,TURNO 2,LINEA 1,LLENADORA ELMAR,LLE-VAL-05 /VALVULAS DE LLENADO,RICARDO,FINALIZADO,SUPERVISOR,"Electroválvula de llenado automático no activa, se remplaza bobina y electrovalvula",12/08/2026,21:27:00,12/08/2026,22:27:00,,1:00:00
6daed907,VACÍO,TURNO 3,LINEA 1,SELLADORA ANGELUS,SELL-OPE-05 /OPERACIONES DE SELLADO,YOLIANNY,FINALIZADO,SUPERVISOR,Lubricacion de operaciones inicio de turno.,12/08/2026,22:30:00,12/08/2026,22:40:00,,0:10:00
8ecb87c0,VACÍO,TURNO 3,LINEA 1,VA Y VEN,VAY-MOT-01 /MOTOREDUCTOR,YOLIANNY,FINALIZADO,SUPERVISOR,"Vaivén 1 no acciona. Al inspeccionar se observa cable de alimentación desconectado. Se empalma y refuerzan las conexiones de los cables de alimentación, quedando operativo.",12/08/2026,22:55:00,12/08/2026,23:10:00,,0:15:00
4ef9521f,VACÍO,TURNO 3,LINEA 1,ROBOT TAVIL,TAV-TRA-14 /TRNASPORTADORES DE CAJAS,YOLIANNY,FINALIZADO,SUPERVISOR,Giro de cajas en tramo 4. Se ajustan guias de tramo aéreo #4.,12/08/2026,23:50:00,13/08/2026,0:15:00,,0:25:00
81eb176d,VACÍO,TURNO 3,LINEA 1,ROBOT TAVIL,TAV-TRA-07 /TRANSPORTADOR BATERIA/LINEA,YOLIANNY,FINALIZADO,SUPERVISOR,Atasco de cajas en curva de entrada de robot debido a desenfoque de sensores de bateria. Se enfocan nuevamente,13/08/2026,3:40:03,13/08/2026,4:20:22,N/A,0:40:19
7525f492,ASÉPTICO,TURNO 3,LINEA 1,A3FLEX,A3F-SEG-08 /SISTEMA DE SEGURIDAD,YOLIANNY,FINALIZADO,TÉCNICO,"⛓️‍💥Falla: Puerta abierta.
🛠️Causa: Adam y Eva dañado, puerta plegadora izquierda. 
🪛Solución: Se reemplaza sensor.",13/08/2026,1:20:00,13/08/2026,1:35:00,0,0:15:00
a29976fe,ASÉPTICO,TURNO 3,LINEA 1,TAVIL,TAV-TRA-07 /TRANSPORTADOR BATERIA/LINEA,YOLIANNY,FINALIZADO,SUPERVISOR,Atasco y giro de cajas en batería en robot de aluminio,13/08/2026,1:00:41,13/08/2026,2:27:00,N/A,1:26:19
b6ddb8dd,ASÉPTICO,TURNO 3,LINEA 3,TAVIL,TAV-TRA-07 /TRANSPORTADOR BATERIA/LINEA,YOLIANNY,FINALIZADO,SUPERVISOR,Atasco de cajas en bateria y linea de aluminio,13/08/2026,1:00:09,13/08/2026,2:06:49,N/A,1:06:40
7917c6bf,ASÉPTICO,TURNO 1,LINEA 1,HELIX,HEL-TPO-01 /TPOP DISPLAY,EUSTORGIO,FINALIZADO,TÉCNICO,"Alarma de puerta abierta, se coloca tina 1 a puerta de protección de motores y quita alarma.",13/08/2026,9:40:00,13/08/2026,10:00:00,,0:20:00
722cf9cf,ASÉPTICO,TURNO 1,LINEA 1,CBP32,CBP-TRA-10 /TRANSPORTADORES,EUSTORGIO,FINALIZADO,TÉCNICO,"Se rompe transportador de entrada de CBP32, se le colocan los eslabones faltantes, se arranca y queda operativa.",13/08/2026,10:15:00,13/08/2026,10:40:00,,0:25:00
cc418972,VACÍO,TURNO 1,LINEA 1,SELLADORA ANGELUS,SELL-OPE-05 /OPERACIONES DE SELLADO,EUSTORGIO,FINALIZADO,SUPERVISOR,Se lubrican rodillos de operaciones.,13/08/2026,7:00:00,13/08/2026,7:15:00,,0:15:00
5453443a,ASÉPTICO,TURNO 1,LINEA 2,CBP32,CBP-NOR-11 /UNIDAD NORDSON,EUSTORGIO,FINALIZADO,TÉCNICO,"Solapa inferior derecha despegada, por posición incorrecta de boquilla. Se ajusta y queda operativa.",13/08/2026,12:40:00,13/08/2026,12:50:00,,0:10:00
7c681578,VACÍO,TURNO 1,LINEA 1,EMBALADORA GAMMA,EMB-VEN-08 /VENTOSAS DE VACIO,EUSTORGIO,FINALIZADO,SUPERVISOR,Se ajusta tiempo de vacío de las ventosas y se regula presión de aire del cilindro neumático.,13/08/2026,14:00:00,13/08/2026,14:44:00,,0:44:00
1fa50b08,ASÉPTICO,TURNO 2,LINEA 3,CBP32,CBP-SEN-16 /SENSOR BANDEJA,RICARDO,FINALIZADO,TÉCNICO,"Colisión de solapa lateral derecha contra la placa del sensor , se adelanta placa",13/08/2026,20:00:00,13/08/2026,20:15:00,15,0:15:00
79f91b86,ASÉPTICO,TURNO 2,LINEA 3,A3CFLEX,A3CF-PULL-18 /PULL DOWN PLEGADORA,RICARDO,FINALIZADO,TÉCNICO,"Solapa  superior derecho del envase con plegado inverso , se ajusta altura y centrado en la guía ubicada debajo de dispositivo de calentamiento de la solapa",13/08/2026,16:00:00,13/08/2026,16:10:00,10,0:10:00
5b8608ed,VACÍO,TURNO 2,LINEA 1,ROBOT TAVIL,TAV-GAR-06 /GUIAS/RODAMIENTOS GARRA,RICARDO,FINALIZADO,SUPERVISOR,Colisión de garra por manguera de aire rota,13/08/2026,18:00:00,13/08/2026,19:00:00,,1:00:00
9b8b380b,VACÍO,TURNO 2,LINEA 1,EMBALADORA GAMMA,EMB-PAN-02 /PANEL DE CONTROL,RICARDO,FINALIZADO,TÉCNICO,Falla en el selector del panel de la embaladora,13/08/2026,20:34:00,13/08/2026,20:50:00,,0:16:00
4600c916,VACÍO,TURNO 3,LINEA 1,SELLADORA ANGELUS,SELL-OPE-05 /OPERACIONES DE SELLADO,YOLIANNY,FINALIZADO,SUPERVISOR,Lubricacion de operaciones. Inicio de turno.,13/08/2026,22:30:00,13/08/2026,22:36:00,,0:06:00
a3820da5,ASÉPTICO,TURNO 3,LINEA 3,TAVIL,TAV-COM-13 /PERDIDA DE COMUNICACION,YOLIANNY,FINALIZADO,SUPERVISOR,Robot muestra en mando de operador alarma de colisión detectada y error de canopen en panel de control al buscar la camada de 4 cajas en batería. No se observa colisión fisica aparente pero no permite realizar movimiento manual por lo que se apaga durante unos minutos y luego vuelve a encenderse se lleva a su home position y se reinicia ciclo automatico. Sin embargo el equipo no va a la busqueda de cajas en batería. Se informan novedades a turno entrante para continuar intervención.,14/08/2026,6:30:00,14/08/2026,7:00:00,,0:30:00
22f84270,ASÉPTICO,TURNO 1,LINEA 2,FW32,FW-FRE-02 /UNIDAD FRENO DE ENTRADA,NAVEL,FINALIZADO,TÉCNICO,"Descarte de envases, se ajusta guía de entrada al freno y posición de pitillo en pitilladora de 5 a 9",14/08/2026,8:05:00,14/08/2026,8:15:00,,0:10:00
1ea85584,ASÉPTICO,TURNO 1,LINEA 3,FW32,FW-AGR-03 /UNIDAD AGRUPADORA,NAVEL,FINALIZADO,TÉCNICO,"Base de guía y receptor de sensor contador flojo ocasiona mala lectura en contador, se ajusta",14/08/2026,11:00:00,14/08/2026,11:25:00,,0:25:00
4d43a0ce,ASÉPTICO,TURNO 1,LINEA 1,DOMINO,DOM-CAB-09 /CABEZAL,RICARDO,FINALIZADO,TÉCNICO,Canalón obstruido,17/08/2026,12:00:00,17/08/2026,12:20:00,,0:20:00
c8714b10,ASÉPTICO,TURNO 2,LINEA 1,CAP,CAP-PAN-09 /PANEL DE CONTROL,YOLIANNY,FINALIZADO,TÉCNICO,"⛓️‍💥Falla: Comunicación.
🛠️Causa: Desconocida.
🪛Solución: Se resetea PLC, se carga receta nuevamente en LC.",17/08/2026,16:30:00,17/08/2026,16:48:00,0,0:18:00
c36d4dee,ASÉPTICO,TURNO 2,LINEA 1,A3FLEX,A3F-SEG-11 /SISTEMA SEGURIDAD,YOLIANNY,FINALIZADO,TÉCNICO,"⛓️‍💥Falla: Puerta abierta.
🛠️Causa: Adam dañado.
🪛Sobrecalentamiento.",17/08/2026,17:44:00,17/08/2026,17:54:00,0,0:10:00
5408f95d,ASÉPTICO,TURNO 2,LINEA 1,HELIX,HEL-PAN-09 /PANEL DE CONTROL,YOLIANNY,FINALIZADO,TÉCNICO,"⛓️‍💥Falla: puerta abierta.
🛠️Causa:Desconocida.
🪛Solución: Se reemplaza Adam, sigue pendiente.",17/08/2026,22:00:00,17/08/2026,22:30:00,0,0:30:00
2573ddba,ASÉPTICO,TURNO 2,LINEA 3,CBP32,CBP-NOR-11 /UNIDAD NORDSON,YOLIANNY,FINALIZADO,TÉCNICO,"⛓️‍💥Falla: Solapa despegada.
🛠️Causa: Punto de pega en posición incorrecta.
🪛Solución: Se ajusta altura de pistola.",17/08/2026,16:00:00,17/08/2026,16:15:00,0,0:15:00
edca9884,ASÉPTICO,TURNO 2,LINEA 3,A3CFLEX,A3CF-MOR-14 /MORDAZAS,YOLIANNY,FINALIZADO,TÉCNICO,"⛓️‍💥Falla: Ajuste de Volumen.
🛠️Causa: Correa de volumen rota.
🪛Solución: se reemplaza correa.",17/08/2026,16:25:00,17/08/2026,16:46:00,0,0:21:00
da98e69a,ASÉPTICO,TURNO 3,LINEA 1,HELIX,HEL-TPO-01 /TPOP DISPLAY,EUSTORGIO,FINALIZADO,TÉCNICO,"Alarma de puerta abierta,  se coloca Adán y Eva directo a tina , por puerta guarda de motores, se presume cable malo.",18/08/2026,22:30:00,18/08/2026,22:35:00,,0:05:00
e3442b37,ASÉPTICO,TURNO 3,LINEA 1,CAP,CAP-TPO-01 /TPOPDISPLAY,EUSTORGIO,FINALIZADO,TÉCNICO,"Falla de comunicación con controlador de línea. Se saca máquina  de LC por instante y luego se vuelve a colocar, quedando operativa nuevamente.",18/08/2026,5:20:00,18/08/2026,5:30:00,,0:10:00
667027bb,ASÉPTICO,TURNO 3,LINEA 2,HELIX,HEL-TPO-01 /TPOP DISPLAY,EUSTORGIO,FINALIZADO,TÉCNICO,Alarma de puerta abierta.  Primera puerta del lado derecho con Adam y Eva flojo. Se ajusta y queda operativa.,18/08/2026,2:30:00,18/08/2026,2:40:00,,0:10:00
f943c23d,ASÉPTICO,TURNO 3,LINEA 3,FW32,FW-TRA-06 /UNIDAD TRANSF TREEPACK,EUSTORGIO,FINALIZADO,TÉCNICO,"Entrada mala de  envases en lado derecho, hacia estación de sellado, ocacionando caídas. Se ajusta pala derecha ya que se encontraba floja.",18/08/2026,1:30:00,18/08/2026,1:50:00,,0:20:00
f5ca729d,ASÉPTICO,TURNO 3,LINEA 3,HELIX,HEL-TRA-10 /TRANSPORTADOES,EUSTORGIO,FINALIZADO,TÉCNICO,"transportador de salida de helix con vibración, causando envases caídos. Se le realiza aclarado en 2 ocasiones, queda en observación.",18/08/2026,3:45:00,18/08/2026,4:00:00,,0:15:00
31d3fa53,ASÉPTICO,TURNO 1,LINEA 1,CBP32,CBP-EMP-05 /EMPUJADOR,RICARDO,FINALIZADO,TÉCNICO,"Bloqueo de la placa del empujador, se ajusta ya presentó muchos desajustes y se modifica la velocidad de su actuador neumático",18/08/2026,9:00:00,18/08/2026,9:30:00,30,0:30:00
d0fae478,ASÉPTICO,TURNO 1,LINEA 1,CBP32,CBP-AGR-03 /AGRUPADOR,RICARDO,FINALIZADO,TÉCNICO,"Agrupador fuera de posición , se intenta referenciar por TPOP pero no se llegó a la medida exacta  , queda pendiente fuera de producción afinar esa medida",18/08/2026,10:00:00,18/08/2026,10:20:00,20,0:20:00
153cca3a,ASÉPTICO,TURNO 1,LINEA 1,CBP32,CBP-NOR-11 /UNIDAD NORDSON,RICARDO,FINALIZADO,TÉCNICO,"Bloqueo de la placa tope de transferencia debido a Acumulación de pega en su riel guía, se consiguió punto de pega fuera de posición el cuel se ajusto por TPOP",18/08/2026,13:30:00,18/08/2026,13:38:00,8,0:08:00
a1eddaf0,ASÉPTICO,TURNO 1,LINEA 2,HELIX,HEL-TPO-01 /TPOP DISPLAY,RICARDO,FINALIZADO,TÉCNICO,"Constante alarma en el TPOP por puerta abierta, se soluciona colocando un candado",18/08/2026,14:20:00,18/08/2026,14:40:00,,0:20:00
fd2e3db3,VACÍO,TURNO 2,LINEA 3,PICKHEATER,PICK-PRE-08 /VALVULA REGULADORA DE PRESION,YOLIANNY,FINALIZADO,SUPERVISOR,"Se reemplaza o-ring, se arma nuevamente y se instala válvula reguladores de presión.",18/08/2026,16:06:00,18/08/2026,16:06:02,,0:00:02
32e9baea,ASÉPTICO,TURNO 2,LINEA 1,TAVIL,TAV-MOT-05 /MOTOREDUCTORES,YOLIANNY,FINALIZADO,SUPERVISOR,"Ruptura de correa de empujador de linea 1 (salida de CBP32) De reemplaza la misma, quedando operativa.",18/08/2026,19:32:00,18/08/2026,19:42:00,,0:10:00
524f550b,ASÉPTICO,TURNO 2,LINEA 1,TAVIL,TAV-AIR-12 /AIRE COMPRIMIDO,YOLIANNY,FINALIZADO,SUPERVISOR,Correccion de fuga neumática bajo plataforma.,18/08/2026,18:11:00,18/08/2026,18:33:00,,0:22:00
d17dc2eb,ASÉPTICO,TURNO 2,LINEA 2,TAVIL,TAV-TRA-07 /TRANSPORTADOR BATERIA/LINEA,YOLIANNY,FINALIZADO,SUPERVISOR,Ruptura de correa de rodillos transportadores en línea litro,18/08/2026,18:10:00,18/08/2026,18:22:00,,0:12:00
5fb53199,ASÉPTICO,TURNO 2,LINEA 2,TAVIL,TAV-AIR-12 /AIRE COMPRIMIDO,YOLIANNY,FINALIZADO,SUPERVISOR,Corrección de fuga neumática bajo plataforma.,18/08/2026,19:22:00,18/08/2026,19:36:00,,0:14:00
bd9f33fb,ASÉPTICO,TURNO 2,LINEA 3,TAVIL,TAV-AIR-12 /AIRE COMPRIMIDO,YOLIANNY,FINALIZADO,SUPERVISOR,Corrección neumática bajo plataforma de robot de litro.,18/08/2026,19:16:00,18/08/2026,19:42:00,,0:26:00
35d0985e,ASÉPTICO,TURNO 2,LINEA 2,CBP32,CBP-PLA-04 /PLACA DE TRANSFERENCIA,YOLIANNY,FINALIZADO,TÉCNICO,"Riel guía de transferencia fuera de posición, se ajusta el sensor y queda operativa.",18/08/2026,15:00:00,18/08/2026,15:10:00,,0:10:00
d6563a98,ASÉPTICO,TURNO 3,LINEA 2,A3CFLEX,A3CF-TRA-10 /TRANSPORTADORES,EUSTORGIO,FINALIZADO,TÉCNICO,"Giro de envases en la salida de la plegadora, se ajustan guías y se lubrica",18/08/2026,23:30:00,19/08/2026,23:30:01,,0:00:01
bedb820a,ASÉPTICO,TURNO 2,LINEA 1,TAVIL,TAV-VAC-02 /PALET VACÍO,YOLIANNY,FINALIZADO,TÉCNICO,"⛓️‍💥Falla: Paleta atascada.
🛠️Causa: Paletas con defecto.
🪛Solución: movimiento forzado.",19/08/2026,15:44:00,19/08/2026,15:49:00,0,0:05:00
2247106f,ASÉPTICO,TURNO 2,LINEA 1,CBP32,CBP-GRA-15 /UNIDAD WRAP,YOLIANNY,FINALIZADO,TÉCNICO,"⛓️‍💥Falla: Caja despegada.
🛠️Causa: prensa superior no baja.
🪛Solución: Se ajusta posición de brazo vasculante, y cilindros topes.",19/08/2026,17:27:00,19/08/2026,17:44:00,0,0:17:00
20567c7d,ASÉPTICO,TURNO 2,LINEA 1,A3FLEX,A3F-MOR-14 /MORDAZAS,YOLIANNY,FINALIZADO,TÉCNICO,"⛓️‍💥Falla: Formación de envases.
🛠️Causa: Signados movidos.
🪛Solución: Se ajusta presión de rodillos de guía de papel, y se ajusta posición de la guía de papel.",19/08/2026,20:46:00,19/08/2026,21:13:00,0,0:27:00
8e361b28,ASÉPTICO,TURNO 1,LINEA 1,A3FLEX,A3F-COR-17 /CORREA ALIM PLEGADORA,RICARDO,FINALIZADO,TÉCNICO,"El envase se estaban formando al revés, se ajustan medidas correspondientes según manual",20/08/2026,10:00:00,20/08/2026,11:00:00,,1:00:00
cd771ecb,ASÉPTICO,TURNO 1,LINEA 1,CBP32,CBP-GRA-15 /UNIDAD WRAP,RICARDO,FINALIZADO,TÉCNICO,"Cajas deformadas, se ajusta la prensa y punto de pega",20/08/2026,11:00:00,20/08/2026,11:23:00,,0:23:00
01a11fdb,ASÉPTICO,TURNO 2,LINEA 1,CBP32,CBP-GRA-15 /UNIDAD WRAP,YOLIANNY,FINALIZADO,TÉCNICO,Solapa de envoltura despegada se ajustan cilindros topes de salida de Cbp32 y se le quitan los brazos basculantes del frente de la caja.,20/08/2026,17:02:00,20/08/2026,17:43:00,,0:41:00
9124137b,ASÉPTICO,TURNO 2,LINEA 2,HELIX,HEL-ARA-04 /ARAÑA,YOLIANNY,FINALIZADO,TÉCNICO,"Atasco de la araña, se le realiza aclarado al helix y queda operativo",20/08/2026,15:17:00,20/08/2026,15:28:00,,0:11:00
6ecec3c3,ASÉPTICO,TURNO 2,LINEA 2,FW32,FW-MAG-04 /MAGAZING DE BOBINAS,YOLIANNY,FINALIZADO,TÉCNICO,"Envases inclinados en el freno se ajusta posición del pitillo y queda operativa no obstante el polietileno se reventaba y se salían los envases, porque el rodillo tensor se salio de su base por falta de retén. Se ajusta rodillo y queda operativa pero falta el retén.",20/08/2026,15:41:00,20/08/2026,16:24:00,,0:43:00
6397f31f,ASÉPTICO,TURNO 2,LINEA 2,CBP32,CBP-MAG-13 / MAGAZINE DE CARTONES,YOLIANNY,FINALIZADO,TÉCNICO,"Durante el turno se presentan diversas novedades destacando solapas despegadas la cual era causada por mala posición de la bandeja en los arrastrasores, se ajusta magazine y guías de bandeja, tanto en guías de espera y guías de caída. Quedando operativa.",20/08/2026,19:07:00,20/08/2026,19:49:00,,0:42:00
32a06378,ASÉPTICO,TURNO 3,LINEA 1,A3FLEX,A3F-COR-17 /CORREA ALIM PLEGADORA,EUSTORGIO,FINALIZADO,TÉCNICO,"Solapa inferior izquierda despegada, se realizaron diversos ajustes en la plegadora como: medidas a la entrada de la plegadora, ajuste de guías, ajuste de altura d ella sopladores, pruebas con distintos valores de compensación, sin obtener resultados satisfactorios, a las 4:20 am, el supervisor de producción indica que no se puede seguir realizando pruebas y ajustes, ya que la merma para esa hora era del 14% de 5 paletas producidas, y la misma es muy alta, por lo que decide tumbar programa para realizar limpieza y dejar la máquina a disposición de mantenimiento sin embargo aclara q no se podía arrancar nuevamente para evitar aumento de envases descartados.",21/08/2026,0:00:00,21/08/2026,4:00:00,,4:00:00
9dcb96c9,ASÉPTICO,TURNO 1,LINEA 1,A3FLEX,A3F-PULL-18 /PULL DOWN PLEGADORA,RICARDO,FINALIZADO,TÉCNICO,"Solapa inferior izquierda despegada, se ajusta resistencia del calentador.",21/08/2026,7:00:00,21/08/2026,8:40:00,,1:40:00
358c64ec,ASÉPTICO,TURNO 1,LINEA 1,A3FLEX,A3F-CORT-15 /BRAZO DE CORTE,RICARDO,FINALIZADO,TÉCNICO,"Corte defectuoso por desgaste en las cuchillas, se reemplazan las cuchillas.",21/08/2026,8:40:00,21/08/2026,10:20:00,,1:40:00
787c17bd,ASÉPTICO,TURNO 1,LINEA 1,A3FLEX,A3F-PRE-19 /DISPOSITIVO PRENSOR,RICARDO,FINALIZADO,TÉCNICO,"Incorrecta formación del envase, se realizan ajustes de guías de papel.",21/08/2026,10:20:00,21/08/2026,12:00:00,,1:40:00
4f8d82fa,ASÉPTICO,TURNO 1,LINEA 3,A3CFLEX,A3CF-HI-27/BAJO FLUJO HI,YOLIANNY,FINALIZADO,TÉCNICO,"Fuga en tuberia de salida del válvula check,en el calentador de hi. Se desmonta calentador y se deja para realizar reparación",24/08/2026,12:00:00,24/08/2026,15:00:00,,3:00:00
5c1615d7,ASÉPTICO,TURNO 1,LINEA 3,A3CFLEX,A3CF-AIR-05 /SISTEMA AIRE ESTERIL,YOLIANNY,FINALIZADO,TÉCNICO,"No realiza limpieza química, por bajo nivel de ácido. 
Causa: conector de medidor de nivel malo. 
Solución: se realiza puente en conector por poder realizar limpieza. Queda pendiente colocar conector nuevo",24/08/2026,10:00:00,24/08/2026,10:20:00,,0:20:00
c7aeff23,ASÉPTICO,TURNO 2,LINEA 1,A3FLEX,A3F-MOR-14 /MORDAZAS,EUSTORGIO,FINALIZADO,TÉCNICO,"⛓️‍💥Falla: Baja presión, sistema de lubricación.
🛠️Causa: Fuga de aceite.
🪛Solución: Se chequea tuberías de lubricación, mordazas, plegadora, y se encontró manómetro con fuga, se condena manómetro.",24/08/2026,18:19:00,24/08/2026,19:19:00,20,1:00:00
9a5c4f4c,ASÉPTICO,TURNO 2,LINEA 1,A3FLEX,A3F-AIR-05 /SISTEMA AIRE ESTERIL,EUSTORGIO,FINALIZADO,TÉCNICO,"Falla en línea 3, impide arrancar, por flujo alto proveniente del Flex.",24/08/2026,15:00:00,24/08/2026,19:00:00,0,4:00:00
f93b86c5,ASÉPTICO,TURNO 2,LINEA 2,A3CFLEX,A3CF-MOR-14 /MORDAZAS,EUSTORGIO,FINALIZADO,TÉCNICO,Falla: impide arrancar por falla Generada en otras líneas. Flujo del flex,24/08/2026,17:00:00,24/08/2026,20:10:00,0,3:10:00
2e2e74a4,ASÉPTICO,TURNO 2,LINEA 3,A3CFLEX,A3CF-AIR-05 /SISTEMA AIRE ESTERIL,EUSTORGIO,FINALIZADO,TÉCNICO,"Falla: Parada por reparación de calentador de HI, paradas Generada por fallas en otras líneas, debido al flujo del flex.",24/08/2026,15:00:00,24/08/2026,20:00:00,0,5:00:00
3dc5fe31,ASÉPTICO,TURNO 3,LINEA 1,A3FLEX,A3F-MOR-14 /MORDAZAS,RICARDO,FINALIZADO,TÉCNICO,"Baja presión de aceite de lubricacion centralizada, se verifica presión de la bomba,se corrige fuga de aceite y se puentea la señal del presostato ya que se encontraba pegada la señal ( nº de parte 90274-0084)",25/08/2026,0:00:00,25/08/2026,4:01:00,,4:01:00
0380f34b,VACÍO,TURNO 1,LINEA 3,LLENADORA ELMAR,LLE-PIS-07 /PISTONES,YOLIANNY,FINALIZADO,SUPERVISOR,Reemplazo de bloques guías de pistones #16 y #28,25/08/2026,10:01:00,25/08/2026,10:02:00,,0:01:00
3c2bf2b4,ASÉPTICO,TURNO 1,LINEA 1,A3FLEX,A3F-PULL-18 /PULL DOWN PLEGADORA,YOLIANNY,FINALIZADO,TÉCNICO,"Envases deformados, solapa inferior despegada y solapas superiores deformadas. Se ajustan las levas dobladorAS de solapas, brazo de pull down, la guía que está abajo de la flauta y se le colocan las arandelas a la flauta ya que la que tenía estaba desgastada y presentaba fuga.",25/08/2026,7:20:00,25/08/2026,11:11:00,,3:51:00
ff1f91d4,ASÉPTICO,TURNO 1,LINEA 3,A3CFLEX,A3CF-AIR-26 /AIRE COMPRIMIDO,YOLIANNY,FINALIZADO,TÉCNICO,La máquina presenta falla de presión baja en suministro de aire cuando se solicita el empalme lo cual hace que la máquina pare y al arrancar entra en corrección de diseño.,25/08/2026,7:07:00,25/08/2026,7:38:00,,0:31:00
95d164e1,ASÉPTICO,TURNO 1,LINEA 3,A3CFLEX,A3CF-PER-07 /SITEMA PEROXIDO,YOLIANNY,FINALIZADO,TÉCNICO,"Máquina no recarga peróxido, se cambia la bobina del sistema de recarga",25/08/2026,7:50:00,25/08/2026,8:02:00,,0:12:00
f432a922,ASÉPTICO,TURNO 1,LINEA 3,A3CFLEX,A3CF-LLE-06 /SISTEMA DE LLENADO,YOLIANNY,FINALIZADO,TÉCNICO,Diferencia de volumen lo cual era ocasionado porque a la llenadora le hace falta la correa de las levas de volumen.,25/08/2026,12:56:00,25/08/2026,13:20:00,,0:24:00
2c2de428,ASÉPTICO,TURNO 2,LINEA 1,A3FLEX,A3F-PULL-18 /PULL DOWN PLEGADORA,EUSTORGIO,FINALIZADO,TÉCNICO,"Deformación de envase en la entrada de la plegadora, se verificaron y se ajustaron las medidas correspondientes al sistema de entrada ( correa, placa empujadora, frenos, centrado de prensa, longitud de dobladores de solapa, distancia de dobladores de solapa con flaps) habiendo una considerable mejora y pero aún arrojando envases deformados en baja frecuencia, aún en monitoreo",25/08/2026,19:00:00,25/08/2026,22:00:00,,3:00:00
52435fdd,VACÍO,TURNO 2,LINEA 3,TECMI,TEC-CAD-03 /CADENA DE CARTON,EUSTORGIO,FINALIZADO,SUPERVISOR,De sincronización de cadena en 2 oportunidades en el turno,25/08/2026,17:10:00,25/08/2026,17:22:00,0,0:12:00
f42dbf58,VACÍO,TURNO 2,LINEA 3,TRANSPORTADORES,TRAN-GUI-08 /GUIAS,EUSTORGIO,FINALIZADO,SUPERVISOR,"Se rompe transportador de salida del túnel de línea, de debió reemplazar eslabones",25/08/2026,21:10:00,25/08/2026,22:00:00,15,0:50:00
e049e6e6,ASÉPTICO,TURNO 2,LINEA 1,TAVIL,TAV-TRA-07 /TRANSPORTADOR BATERIA/LINEA,EUSTORGIO,FINALIZADO,TÉCNICO,Remplazo de correa 1320mm por 25mm,25/08/2026,22:19:00,25/08/2026,22:22:00,1,0:03:00
f7f3a001,ASÉPTICO,TURNO 3,LINEA 1,A3FLEX,A3F-PULL-18 /PULL DOWN PLEGADORA,RICARDO,FINALIZADO,TÉCNICO,"Envases con sola despegada , se limpian orificios de los  picos de calefacción",26/08/2026,0:30:00,26/08/2026,1:30:00,60,1:00:00
dd881028,ASÉPTICO,TURNO 3,LINEA 1,A3FLEX,A3F-PULL-18 /PULL DOWN PLEGADORA,RICARDO,FINALIZADO,TÉCNICO,"Entrada inestable del envase en la plegadora , se han chequeado medidas con ajustes finos, sin embargo no se ha obtenido el  100% del funcionamiento , saliendo ocasionalmente algunos envases con picos mál plegados",26/08/2026,2:00:00,26/08/2026,3:00:00,60,1:00:00
cdca1a51,ASÉPTICO,TURNO 1,LINEA 1,CBP32,CBP-GRA-15 /UNIDAD WRAP,YOLIANNY,FINALIZADO,TÉCNICO,"Causa: solapa de bandeja despegada
Solución : se ajusta prensa superior y cilindros tope",26/08/2026,10:00:00,26/08/2026,10:35:00,35,0:35:00
be507c95,ASÉPTICO,TURNO 1,LINEA 1,A3FLEX,A3F-REF-20 /SISTEMA REFRIGERACION,YOLIANNY,FINALIZADO,TÉCNICO,"Causa : Baja presión de agua enfriamiento 
Solución: se realiza purga y se recarga nuevamente el sistema, se monitorea que no hayan fugas. Queda en observación",26/08/2026,10:43:00,26/08/2026,10:51:00,8,0:08:00
879cd21c,VACÍO,TURNO 1,LINEA 3,TRANSPORTADORES,TRAN-CAD-03 /CADENA TABLETOP,YOLIANNY,FINALIZADO,SUPERVISOR,Ruptura de cadena #2 de transportador #15 debido a trancamiento por residuos de vidrios. Se retiran trozos de vidrio atascados y se une nuevamente. Quedando operativo. Se informa novedad a supervisor de producción para que esten atentos de la limpieza de residuos à fin de evitar esfos trancamientos.,26/08/2026,7:00:00,26/08/2026,7:30:00,,0:30:00
059f19cc,ASÉPTICO,TURNO 1,LINEA 2,CBP32,CBP-PLA-04 /PLACA DE TRANSFERENCIA,YOLIANNY,FINALIZADO,TÉCNICO,"Alarma de puerta abierta. Eden de puerta izquierda del empujador malo, se coloca una tina.",26/08/2026,13:15:00,26/08/2026,13:20:00,,0:05:00
7c55017d,VACÍO,TURNO 1,LINEA 3,ETIQUETADORA,ETIQ-MAG-07 /MAGAZIN DE ETIQUETAS,YOLIANNY,FINALIZADO,SUPERVISOR,"Mal etiquetado de envases. Se observan etiquetas pandeadas de fabrica, lo que ocasiona que no queden totalmente sujetas en magazine y sean mal dosificadas. Por lo que de durante el turno se realiza acompañamiento a operador realizando seleccion de etiquetas en mejores condiciones y ajustes de uñas.",26/08/2026,7:30:00,26/08/2026,7:30:03,,0:00:03
36e8c87c,VACÍO,TURNO 1,LINEA 3,ETIQUETADORA,ETIQ-MAG-07 /MAGAZIN DE ETIQUETAS,YOLIANNY,FINALIZADO,SUPERVISOR,Ruptura de uña lateral fabricada. Se adapta otra y se instala con lo cual permite dar continuidad a la producción.,26/08/2026,12:00:00,26/08/2026,12:30:00,15,0:30:00
b08c917c,ASÉPTICO,TURNO 2,LINEA 2,FW32,FW-SELL-05 /UNIDAD DE SELLADO,EUSTORGIO,FINALIZADO,TÉCNICO,"⛓️‍💥Falla: Sellado débil, sellados encontrados.
🛠️Causa: Falta de temperatura y diferencia de peso de bobinas.
🪛Solución: Se ajusta valor de temperatura, y se intercambian bobinas.",26/08/2026,16:10:00,26/08/2026,16:39:00,0,0:29:00
d0b1d989,ASÉPTICO,TURNO 2,LINEA 2,A3CFLEX,A3CF-TRA-24 /TRANSPORTADORES,EUSTORGIO,FINALIZADO,TÉCNICO,"⛓️‍💥Falla: Giro de envases en curva.
🛠️Causa: Rose con barandas.
🪛Solución: Se ajusta barandas.",26/08/2026,18:00:00,26/08/2026,18:08:00,0,0:08:00
09d0422a,ASÉPTICO,TURNO 2,LINEA 2,A3CFLEX,A3CF-MES-21 /MESA DE EMPALME,EUSTORGIO,FINALIZADO,TÉCNICO,"⛓️‍💥Falla: Fallo de secuencia de empalme, interrumpida.
🛠️Causa: Desconocida.",26/08/2026,18:36:00,26/08/2026,19:00:00,0,0:24:00
9c973d52,VACÍO,TURNO 2,LINEA 3,TRANSPORTADORES,TRAN-CAD-03 /CADENA TABLETOP,EUSTORGIO,FINALIZADO,SUPERVISOR,"Transportador roto, se debieron reemplazar 8 eslabones",26/08/2026,19:50:00,26/08/2026,20:30:00,30,0:40:00
82d45a8b,VACÍO,TURNO 2,LINEA 3,TECMI,TEC-VEN-02 /VENTOSAS DE VACIO,EUSTORGIO,FINALIZADO,,Sustitución de válvula de efecto Venturi,26/08/2026,20:50:00,26/08/2026,21:10:00,5,0:20:00
160461b2,ASÉPTICO,TURNO 3,LINEA 1,CAP,CAP-PAN-09 /PANEL DE CONTROL,RICARDO,FINALIZADO,TÉCNICO,"Falla constante de tarjeta de ETHERNET, se procede a sacar la máquina del líne control y la máquina también se saca de linea",27/08/2026,4:00:00,27/08/2026,4:51:00,,0:51:00
82e9648f,ASÉPTICO,TURNO 1,LINEA 1,FLEX,FLEX-TER-02 /TERMOCUPLAS,YOLIANNY,FINALIZADO,TÉCNICO,"Se daña Termocupla Tsl42, lo que ocasiona caída del felx, se sustituye por una nueva",27/08/2026,11:30:00,27/08/2026,14:23:00,,2:53:00
b4b221d0,ASÉPTICO,TURNO 1,LINEA 1,A3FLEX,A3F-MOR-14 /MORDAZAS,YOLIANNY,FINALIZADO,TÉCNICO,"Se reemplazan mangueras rotas de sistema de lubricación centralizada, se recarga aceite y se devuelve bypass realizado en presostato, quedando el sistema operativo y sin alarma",27/08/2026,14:27:00,27/08/2026,14:27:01,,0:00:01
753bfa5b,VACÍO,TURNO 1,LINEA 3,ETIQUETADORA,ETIQ-MAG-07 /MAGAZIN DE ETIQUETAS,YOLIANNY,FINALIZADO,SUPERVISOR,Mal etiquetado. Se reemplaza uña lateral de magazine y se realizan ajustes operacionales de puesta a punto (junto a operador),27/08/2026,10:35:00,27/08/2026,11:30:00,10min,0:55:00
6fb184d3,VACÍO,TURNO 1,LINEA 3,TANQUE COCCION,TAN-VAL-03 /VALVULA DE VAPOR,YOLIANNY,FINALIZADO,SUPERVISOR,Se reemplaza válvula bypass manual de entrada de vapor de tanque de cocción #1 debido a fuga de vapor presente.,27/08/2026,9:00:00,27/08/2026,9:45:00,,0:45:00
5a227c2e,VACÍO,TURNO 1,LINEA 3,TANQUE COCCION,TAN-BOM-02 /BOMBA POSITIVA,YOLIANNY,FINALIZADO,SUPERVISOR,Se reemplaza goma de acople tipo estrella de bomba positiva de tanques de cocción debido a que la instalada presentaba desgaste. Se alinean ejes de bomba y motor.,27/08/2026,9:45:00,27/08/2026,10:10:00,10min,0:25:00
d7efe758,VACÍO,TURNO 1,LINEA 3,TANQUE 6000,TAN-POS-02 /BOMBA POSITIVA,YOLIANNY,FINALIZADO,SUPERVISOR,Se corrige fuga de sistema de lubricación de sello de bomba positiva de tanque de 6000. Se reemplazan racores dañados.,27/08/2026,8:50:00,27/08/2026,8:55:00,,0:05:00
4f3465ad,ASÉPTICO,TURNO 1,LINEA 2,FW32,FW-MAG-04 /MAGAZING DE BOBINAS,YOLIANNY,FINALIZADO,TÉCNICO,"Rodillo de almacén de bobina suelto, el mismo no tiene retén se indica número de parte a planificación para colocarlo en parada",27/08/2026,11:00:00,27/08/2026,11:21:00,,0:21:00
9f5c0188,ASÉPTICO,TURNO 2,LINEA 1,CBP32,CBP-EMP-05 /EMPUJADOR,EUSTORGIO,FINALIZADO,TÉCNICO,Resortes del dolly partidos se cambian y se ajusta distancia del mismo,27/08/2026,19:25:00,27/08/2026,19:55:00,15 minutos,0:30:00
d3e8f06c,ASÉPTICO,TURNO 2,LINEA 1,A3FLEX,A3F-TPO-01 /TPOP DISPLAY,EUSTORGIO,FINALIZADO,TÉCNICO,Falla de TPOP colgado o pegado al cual no le funcionaba el touch se le coloca un mouse y funciona,27/08/2026,21:10:00,27/08/2026,21:22:00,,0:12:00
ce2efbf9,ASÉPTICO,TURNO 2,LINEA 2,A3CFLEX,A3CF-TRA-10 /TRANSPORTADORES,EUSTORGIO,FINALIZADO,TÉCNICO,"Envases atascados en la salida, se ajustan las guías",27/08/2026,15:14:00,27/08/2026,15:23:00,,0:09:00
eb4cb770,ASÉPTICO,TURNO 2,LINEA 3,A3CFLEX,A3CF-TPO-01 /TPOP DISPLAY,EUSTORGIO,FINALIZADO,TÉCNICO,"Papel fuera de guía, se ajustan los cilindros de los escurridores, se ajusta presión y recorrido del cilindro de los rodillos de presión de arrastre de la cámara aséptica, se sacan muchos restos de tira y papel del rodillo del baño de peróxido sin tener resultados se deja para el siguiente turno.",27/08/2026,15:00:00,27/08/2026,22:30:00,,7:30:00
11288717,ASÉPTICO,TURNO 3,LINEA 1,CBP32,CBP-EMP-05 /EMPUJADOR,RICARDO,FINALIZADO,TÉCNICO,"Paso de cartones vacíos hasta la prensa , se ajusta sensor de presencia de cartón en la estación de embalaje",28/08/2026,4:30:00,,4:35:00,5,0:05:00
1411210e,ASÉPTICO,TURNO 3,LINEA 3,A3CFLEX,A3CF-SELL-03 /SELLADO LONGITUDINAL,RICARDO,FINALIZADO,TÉCNICO,"El material de empaque se salía de la guía de corrección de diseño , se descartaron cilindros de rodillos escurridores y cilindro del bendiroll cámara aséptica , finalmente se libera presión de rodillo prensor de la guía de papel mediante leva , realizando un buen sellado logitidinal y manteniéndose estable la posición del papel",28/08/2026,22:30:00,28/08/2026,1:00:00,150,2:30:00
ce02e47b,ASÉPTICO,TURNO 1,LINEA 3,A3CFLEX,A3CF-MES-21 /MESA DE EMPALME,YOLIANNY,FINALIZADO,TÉCNICO,"⛓️‍💥Falla: secuencia de empalme interrumpida.
🛠️Causa: Baja presión de aire.
🪛Solución: Se ajusta presión de calentador de solapas, se encontraba alto.",28/08/2026,9:33:00,28/08/2026,9:44:00,0,0:11:00
f6dd04a4,ASÉPTICO,TURNO 1,LINEA 3,A3CFLEX,A3CF-MOR-14 /MORDAZAS,YOLIANNY,FINALIZADO,TÉCNICO,"⛓️‍💥Falla: Corrección de Diseño.
🛠️Causa: Desconocida.",28/08/2026,9:45:00,28/08/2026,9:51:00,0,0:06:00
ebe7608d,ASÉPTICO,TURNO 1,LINEA 3,CBP32,CBP-FOR-02 /FORMACION DE PATRON,YOLIANNY,FINALIZADO,TÉCNICO,"⛓️‍💥Falla: Sensor puerta abierta.
🛠️Causa: Sensor alejado.
🪛Solución: Se ajusta posición de sensor.",28/08/2026,12:00:00,28/08/2026,12:07:00,0,0:07:00
b5170260,ASÉPTICO,TURNO 1,LINEA 3,A3CFLEX,A3CF-ASE-01 /CAMARA ASEPTICA,YOLIANNY,FINALIZADO,TÉCNICO,"⛓️‍💥Falla: Rodillo péndulo.
🛠️Causa: desconocida.
🪛Solución: Se hala tubo para mejorar la posición del rodillo péndulo.",28/08/2026,14:00:00,28/08/2026,14:37:00,0,0:37:00
34e4ea4f,ASÉPTICO,TURNO 1,LINEA 1,CBP32,CBP-PLA-04 /PLACA DE TRANSFERENCIA,YOLIANNY,FINALIZADO,TÉCNICO,"⛓️‍💥Falla: Posición de bandeja.
🛠️Causa: Sensor sucio.
🪛Solución: Se realiza ajuste de sensor.",28/08/2026,10:10:00,28/08/2026,10:22:00,0,0:12:00
4a50f58e,VACÍO,TURNO 2,LINEA 3,TECMI,TEC-PAN-11 /PANEL DE CONTROL,EUSTORGIO,FINALIZADO,SUPERVISOR,"Falla en el suministro de 24 voltios DC, se remplazan los positivos del PLC y del panel de control",28/08/2026,15:30:00,28/08/2026,18:40:00,20,3:10:00
1a38202e,VACÍO,TURNO 2,LINEA 1,LLENADORA ELMAR,LLE-VAL-05 /VALVULAS DE LLENADO,EUSTORGIO,FINALIZADO,SUPERVISOR,"Se instalan las válvulas de llenado reparadas por completo, quedando pendiente lubricar y probar",28/08/2026,15:30:00,28/08/2026,22:00:00,40,6:30:00
cc12b2ff,VACÍO,TURNO 2,LINEA 3,TUNEL,TUN-MALL-02 /MALLA TUNEL,RICARDO,FINALIZADO,SUPERVISOR,"Se rompe transportador de salida del túnel, se remplazan 10 eslanones",31/08/2026,20:30:00,31/08/2026,21:30:00,30,1:00:00
8bbd45bd,VACÍO,TURNO 3,LINEA 3,ROBOT MOTOMAN,ROB-GAR-03 /GARRA,YOLIANNY,FINALIZADO,SUPERVISOR,Fuga neumática en cilindro de garra. Se reemplaza racor dañado.,1/09/2026,0:00:00,01/09/2026,0:20:00,10min,0:20:00
000c4281,VACÍO,TURNO 3,LINEA 3,TECMI,TEC-MES-06 /MESAS DE LONAS,YOLIANNY,FINALIZADO,SUPERVISOR,Falla de envoltura de cajas. Se ajusta parámetro de longitud de polietileno. Se sincroniza máquina.,1/09/2026,3:50:00,01/09/2026,4:10:00,,0:20:00
de8e7c98,ASÉPTICO,TURNO 3,LINEA 1,FLEX,FLEX-ELE-12 /SUMINISTRO ELÉCTRICO,YOLIANNY,FINALIZADO,TÉCNICO,Caída de suministro eléctrico,1/09/2026,0:00:00,01/09/2026,2:10:00,,2:10:00
ef262be7,ASÉPTICO,TURNO 3,LINEA 1,A3FLEX,A3F-TPO-01 /TPOP DISPLAY,YOLIANNY,FINALIZADO,TÉCNICO,"Líne control en error al bajar y subir receta en el mismo si cargo erróneamente para 1000 cc lo que ocasiona error en la llenadora, se tuvo que bajar programa y reiniciar",1/09/2026,2:10:00,01/09/2026,2:50:00,,0:40:00
0d0ad5c1,ASÉPTICO,TURNO 3,LINEA 1,A3FLEX,A3F-PULL-18 /PULL DOWN PLEGADORA,YOLIANNY,FINALIZADO,TÉCNICO,"Alarma de desincronización de la plegadora, por momentos se percibe ruido anormal, se intenta ubicar de dónde viene pero luego este no se escucha másn y no se presenta más la alarma hasta casi finalizando el turno, se debe seguir el monitoreo",1/09/2026,3:00:00,01/09/2026,3:20:00,,0:20:00
fd0f4b69,ASÉPTICO,TURNO 3,LINEA 1,A3FLEX,A3F-MES-21 /MESA DE EMPALME,YOLIANNY,FINALIZADO,,"En ocasiones se presentó alarma de sensor de empalme, no detuvo la máquina pero generó descartes",1/09/2026,6:42:00,01/09/2026,6:42:01,,0:00:01
fd1b9e89,ASÉPTICO,TURNO 3,LINEA 1,CBP32,CBP-FOR-02 /FORMACION DE PATRON,YOLIANNY,FINALIZADO,TÉCNICO,"Solapa derecha despegada, se ajusta prensa",1/09/2026,4:30:00,01/09/2026,4:40:00,,0:10:00
292f1739,ASÉPTICO,TURNO 3,LINEA 1,A3FLEX,A3F-SEG-08 /SISTEMA DE SEGURIDAD,YOLIANNY,FINALIZADO,TÉCNICO,Alarma de puerta abierta en una ocasión,1/09/2026,6:00:00,01/09/2026,6:05:00,,0:05:00
ecf252a2,VACÍO,TURNO 3,LINEA 3,TECMI,TEC-ROD-08 /RODILLO DESBOBINADOR,YOLIANNY,FINALIZADO,SUPERVISOR,"Desbobinado en exceso. Al inspeccionar se observa que la estructura del rodillo tensor se encontraba floja. Se ubica tuerca, se coloca y se enfoca nuevamente sensor.",1/09/2026,5:15:00,01/09/2026,5:45:00,5min,0:30:00
5bc948b6,ASÉPTICO,TURNO 1,LINEA 2,HELIX,HEL-DIS-10 /DISPLAY,EUSTORGIO,FINALIZADO,TÉCNICO,"Relé de seguridad puerta abierta, se reinicia el PLUTO",1/09/2026,14:10:00,01/09/2026,14:20:00,,0:10:00
de85f909,ASÉPTICO,TURNO 1,LINEA 2,A3CFLEX,A3CF-ASE-01 /CAMARA ASEPTICA,EUSTORGIO,FINALIZADO,TÉCNICO,Se cae programa por baja presión en cámara aséptica se desconoce la falla,1/09/2026,14:12:00,01/09/2026,14:12:01,,0:00:01
31b853e4,ASÉPTICO,TURNO 1,LINEA 1,CBP32,CBP-FOR-02 /FORMACION DE PATRON,EUSTORGIO,FINALIZADO,TÉCNICO,"Cajas con solapas despegadas,  se ajusta altura de prensa y punto de pega",1/09/2026,12:00:00,01/09/2026,12:40:00,,0:40:00
8fa085d5,ASÉPTICO,TURNO 1,LINEA 1,A3FLEX,A3F-COR-17 /CORREA ALIM PLEGADORA,EUSTORGIO,FINALIZADO,TÉCNICO,"Error de sincronización de plegador. Sensor de correa de alimentación fuera de pocision, se ajusta a pocision correcta y queda operativa.",1/09/2026,12:30:00,01/09/2026,13:15:00,,0:45:00
53513436,ASÉPTICO,TURNO 2,LINEA 1,CBP32,CBP-GRA-15 /UNIDAD WRAP,RICARDO,FINALIZADO,TÉCNICO,"Solapas lateral despegada , se ajusta altura de la prensa",1/09/2026,17:30:00,01/09/2026,17:50:00,20,0:20:00
76c22654,ASÉPTICO,TURNO 2,LINEA 1,CBP32,CBP-FOR-02 /FORMACION DE PATRON,RICARDO,FINALIZADO,TÉCNICO,"Caída de envases , se ajusta guía superior del agrupador",1/09/2026,18:00:00,01/09/2026,18:15:00,15,0:15:00
1226a497,ASÉPTICO,TURNO 2,LINEA 1,CBP32,CBP-CAD-07 /CADENA ARRASTRADORA,RICARDO,FINALIZADO,TÉCNICO,"Cadena arrastradora se sale del piñon, se ajusta tensión a la cadena",1/09/2026,21:30:00,01/09/2026,22:00:00,30,0:30:00
84375a28,ASÉPTICO,TURNO 2,LINEA 2,A3CFLEX,A3CF-ASE-01 /CAMARA ASEPTICA,RICARDO,FINALIZADO,TÉCNICO,"Caída del programa por baja presión en la cámara aséptica , se limpian filtros del circuito de aire estéril y se cambia anillo obturador",1/09/2026,17:00:00,01/09/2026,18:00:00,60,1:00:00
5ef2d55b,ASÉPTICO,TURNO 3,LINEA 1,A3FLEX,A3F-COR-17 /CORREA ALIM PLEGADORA,YOLIANNY,FINALIZADO,TÉCNICO,Error de sincronización de plegadora debido a que uno de los sensores ( el de la base adaptada)  estaba desenfocado se ajusta y queda operativa.,2/09/2026,0:00:00,02/09/2026,0:53:00,,0:53:00
a808b6ba,ASÉPTICO,TURNO 3,LINEA 2,FW32,FW-TRA-06 /UNIDAD TRANSF TREEPACK,YOLIANNY,FINALIZADO,TÉCNICO,"Uno de los dedos que empuja el tripak está flojo debido a que lee faltaban dos tornillos que lleva de los costados (312145-0220) se le quitan a línea tres y se deja operativa la dos, no obstante se consiguen unos y se le adaptan línea 3. En almacén no hay dicho tornillo.",2/09/2026,0:54:00,02/09/2026,1:47:00,,0:53:00
db5d5157,ASÉPTICO,TURNO 3,LINEA 1,A3FLEX,A3F-PULL-18 /PULL DOWN PLEGADORA,YOLIANNY,FINALIZADO,TÉCNICO,"Durante el turno se presentó mucho falla de atasco en plegadora en la cual se ajustaron los sensores de posición, se referenció la plegadora y continúa con la falla continuar monitoreando.",2/09/2026,2:00:00,02/09/2026,2:47:00,,0:47:00
ee59d073,ASÉPTICO,TURNO 3,LINEA 1,CBP32,CBP-CAD-07 /CADENA ARRASTRADORA,YOLIANNY,FINALIZADO,TÉCNICO,Bandeja de cartón fuera de posición debido a que los arrastrasores estaban muy abiertos se ajusta y queda totalmente operativa,2/09/2026,3:04:00,02/09/2026,3:45:00,,0:41:00
95e3e02c,ASÉPTICO,TURNO 1,LINEA 3,A3CFLEX,A3CF-MOR-14 /MORDAZAS,EUSTORGIO,FINALIZADO,,"Falla de corrección de Diseño, se verifican rodillos seguidores de levas y TMCC, se baja presión en el rodillo péndulo y se sube el parámetro de corrección de diseño.",2/09/2026,7:00:00,02/09/2026,8:30:00,,1:30:00
b9c93778,ASÉPTICO,TURNO 1,LINEA 2,A3CFLEX,A3CF-HI-28 /BAJA TEMPERATURA HI,EUSTORGIO,FINALIZADO,TÉCNICO,"Se cae llenadora por baja temperatura en HI, se verifican las temperaturas de la Termocupla del super calentador, no se nota una mala temperatura por TPOP, se presume boquilla del HI tapada. Máquina en limpieza.",2/09/2026,12:10:00,02/09/2026,13:20:00,,1:10:00
061d6e85,ASÉPTICO,TURNO 3,LINEA 1,A3FLEX,A3F-MOR-14 /MORDAZAS,YOLIANNY,FINALIZADO,TÉCNICO,"Envase deformado luego del corte y sellado, se observa que envase se queda pegado en una mordaza, al revisar se observa flap de corrección pegado, al revisar el aceite en la caja se ve que no tenía aceite, se procedió a recargar ambas cajas de Mecanismo de corrección",3/09/2026,0:00:00,03/09/2026,1:20:00,,1:20:00
fdc41e67,ASÉPTICO,TURNO 1,LINEA 3,A3CFLEX,A3CF-APL-22 APLICADOR DE TIRA,EUSTORGIO,FINALIZADO,TÉCNICO,"Desprendimiento de tira en el elemento, se verifica medida por manual y el elemento del aplicador de tira tenía la medida incorrecta, se ajusta según manual y se le realiza limpieza a boquilla de aire ya que estaba obstruida por  restos de material. Luego al arrancar arroja la falla de elemento del aplicador de tira posición incorrecta, se desplaza sensor a la medida de su posición.",3/09/2026,7:20:00,03/09/2026,8:45:00,,1:25:00
d9283333,ASÉPTICO,TURNO 1,LINEA 1,A3FLEX,A3F-REF-20 /SISTEMA REFRIGERACION,EUSTORGIO,FINALIZADO,TÉCNICO,"Sistema de agua de enfriamiento, baja presión de circulación de agua, se sube presión al sistema.",3/09/2026,12:20:00,03/09/2026,13:00:00,,0:40:00
ad276832,ASÉPTICO,TURNO 1,LINEA 2,CBP32,CBP-MAG-13 / MAGAZINE DE CARTONES,EUSTORGIO,FINALIZADO,TÉCNICO,"Problemas con el agarre del cartón, ventosas con presencia de humedad. Se limpian la misma y ajustes del carro con respecto al cartón.",3/09/2026,12:40:00,03/09/2026,13:15:00,,0:35:00
47d4fb08,ASÉPTICO,TURNO 2,LINEA 1,CBP32,CBP-FOR-02 /FORMACION DE PATRON,RICARDO,FINALIZADO,TÉCNICO,"Colisión de envases con el empujador del agrupador , se ajusta posición atrasada por TPOP",3/09/2026,19:00:00,03/09/2026,19:15:00,15,0:15:00
3e39f63c,ASÉPTICO,TURNO 2,LINEA 1,CBP32,CBP-MAG-13 / MAGAZINE DE CARTONES,RICARDO,FINALIZADO,TÉCNICO,Caída de bandejas de forma incorrecta se ajusta magazine de cartón,3/09/2026,20:00:00,03/09/2026,20:10:00,10,0:10:00
cb8ef7ba,ASÉPTICO,TURNO 2,LINEA 2,A3CFLEX,A3CF-TPO-01 /TPOP DISPLAY,RICARDO,FINALIZADO,TÉCNICO,Falla domino se aplica limpieza,3/09/2026,16:00:00,03/09/2026,16:40:00,40,0:40:00
f8e3a7d4,VACÍO,TURNO 3,LINEA 1,ROBOT TAVIL,TAV-TRA-07 /TRANSPORTADOR BATERIA/LINEA,YOLIANNY,FINALIZADO,TÉCNICO,"Ruptura de correa de salida CBP32 y reemplazo de correa de empujador. Se ingresa a almacén de repuestos, se retira e instalan correas.",4/09/2026,2:54:55,04/09/2026,4:44:00,15min,1:49:05
844e4b0c,ASÉPTICO,TURNO 3,LINEA 1,TAVIL,TAV-TRA-07 /TRANSPORTADOR BATERIA/LINEA,YOLIANNY,FINALIZADO,TÉCNICO,"Ruptura de correa de salida CBP32 y reemplazo de correa de empujador. Se ingresa a almacén de repuestos, se retira e instalan correas.",4/09/2026,2:54:00,04/09/2026,4:44:00,15min,1:50:00
5cb8f2bb,ASÉPTICO,TURNO 3,LINEA 2,TAVIL,TAV-TRA-07 /TRANSPORTADOR BATERIA/LINEA,YOLIANNY,FINALIZADO,TÉCNICO,Ruptura y reemplazo de correas en línea litro.,4/09/2026,3:00:00,04/09/2026,4:42:00,,1:42:00
1a5b4dbf,ASÉPTICO,TURNO 3,LINEA 3,TAVIL,TAV-TRA-07 /TRANSPORTADOR BATERIA/LINEA,YOLIANNY,FINALIZADO,TÉCNICO,Ruptura h reemplazo de correas de línea litro.,4/09/2026,3:00:00,04/09/2026,4:42:00,,1:42:00
ad8ed8a7,ASÉPTICO,TURNO 3,LINEA 2,TAVIL,TAV-TRA-07 /TRANSPORTADOR BATERIA/LINEA,YOLIANNY,FINALIZADO,TÉCNICO,Salida de correa de salida de CBP32. Se coloca nuevamente y se ajusta tensión.,4/09/2026,0:00:00,04/09/2026,0:37:00,,0:37:00
8b2d06cf,ASÉPTICO,TURNO 3,LINEA 3,A3CFLEX,A3CF-APL-22 APLICADOR DE TIRA,YOLIANNY,FINALIZADO,TÉCNICO,"Sensor de posición del Elemento dañado, se sustituye por un nuevo se ajusta y queda operativa la máquina.",4/09/2026,0:30:00,04/09/2026,1:32:00,,1:02:00
abd29fa8,ASÉPTICO,TURNO 3,LINEA 3,A3CFLEX,A3CF-ASE-01 /CAMARA ASEPTICA,YOLIANNY,FINALIZADO,TÉCNICO,Alarma de recodo lleno se ajusta presión del rodillo péndulo y queda bajo observación.,4/09/2026,2:00:00,04/09/2026,2:25:00,,0:25:00
bd060228,ASÉPTICO,TURNO 1,LINEA 1,CBP32,CBP-GRA-15 /UNIDAD WRAP,EUSTORGIO,FINALIZADO,TÉCNICO,"Cajas volteadas en salida, se ajustan cilindros topes de cajas.",4/09/2026,12:30:00,04/09/2026,13:10:00,,0:40:00
ca4d1d0d,ASÉPTICO,TURNO 1,LINEA 2,CBP32,CBP-TRA-10 /TRANSPORTADORES,EUSTORGIO,FINALIZADO,TÉCNICO,"Cajas atascadas en salida del transportador, rodillo guía caído. Se ajusta brazo del rodillo.",4/09/2026,13:40:00,04/09/2026,13:55:00,,0:15:00
eca019e5,VACÍO,TURNO 2,LINEA 3,TECMI,TEC-VEN-02 /VENTOSAS DE VACIO,,FINALIZADO,,Ventosas no realizan succión. Se observa desfase de ventosas (no se encontraban alineadas) se ajusta posición de ventosas y se cargan parámetros,7/09/2026,15:20:00,07/09/2026,16:00:00,,0:40:00
f7b0d799,VACÍO,TURNO 2,LINEA 3,TUNEL,TUN-PAN-06 /PANEL DE CONTROL,YOLIANNY,FINALIZADO,SUPERVISOR,Soplador no enciende. Se observa que no acciona por pantalla. Se acciona de forma manual relé de accionamiento. Queda pendiente revisar señal de PLC para su encendido automático (por pantalla),7/09/2026,16:00:00,07/09/2026,16:01:00,,0:01:00
5314d33d,ASÉPTICO,TURNO 2,LINEA 3,A3CFLEX,A3CF-LLE-06 /SISTEMA DE LLENADO,YOLIANNY,FINALIZADO,TÉCNICO,"envases con picos despegados, se ajustan levas de volumen y nitrógeno",7/09/2026,16:30:00,07/09/2026,17:10:00,Sat Dec 30 1899 17:10:00 GMT-0427 (hora de Venezuela),0:40:00
9c7417cd,ASÉPTICO,TURNO 2,LINEA 3,A3CFLEX,A3CF-SEG-11 /SISTEMA SEGURIDAD,YOLIANNY,FINALIZADO,TÉCNICO,"alarma de puerta abierta en el ASU , se sustituye candado por sensor original ,en la puerta del aplicador de tira",7/09/2026,17:30:00,07/09/2026,17:35:00,Sat Dec 30 1899 17:35:00 GMT-0427 (hora de Venezuela),0:05:00
40373d2c,VACÍO,TURNO 3,LINEA 3,TUNEL,TUN-TRAS-03 /TRASNPORTADOR ENTRADA-SALIDA,EUSTORGIO,FINALIZADO,SUPERVISOR,"Atasco de envases en la salida del túnel, por guías sueltas, se realizan ajustes para darle continuidad a la producción",8/09/2026,1:09:00,08/09/2026,1:39:00,5,0:30:00
b8cd43fd,VACÍO,TURNO 3,LINEA 3,ETIQUETADORA,ETIQ-MAG-07 /MAGAZIN DE ETIQUETAS,EUSTORGIO,FINALIZADO,SUPERVISOR,"Mal etiquetado, por etiquetas deformadas, se realizan ajustes en magazzine",8/09/2026,3:12:00,08/09/2026,3:52:00,10,0:40:00
4460bd72,ASÉPTICO,TURNO 1,LINEA 3,TAVIL,TAV-VAC-02 /PALET VACÍO,RICARDO,FINALIZADO,TÉCNICO,Paletas atascadas,8/09/2026,7:00:00,08/09/2026,8:01:00,,1:01:00
e40eae91,ASÉPTICO,TURNO 1,LINEA 1,TAVIL,TAV-VAC-02 /PALET VACÍO,RICARDO,FINALIZADO,TÉCNICO,Paleta atascada,8/09/2026,7:00:00,08/09/2026,7:30:00,,0:30:00
ce2692a0,ASÉPTICO,TURNO 1,LINEA 1,A3FLEX,A3F-GEN-24 /CAMBIO GENERADOR,RICARDO,FINALIZADO,TÉCNICO,Cambio generadores,8/09/2026,10:53:00,08/09/2026,11:06:00,,0:13:00
42e5f0a0,ASÉPTICO,TURNO 1,LINEA 3,A3CFLEX,A3CF-ELE-25 /SUMINISTRO ELÉCTRICO,RICARDO,FINALIZADO,TÉCNICO,Cambio a generadores,8/09/2026,10:45:00,08/09/2026,11:02:00,,0:17:00
32851bf8,ASÉPTICO,TURNO 1,LINEA 3,TAVIL,TAV-VAC-02 /PALET VACÍO,RICARDO,FINALIZADO,TÉCNICO,Paleta atascada,8/09/2026,12:58:00,08/09/2026,13:07:00,,0:09:00
67a26460,VACÍO,TURNO 1,LINEA 3,ETIQUETADORA,ETIQ-MAG-07 /MAGAZIN DE ETIQUETAS,RICARDO,FINALIZADO,SUPERVISOR,"Falla: Envases sin etiquetas.

Solución: Se procede a sustituir tornillo lateral y rectificar cabeza del tornillo, esto con la finalidad de evitar que el envase golpee con la uña. Por otro lado, se posiciona punto de pega y se ajusta uñas frontales.",8/09/2026,7:30:00,08/09/2026,9:00:00,,1:30:00
5efcadaf,ASÉPTICO,TURNO 1,LINEA 3,FW32,FW-TRA-06 /UNIDAD TRANSF TREEPACK,RICARDO,FINALIZADO,TÉCNICO,Caída de treepack. Se limpian flautas,8/09/2026,11:33:00,08/09/2026,11:44:00,,0:11:00
44b59f6b,VACÍO,TURNO 2,LINEA 3,ETIQUETADORA,ETIQ-TUL-03 /TULIPAS,YOLIANNY,FINALIZADO,SUPERVISOR,Ruptura de tulipa #11. Se reemplaza tulipa y se ajusta realiza limpieza de máquina. Se verifica punto de pega de pistola #1 y el sprayado se encuentra conforme.,8/09/2026,16:17:00,08/09/2026,16:30:00,6min,0:13:00
979f86a2,ASÉPTICO,TURNO 1,LINEA 1,CBP32,CBP-EMP-05 /EMPUJADOR,RICARDO,FINALIZADO,TÉCNICO,Se parte resorte de dolly. Se remplazan,8/09/2026,14:20:00,08/09/2026,14:40:00,,0:20:00
5b4f6bc5,ASÉPTICO,TURNO 2,LINEA 1,A3FLEX,A3F-ELE-25 SUMINISTRO ELÉCTRICO,YOLIANNY,FINALIZADO,TÉCNICO,Caída de suministro electrico,8/09/2026,19:20:00,08/09/2026,22:30:00,,3:10:00
787223b7,ASÉPTICO,TURNO 2,LINEA 3,A3CFLEX,A3CF-ELE-25 /SUMINISTRO ELÉCTRICO,YOLIANNY,FINALIZADO,TÉCNICO,Caída de suministro,8/09/2026,19:20:00,08/09/2026,22:30:00,,3:10:00
7053af0f,ASÉPTICO,TURNO 3,LINEA 3,A3CFLEX,A3CF-HI-28 /BAJA TEMPERATURA HI,EUSTORGIO,FINALIZADO,TÉCNICO,"Vaciado lento en el sistema de pulverización, se desmonta boquilla del filtro de bola para realizarle limpieza y se sube la presión de 2.5 a 2.8 PSi",9/09/2026,1:30:00,09/09/2026,1:49:00,,0:19:00
a5cfdfee,ASÉPTICO,TURNO 3,LINEA 1,TAVIL,TAV-TRA-07 /TRANSPORTADOR BATERIA/LINEA,EUSTORGIO,FINALIZADO,TÉCNICO,"Problemas con el cilindro empujador de batería, sensor inductivo inferior partido, para no detener producción se ajusta el mismo. Queda pendiente reemplazo del mismo",9/09/2026,4:30:00,09/09/2026,4:45:00,,0:15:00
2119ed7f,ASÉPTICO,TURNO 1,LINEA 3,A3CFLEX,A3CF-ELE-25 /SUMINISTRO ELÉCTRICO,RICARDO,FINALIZADO,TÉCNICO,Caída de suministro eléctrico,9/09/2026,8:00:00,09/09/2026,11:00:00,,3:00:00